{"type":"FeatureCollection","features":[{"type":"Feature","geometry":{"type":"Point","coordinates":[36.305,33.513542]},"properties":{"id":"aea17b7","name":"Abana","slug":"abana","types":["river"],"primaryType":"river","longitude":36.305,"latitude":33.513542,"coordinateType":"representative point","verseCount":1,"identificationId":"m39ac0b","geometryId":"g3513e7"}},{"type":"Feature","geometry":{"type":"Point","coordinates":[35.7152,31.7539]},"properties":{"id":"aa8275b","name":"Abarim","slug":"abarim","types":["mountain range"],"primaryType":"mountain range","longitude":35.7152,"latitude":31.7539,"coordinateType":"representative point","verseCount":5,"identificationId":"m207993","geometryId":"g3d49f6"}},{"type":"Feature","geometry":{"type":"Point","coordinates":[35.161916,33.047692]},"properties":{"id":"a72a1ff","name":"Abdon","slug":"abdon","types":["settlement"],"primaryType":"settlement","longitude":35.161916,"latitude":33.047692,"coordinateType":"point","verseCount":2,"identificationId":"m2bcf45","geometryId":null}},{"type":"Feature","geometry":{"type":"Point","coordinates":[35.581007,33.258051]},"properties":{"id":"abffcaa","name":"Abel-beth-maacah","slug":"abel-beth-maacah","types":["settlement"],"primaryType":"settlement","longitude":35.581007,"latitude":33.258051,"coordinateType":"point","verseCount":6,"identificationId":"m1d43c6","geometryId":null}},{"type":"Feature","geometry":{"type":"Point","coordinates":[36.00486,31.87561]},"properties":{"id":"a957c5b","name":"Abel-keramim","slug":"abel-keramim","types":["settlement"],"primaryType":"settlement","longitude":36.00486,"latitude":31.87561,"coordinateType":"point","verseCount":1,"identificationId":"m4433dc","geometryId":null}},{"type":"Feature","geometry":{"type":"Point","coordinates":[35.56089,32.3743]},"properties":{"id":"a5a1bdd","name":"Abel-meholah","slug":"abel-meholah","types":["settlement"],"primaryType":"settlement","longitude":35.56089,"latitude":32.3743,"coordinateType":"point","verseCount":3,"identificationId":"mfd4ced","geometryId":null}},{"type":"Feature","geometry":{"type":"Point","coordinates":[35.530445,31.914888]},"properties":{"id":"a70ac98","name":"Abel-mizraim","slug":"abel-mizraim","types":["settlement"],"primaryType":"settlement","longitude":35.530445,"latitude":31.914888,"coordinateType":"point","verseCount":1,"identificationId":"m4ba77e","geometryId":null}},{"type":"Feature","geometry":{"type":"Point","coordinates":[35.67368,31.84018]},"properties":{"id":"a51d1fa","name":"Abel-shittim","slug":"abel-shittim","types":["campsite"],"primaryType":"campsite","longitude":35.67368,"latitude":31.84018,"coordinateType":"point","verseCount":1,"identificationId":"af64fb3","geometryId":null}},{"type":"Feature","geometry":{"type":"Point","coordinates":[35.29,32.6057]},"properties":{"id":"a549c0f","name":"Abiezer","slug":"abiezer","types":["people group"],"primaryType":"people group","longitude":35.29,"latitude":32.6057,"coordinateType":"center","verseCount":1,"identificationId":"abd637f","geometryId":"g6799b6"}},{"type":"Feature","geometry":{"type":"Point","coordinates":[35.855908,31.905663]},"properties":{"id":"a818a40","name":"Abila","slug":"abila","types":["settlement"],"primaryType":"settlement","longitude":35.855908,"latitude":31.905663,"coordinateType":"point","verseCount":0,"identificationId":"me7b1fa","geometryId":null}},{"type":"Feature","geometry":{"type":"Point","coordinates":[36.105833,33.626667]},"properties":{"id":"a276d01","name":"Abila Lysaniou","slug":"abila-lysaniou","types":["settlement"],"primaryType":"settlement","longitude":36.105833,"latitude":33.626667,"coordinateType":"point","verseCount":0,"identificationId":"m917b6c","geometryId":null}},{"type":"Feature","geometry":{"type":"Point","coordinates":[36.105833,33.626667]},"properties":{"id":"a498faa","name":"Abilene","slug":"abilene","types":["region"],"primaryType":"region","longitude":36.105833,"latitude":33.626667,"coordinateType":"representative point","verseCount":1,"identificationId":"a276d01","geometryId":"ge72c1b"}},{"type":"Feature","geometry":{"type":"Point","coordinates":[34.999999,29.530676]},"properties":{"id":"a7560c2","name":"Abronah","slug":"abronah","types":["campsite"],"primaryType":"campsite","longitude":34.999999,"latitude":29.530676,"coordinateType":"point","verseCount":2,"identificationId":"af0ac29","geometryId":null}},{"type":"Feature","geometry":{"type":"Point","coordinates":[44.391944,33.025556]},"properties":{"id":"a8b7a6b","name":"Accad","slug":"accad","types":["settlement"],"primaryType":"settlement","longitude":44.391944,"latitude":33.025556,"coordinateType":"point","verseCount":1,"identificationId":"m15dbe7","geometryId":null}},{"type":"Feature","geometry":{"type":"Point","coordinates":[35.088333,32.921111]},"properties":{"id":"a5f4dfc","name":"Acco","slug":"acco","types":["settlement"],"primaryType":"settlement","longitude":35.088333,"latitude":32.921111,"coordinateType":"point","verseCount":1,"identificationId":"mac4103","geometryId":null}},{"type":"Feature","geometry":{"type":"Point","coordinates":[22.54,38.72]},"properties":{"id":"aef4242","name":"Achaia","slug":"achaia","types":["region"],"primaryType":"region","longitude":22.54,"latitude":38.72,"coordinateType":"representative point","verseCount":10,"identificationId":"m402935","geometryId":"g6b9f35"}},{"type":"Feature","geometry":{"type":"Point","coordinates":[35.09027,32.75885]},"properties":{"id":"a8ce5c4","name":"Achshaph","slug":"achshaph","types":["settlement"],"primaryType":"settlement","longitude":35.09027,"latitude":32.75885,"coordinateType":"point","verseCount":3,"identificationId":"md7c132","geometryId":null}},{"type":"Feature","geometry":{"type":"Point","coordinates":[34.953019,31.642074]},"properties":{"id":"a2270e4","name":"Achzib 1","slug":"achzib-1","types":["settlement"],"primaryType":"settlement","longitude":34.953019,"latitude":31.642074,"coordinateType":"point","verseCount":2,"identificationId":"m7d8664","geometryId":null}},{"type":"Feature","geometry":{"type":"Point","coordinates":[35.102652,33.048278]},"properties":{"id":"ad0d82f","name":"Achzib 2","slug":"achzib-2","types":["settlement"],"primaryType":"settlement","longitude":35.102652,"latitude":33.048278,"coordinateType":"point","verseCount":2,"identificationId":"m9f46c4","geometryId":null}},{"type":"Feature","geometry":{"type":"Point","coordinates":[34.97907,31.15214]},"properties":{"id":"abf4481","name":"Adadah","slug":"adadah","types":["settlement"],"primaryType":"settlement","longitude":34.97907,"latitude":31.15214,"coordinateType":"point","verseCount":1,"identificationId":"m51f61c","geometryId":null}},{"type":"Feature","geometry":{"type":"Point","coordinates":[35.546789,32.103933]},"properties":{"id":"adc31c7","name":"Adam","slug":"adam","types":["settlement"],"primaryType":"settlement","longitude":35.546789,"latitude":32.103933,"coordinateType":"point","verseCount":1,"identificationId":"me34143","geometryId":null}},{"type":"Feature","geometry":{"type":"Point","coordinates":[35.459722,32.799722]},"properties":{"id":"afe1143","name":"Adamah","slug":"adamah","types":["settlement"],"primaryType":"settlement","longitude":35.459722,"latitude":32.799722,"coordinateType":"point","verseCount":1,"identificationId":"m3d8db3","geometryId":null}},{"type":"Feature","geometry":{"type":"Point","coordinates":[35.459167,32.749167]},"properties":{"id":"a2c780b","name":"Adami-nekeb","slug":"adami-nekeb","types":["settlement"],"primaryType":"settlement","longitude":35.459167,"latitude":32.749167,"coordinateType":"point","verseCount":1,"identificationId":"m500952","geometryId":null}},{"type":"Feature","geometry":{"type":"Point","coordinates":[35.16363,31.84881]},"properties":{"id":"a6e831d","name":"Adasa","slug":"adasa","types":["settlement"],"primaryType":"settlement","longitude":35.16363,"latitude":31.84881,"coordinateType":"point","verseCount":0,"identificationId":"mbbf7eb","geometryId":null}},{"type":"Feature","geometry":{"type":"Point","coordinates":[34.484081,30.583378]},"properties":{"id":"aaee94d","name":"Addar","slug":"addar","types":["settlement","special"],"primaryType":"settlement","longitude":34.484081,"latitude":30.583378,"coordinateType":"point","verseCount":1,"identificationId":"a3f301c","geometryId":null}},{"type":"Feature","geometry":{"type":"Point","coordinates":[44.422222,32.543333]},"properties":{"id":"a95b373","name":"Addon","slug":"addon","types":["settlement","special"],"primaryType":"settlement","longitude":44.422222,"latitude":32.543333,"coordinateType":"representative point","verseCount":2,"identificationId":"a8394b8","geometryId":"g523915"}},{"type":"Feature","geometry":{"type":"Point","coordinates":[34.951764,31.963319]},"properties":{"id":"a845493","name":"Adithaim","slug":"adithaim","types":["settlement"],"primaryType":"settlement","longitude":34.951764,"latitude":31.963319,"coordinateType":"point","verseCount":1,"identificationId":"m933319","geometryId":null}},{"type":"Feature","geometry":{"type":"Point","coordinates":[35.449223,31.20849]},"properties":{"id":"a41a054","name":"Admah","slug":"admah","types":["settlement"],"primaryType":"settlement","longitude":35.449223,"latitude":31.20849,"coordinateType":"representative point","verseCount":5,"identificationId":"a4a5cce","geometryId":"g9db00b"}},{"type":"Feature","geometry":{"type":"Point","coordinates":[35.0275,31.50506]},"properties":{"id":"ae16cf5","name":"Adoraim","slug":"adoraim","types":["settlement"],"primaryType":"settlement","longitude":35.0275,"latitude":31.50506,"coordinateType":"point","verseCount":1,"identificationId":"m6b0e6d","geometryId":null}},{"type":"Feature","geometry":{"type":"Point","coordinates":[26.932716,39.500667]},"properties":{"id":"a184f3a","name":"Adramyttium","slug":"adramyttium","types":["settlement"],"primaryType":"settlement","longitude":26.932716,"latitude":39.500667,"coordinateType":"point","verseCount":1,"identificationId":"me0645b","geometryId":null}},{"type":"Feature","geometry":{"type":"Point","coordinates":[19,38]},"properties":{"id":"adc77fb","name":"Adriatic Sea","slug":"adriatic-sea","types":["body of water"],"primaryType":"body of water","longitude":19,"latitude":38,"coordinateType":"representative point","verseCount":1,"identificationId":"m904265","geometryId":"g283820"}},{"type":"Feature","geometry":{"type":"Point","coordinates":[39.660552,15.263061]},"properties":{"id":"ab7c40f","name":"Adulis","slug":"adulis","types":["settlement"],"primaryType":"settlement","longitude":39.660552,"latitude":15.263061,"coordinateType":"point","verseCount":0,"identificationId":"m63c98b","geometryId":null}},{"type":"Feature","geometry":{"type":"Point","coordinates":[35.001667,31.651667]},"properties":{"id":"af82614","name":"Adullam","slug":"adullam","types":["settlement"],"primaryType":"settlement","longitude":35.001667,"latitude":31.651667,"coordinateType":"point","verseCount":9,"identificationId":"m2d769d","geometryId":null}},{"type":"Feature","geometry":{"type":"Point","coordinates":[35.361505,31.8175]},"properties":{"id":"acf8790","name":"Adummim","slug":"adummim","types":["road"],"primaryType":"road","longitude":35.361505,"latitude":31.8175,"coordinateType":"representative point","verseCount":2,"identificationId":"m9a12db","geometryId":"g10d889"}},{"type":"Feature","geometry":{"type":"Point","coordinates":[35.52821,32.38152]},"properties":{"id":"a112fe3","name":"Aenon","slug":"aenon","types":["settlement"],"primaryType":"settlement","longitude":35.52821,"latitude":32.38152,"coordinateType":"point","verseCount":1,"identificationId":"m394045","geometryId":null}},{"type":"Feature","geometry":{"type":"Point","coordinates":[44.422222,32.543333]},"properties":{"id":"a6c3859","name":"Ahava","slug":"ahava","types":["canal","settlement"],"primaryType":"canal","longitude":44.422222,"latitude":32.543333,"coordinateType":"center","verseCount":3,"identificationId":"a217d18","geometryId":"g86cc5a"}},{"type":"Feature","geometry":{"type":"Point","coordinates":[35.243368,33.317804]},"properties":{"id":"a36348c","name":"Ahlab","slug":"ahlab","types":["settlement"],"primaryType":"settlement","longitude":35.243368,"latitude":33.317804,"coordinateType":"point","verseCount":1,"identificationId":"m8b49f2","geometryId":null}},{"type":"Feature","geometry":{"type":"Point","coordinates":[35.261111,31.916944]},"properties":{"id":"a7e13e1","name":"Ai 1","slug":"ai-1","types":["settlement"],"primaryType":"settlement","longitude":35.261111,"latitude":31.916944,"coordinateType":"point","verseCount":32,"identificationId":"m902bcf","geometryId":null}},{"type":"Feature","geometry":{"type":"Point","coordinates":[35.640041,31.13422]},"properties":{"id":"a2526f8","name":"Ai 2","slug":"ai-2","types":["settlement","special"],"primaryType":"settlement","longitude":35.640041,"latitude":31.13422,"coordinateType":"point","verseCount":1,"identificationId":"me2a356","geometryId":null}},{"type":"Feature","geometry":{"type":"Point","coordinates":[35.261111,31.916944]},"properties":{"id":"a63c70b","name":"Ai 3","slug":"ai-3","types":["settlement"],"primaryType":"settlement","longitude":35.261111,"latitude":31.916944,"coordinateType":"point","verseCount":2,"identificationId":"a7e13e1","geometryId":null}},{"type":"Feature","geometry":{"type":"Point","coordinates":[35.261111,31.916944]},"properties":{"id":"ad053dd","name":"Aiath","slug":"aiath","types":["settlement"],"primaryType":"settlement","longitude":35.261111,"latitude":31.916944,"coordinateType":"point","verseCount":1,"identificationId":"a7e13e1","geometryId":null}},{"type":"Feature","geometry":{"type":"Point","coordinates":[35.261111,31.916944]},"properties":{"id":"aa884e2","name":"Aija","slug":"aija","types":["settlement"],"primaryType":"settlement","longitude":35.261111,"latitude":31.916944,"coordinateType":"point","verseCount":1,"identificationId":"a7e13e1","geometryId":null}},{"type":"Feature","geometry":{"type":"Point","coordinates":[35.023611,31.841111]},"properties":{"id":"a1c600b","name":"Aijalon 1","slug":"aijalon-1","types":["settlement"],"primaryType":"settlement","longitude":35.023611,"latitude":31.841111,"coordinateType":"point","verseCount":8,"identificationId":"m574ccc","geometryId":null}},{"type":"Feature","geometry":{"type":"Point","coordinates":[35.309023,32.814086]},"properties":{"id":"a2e7975","name":"Aijalon 2","slug":"aijalon-2","types":["settlement"],"primaryType":"settlement","longitude":35.309023,"latitude":32.814086,"coordinateType":"point","verseCount":1,"identificationId":"m2797e4","geometryId":null}},{"type":"Feature","geometry":{"type":"Point","coordinates":[35.66791,32.71865]},"properties":{"id":"a89511f","name":"Ain 1","slug":"ain-1","types":["settlement"],"primaryType":"settlement","longitude":35.66791,"latitude":32.71865,"coordinateType":"point","verseCount":1,"identificationId":"m7624ff","geometryId":null}},{"type":"Feature","geometry":{"type":"Point","coordinates":[34.86564,31.38333]},"properties":{"id":"afb265c","name":"Ain 2","slug":"ain-2","types":["settlement"],"primaryType":"settlement","longitude":34.86564,"latitude":31.38333,"coordinateType":"point","verseCount":3,"identificationId":"ab28e2e","geometryId":null}},{"type":"Feature","geometry":{"type":"Point","coordinates":[34.86564,31.38333]},"properties":{"id":"adbc931","name":"Ain 3","slug":"ain-3","types":["settlement"],"primaryType":"settlement","longitude":34.86564,"latitude":31.38333,"coordinateType":"point","verseCount":1,"identificationId":"afb265c","geometryId":null}},{"type":"Feature","geometry":{"type":"Point","coordinates":[35.23288,31.76841]},"properties":{"id":"a040ba5","name":"Akeldama","slug":"akeldama","types":["field"],"primaryType":"field","longitude":35.23288,"latitude":31.76841,"coordinateType":"point","verseCount":2,"identificationId":"m0b0e06","geometryId":null}},{"type":"Feature","geometry":{"type":"Point","coordinates":[35.131259,30.906602]},"properties":{"id":"a39267b","name":"Akrabbim","slug":"akrabbim","types":["mountain pass"],"primaryType":"mountain pass","longitude":35.131259,"latitude":30.906602,"coordinateType":"representative point","verseCount":3,"identificationId":"m2ce754","geometryId":"g57870c"}},{"type":"Feature","geometry":{"type":"Point","coordinates":[35.273498,31.824903]},"properties":{"id":"ad4ad26","name":"Alemeth","slug":"alemeth","types":["settlement"],"primaryType":"settlement","longitude":35.273498,"latitude":31.824903,"coordinateType":"point","verseCount":1,"identificationId":"m71a823","geometryId":null}},{"type":"Feature","geometry":{"type":"Point","coordinates":[29.8965,31.1825]},"properties":{"id":"aee7248","name":"Alexandria","slug":"alexandria","types":["settlement"],"primaryType":"settlement","longitude":29.8965,"latitude":31.1825,"coordinateType":"point","verseCount":4,"identificationId":"m363196","geometryId":null}},{"type":"Feature","geometry":{"type":"Point","coordinates":[35.155668,32.771772]},"properties":{"id":"a84cafa","name":"Allammelech","slug":"allammelech","types":["settlement"],"primaryType":"settlement","longitude":35.155668,"latitude":32.771772,"coordinateType":"point","verseCount":1,"identificationId":"m52fd08","geometryId":null}},{"type":"Feature","geometry":{"type":"Point","coordinates":[35.41064,32.72113]},"properties":{"id":"a00de1e","name":"Allon","slug":"allon","types":["tree"],"primaryType":"tree","longitude":35.41064,"latitude":32.72113,"coordinateType":"settlement","verseCount":1,"identificationId":"a0c4f5e","geometryId":null}},{"type":"Feature","geometry":{"type":"Point","coordinates":[35.241389,31.922778]},"properties":{"id":"af9a894","name":"Allon-bacuth","slug":"allon-bacuth","types":["tree"],"primaryType":"tree","longitude":35.241389,"latitude":31.922778,"coordinateType":"center","verseCount":1,"identificationId":"a64f355","geometryId":"gd07014"}},{"type":"Feature","geometry":{"type":"Point","coordinates":[35.273498,31.824903]},"properties":{"id":"ada3369","name":"Almon","slug":"almon","types":["settlement"],"primaryType":"settlement","longitude":35.273498,"latitude":31.824903,"coordinateType":"point","verseCount":1,"identificationId":"ad4ad26","geometryId":null}},{"type":"Feature","geometry":{"type":"Point","coordinates":[35.826578,31.638727]},"properties":{"id":"aeb052c","name":"Almon-diblathaim","slug":"almon-diblathaim","types":["settlement"],"primaryType":"settlement","longitude":35.826578,"latitude":31.638727,"coordinateType":"point","verseCount":2,"identificationId":"ac99af3","geometryId":null}},{"type":"Feature","geometry":{"type":"Point","coordinates":[33.767493,28.770311]},"properties":{"id":"a32397f","name":"Alush","slug":"alush","types":["campsite"],"primaryType":"campsite","longitude":33.767493,"latitude":28.770311,"coordinateType":"representative point","verseCount":2,"identificationId":"m6dddbb","geometryId":"g54a1c3"}},{"type":"Feature","geometry":{"type":"Point","coordinates":[47.869402,31.782302]},"properties":{"id":"a8527ba","name":"Ama","slug":"ama","types":["settlement"],"primaryType":"settlement","longitude":47.869402,"latitude":31.782302,"coordinateType":"representative point","verseCount":0,"identificationId":"abb1e21","geometryId":"gcb86ef"}},{"type":"Feature","geometry":{"type":"Point","coordinates":[35.023333,32.6725]},"properties":{"id":"a2f1fa1","name":"Amad","slug":"amad","types":["settlement"],"primaryType":"settlement","longitude":35.023333,"latitude":32.6725,"coordinateType":"center","verseCount":1,"identificationId":"a3e21c6","geometryId":"g269a47"}},{"type":"Feature","geometry":{"type":"Point","coordinates":[34.422222,30.648333]},"properties":{"id":"ab95484","name":"Amalek","slug":"amalek","types":["region"],"primaryType":"region","longitude":34.422222,"latitude":30.648333,"coordinateType":"representative point","verseCount":28,"identificationId":"ac2cef0","geometryId":"g3ccc7b"}},{"type":"Feature","geometry":{"type":"Point","coordinates":[34.90684,31.2185]},"properties":{"id":"a3e2b20","name":"Amam","slug":"amam","types":["settlement"],"primaryType":"settlement","longitude":34.90684,"latitude":31.2185,"coordinateType":"point","verseCount":1,"identificationId":"mdaf25b","geometryId":null}},{"type":"Feature","geometry":{"type":"Point","coordinates":[36.031667,33.688889]},"properties":{"id":"ab428de","name":"Amana","slug":"amana","types":["mountain","mountain ridge"],"primaryType":"mountain ridge","longitude":36.031667,"latitude":33.688889,"coordinateType":"representative point","verseCount":1,"identificationId":"m702acc","geometryId":"g66ae51"}},{"type":"Feature","geometry":{"type":"Point","coordinates":[47.869402,31.782302]},"properties":{"id":"adc3294","name":"Amate","slug":"amate","types":["settlement"],"primaryType":"settlement","longitude":47.869402,"latitude":31.782302,"coordinateType":"representative point","verseCount":0,"identificationId":"abb1e21","geometryId":"gcb86ef"}},{"type":"Feature","geometry":{"type":"Point","coordinates":[38.0865,36.7014]},"properties":{"id":"ac5cab3","name":"Amaw","slug":"amaw","types":["region","special"],"primaryType":"region","longitude":38.0865,"latitude":36.7014,"coordinateType":"representative point","verseCount":1,"identificationId":"m6cc8f5","geometryId":"g3750ec"}},{"type":"Feature","geometry":{"type":"Point","coordinates":[35.279535,31.841047]},"properties":{"id":"a8e4a15","name":"Ammah","slug":"ammah","types":["hill"],"primaryType":"hill","longitude":35.279535,"latitude":31.841047,"coordinateType":"representative point","verseCount":1,"identificationId":"mef630c","geometryId":"g22aebc"}},{"type":"Feature","geometry":{"type":"Point","coordinates":[35.9343,31.9547]},"properties":{"id":"a6046fa","name":"Ammon","slug":"ammon","types":["region"],"primaryType":"region","longitude":35.9343,"latitude":31.9547,"coordinateType":"representative point","verseCount":106,"identificationId":"ae067b5","geometryId":"gadb142"}},{"type":"Feature","geometry":{"type":"Point","coordinates":[23.847209,40.820159]},"properties":{"id":"a4bdea7","name":"Amphipolis","slug":"amphipolis","types":["settlement"],"primaryType":"settlement","longitude":23.847209,"latitude":40.820159,"coordinateType":"point","verseCount":1,"identificationId":"m7aac33","geometryId":null}},{"type":"Feature","geometry":{"type":"Point","coordinates":[34.9549,31.4121]},"properties":{"id":"a234727","name":"Anab","slug":"anab","types":["settlement"],"primaryType":"settlement","longitude":34.9549,"latitude":31.4121,"coordinateType":"point","verseCount":2,"identificationId":"mcffb24","geometryId":null}},{"type":"Feature","geometry":{"type":"Point","coordinates":[35.46614,32.653446]},"properties":{"id":"ac07206","name":"Anaharath","slug":"anaharath","types":["settlement"],"primaryType":"settlement","longitude":35.46614,"latitude":32.653446,"coordinateType":"point","verseCount":1,"identificationId":"md54909","geometryId":null}},{"type":"Feature","geometry":{"type":"Point","coordinates":[35.255903,31.771661]},"properties":{"id":"a79606b","name":"Ananiah","slug":"ananiah","types":["settlement"],"primaryType":"settlement","longitude":35.255903,"latitude":31.771661,"coordinateType":"point","verseCount":1,"identificationId":"a4f35bc","geometryId":null}},{"type":"Feature","geometry":{"type":"Point","coordinates":[35.25758,31.80752]},"properties":{"id":"ab34789","name":"Anathoth","slug":"anathoth","types":["settlement"],"primaryType":"settlement","longitude":35.25758,"latitude":31.80752,"coordinateType":"point","verseCount":18,"identificationId":"m780cf1","geometryId":null}},{"type":"Feature","geometry":{"type":"Point","coordinates":[35.495439,32.713549]},"properties":{"id":"ad13f27","name":"Anem","slug":"anem","types":["settlement"],"primaryType":"settlement","longitude":35.495439,"latitude":32.713549,"coordinateType":"point","verseCount":1,"identificationId":"a8eae19","geometryId":null}},{"type":"Feature","geometry":{"type":"Point","coordinates":[35.219122,32.521526]},"properties":{"id":"a2a145b","name":"Aner","slug":"aner","types":["settlement"],"primaryType":"settlement","longitude":35.219122,"latitude":32.521526,"coordinateType":"point","verseCount":1,"identificationId":"a6f05f6","geometryId":null}},{"type":"Feature","geometry":{"type":"Point","coordinates":[35.234167,31.776667]},"properties":{"id":"aac6cda","name":"Angle","slug":"angle","types":["structure"],"primaryType":"structure","longitude":35.234167,"latitude":31.776667,"coordinateType":"settlement","verseCount":5,"identificationId":"a15257a","geometryId":null}},{"type":"Feature","geometry":{"type":"Point","coordinates":[35.063521,31.353601]},"properties":{"id":"ac22b90","name":"Anim","slug":"anim","types":["settlement"],"primaryType":"settlement","longitude":35.063521,"latitude":31.353601,"coordinateType":"point","verseCount":1,"identificationId":"macb7a7","geometryId":null}},{"type":"Feature","geometry":{"type":"Point","coordinates":[36.171743,36.226691]},"properties":{"id":"ae41ab4","name":"Antioch 1","slug":"antioch-1","types":["settlement"],"primaryType":"settlement","longitude":36.171743,"latitude":36.226691,"coordinateType":"point","verseCount":18,"identificationId":"mbe432b","geometryId":null}},{"type":"Feature","geometry":{"type":"Point","coordinates":[31.189167,38.306111]},"properties":{"id":"a6c704a","name":"Antioch 2","slug":"antioch-2","types":["settlement"],"primaryType":"settlement","longitude":31.189167,"latitude":38.306111,"coordinateType":"point","verseCount":4,"identificationId":"m93f901","geometryId":null}},{"type":"Feature","geometry":{"type":"Point","coordinates":[35.1119,32.8461]},"properties":{"id":"ac4f712","name":"Aphek 1","slug":"aphek-1","types":["settlement"],"primaryType":"settlement","longitude":35.1119,"latitude":32.8461,"coordinateType":"point","verseCount":1,"identificationId":"mb6076b","geometryId":null}},{"type":"Feature","geometry":{"type":"Point","coordinates":[34.930417,32.105]},"properties":{"id":"a7b2e63","name":"Aphek 2","slug":"aphek-2","types":["settlement"],"primaryType":"settlement","longitude":34.930417,"latitude":32.105,"coordinateType":"point","verseCount":4,"identificationId":"m97d53f","geometryId":null}},{"type":"Feature","geometry":{"type":"Point","coordinates":[35.63729,32.783679]},"properties":{"id":"a6fc60d","name":"Aphek 3","slug":"aphek-3","types":["settlement"],"primaryType":"settlement","longitude":35.63729,"latitude":32.783679,"coordinateType":"point","verseCount":3,"identificationId":"me8ca72","geometryId":null}},{"type":"Feature","geometry":{"type":"Point","coordinates":[35.886111,34.069167]},"properties":{"id":"a4cf129","name":"Aphek 4","slug":"aphek-4","types":["settlement"],"primaryType":"settlement","longitude":35.886111,"latitude":34.069167,"coordinateType":"point","verseCount":1,"identificationId":"m035790","geometryId":null}},{"type":"Feature","geometry":{"type":"Point","coordinates":[34.9975,31.4555]},"properties":{"id":"ae46bcd","name":"Aphekah","slug":"aphekah","types":["settlement"],"primaryType":"settlement","longitude":34.9975,"latitude":31.4555,"coordinateType":"point","verseCount":1,"identificationId":"m52be1c","geometryId":null}},{"type":"Feature","geometry":{"type":"Point","coordinates":[35.1119,32.8461]},"properties":{"id":"a012133","name":"Aphik","slug":"aphik","types":["settlement"],"primaryType":"settlement","longitude":35.1119,"latitude":32.8461,"coordinateType":"point","verseCount":1,"identificationId":"ac4f712","geometryId":null}},{"type":"Feature","geometry":{"type":"Point","coordinates":[23.469685,40.623703]},"properties":{"id":"ab20df9","name":"Apollonia","slug":"apollonia","types":["settlement"],"primaryType":"settlement","longitude":23.469685,"latitude":40.623703,"coordinateType":"point","verseCount":1,"identificationId":"md0824c","geometryId":null}},{"type":"Feature","geometry":{"type":"Point","coordinates":[35.782764,31.359913]},"properties":{"id":"a38ad07","name":"Ar","slug":"ar","types":["settlement"],"primaryType":"settlement","longitude":35.782764,"latitude":31.359913,"coordinateType":"point","verseCount":7,"identificationId":"me990f8","geometryId":null}},{"type":"Feature","geometry":{"type":"Point","coordinates":[35.02957,31.43188]},"properties":{"id":"adbc03e","name":"Arab","slug":"arab","types":["settlement"],"primaryType":"settlement","longitude":35.02957,"latitude":31.43188,"coordinateType":"point","verseCount":1,"identificationId":"m3542bf","geometryId":null}},{"type":"Feature","geometry":{"type":"Point","coordinates":[35.151389,30.416944]},"properties":{"id":"a2bb5ef","name":"Arabah","slug":"arabah","types":["region"],"primaryType":"region","longitude":35.151389,"latitude":30.416944,"coordinateType":"representative point","verseCount":26,"identificationId":"mfcf08d","geometryId":"g333df2"}},{"type":"Feature","geometry":{"type":"Point","coordinates":[46,23]},"properties":{"id":"a59f6f5","name":"Arabia 1","slug":"arabia-1","types":["region"],"primaryType":"region","longitude":46,"latitude":23,"coordinateType":"representative point","verseCount":6,"identificationId":"m9ed9ce","geometryId":"g10afac"}},{"type":"Feature","geometry":{"type":"Point","coordinates":[35.35,30.07]},"properties":{"id":"a0f4ea8","name":"Arabia 2","slug":"arabia-2","types":["region"],"primaryType":"region","longitude":35.35,"latitude":30.07,"coordinateType":"representative point","verseCount":2,"identificationId":"m18c2ee","geometryId":"gc1086c"}},{"type":"Feature","geometry":{"type":"Point","coordinates":[35.125,31.280833]},"properties":{"id":"abc358b","name":"Arad 1","slug":"arad-1","types":["settlement"],"primaryType":"settlement","longitude":35.125,"latitude":31.280833,"coordinateType":"point","verseCount":3,"identificationId":"mdabd6c","geometryId":null}},{"type":"Feature","geometry":{"type":"Point","coordinates":[35.125,31.280833]},"properties":{"id":"a4cea2a","name":"Arad 2","slug":"arad-2","types":["settlement"],"primaryType":"settlement","longitude":35.125,"latitude":31.280833,"coordinateType":"point","verseCount":1,"identificationId":"mdabd6c","geometryId":null}},{"type":"Feature","geometry":{"type":"Point","coordinates":[36.30639,33.511112]},"properties":{"id":"a3e66cd","name":"Aram","slug":"aram","types":["region"],"primaryType":"region","longitude":36.30639,"latitude":33.511112,"coordinateType":"representative point","verseCount":11,"identificationId":"a69c1d4","geometryId":"g15edcb"}},{"type":"Feature","geometry":{"type":"Point","coordinates":[39.032778,36.864444]},"properties":{"id":"a3c7b44","name":"Aram-naharaim","slug":"aram-naharaim","types":["region"],"primaryType":"region","longitude":39.032778,"latitude":36.864444,"coordinateType":"representative point","verseCount":1,"identificationId":"a6d9af3","geometryId":"g8c2014"}},{"type":"Feature","geometry":{"type":"Point","coordinates":[44.300381,39.702761]},"properties":{"id":"ab89be9","name":"Ararat","slug":"ararat","types":["region"],"primaryType":"region","longitude":44.300381,"latitude":39.702761,"coordinateType":"representative point","verseCount":4,"identificationId":"m08a591","geometryId":"g03ac48"}},{"type":"Feature","geometry":{"type":"Point","coordinates":[35.483808,32.815137]},"properties":{"id":"a576db3","name":"Arbela","slug":"arbela","types":["settlement"],"primaryType":"settlement","longitude":35.483808,"latitude":32.815137,"coordinateType":"point","verseCount":0,"identificationId":"m974608","geometryId":null}},{"type":"Feature","geometry":{"type":"Point","coordinates":[23.723611,37.972222]},"properties":{"id":"a815d89","name":"Areopagus","slug":"areopagus","types":["hill"],"primaryType":"hill","longitude":23.723611,"latitude":37.972222,"coordinateType":"point","verseCount":3,"identificationId":"ma9c898","geometryId":null}},{"type":"Feature","geometry":{"type":"Point","coordinates":[36.455383,32.9695]},"properties":{"id":"a42a5b2","name":"Argob","slug":"argob","types":["region"],"primaryType":"region","longitude":36.455383,"latitude":32.9695,"coordinateType":"representative point","verseCount":4,"identificationId":"md88865","geometryId":"g8a8940"}},{"type":"Feature","geometry":{"type":"Point","coordinates":[35.234167,31.776667]},"properties":{"id":"a8754c4","name":"Ariel","slug":"ariel","types":["settlement"],"primaryType":"settlement","longitude":35.234167,"latitude":31.776667,"coordinateType":"point","verseCount":3,"identificationId":"a15257a","geometryId":null}},{"type":"Feature","geometry":{"type":"Point","coordinates":[35.019444,32.028056]},"properties":{"id":"af3d9fc","name":"Arimathea","slug":"arimathea","types":["settlement"],"primaryType":"settlement","longitude":35.019444,"latitude":32.028056,"coordinateType":"point","verseCount":4,"identificationId":"m960e84","geometryId":null}},{"type":"Feature","geometry":{"type":"Point","coordinates":[35.184444,32.585278]},"properties":{"id":"a105543","name":"Armageddon","slug":"armageddon","types":["mountain","river","settlement","special","valley"],"primaryType":"settlement","longitude":35.184444,"latitude":32.585278,"coordinateType":"point","verseCount":1,"identificationId":"a8554e3","geometryId":null}},{"type":"Feature","geometry":{"type":"Point","coordinates":[35.573333,31.465833]},"properties":{"id":"a4cc324","name":"Arnon","slug":"arnon","types":["river"],"primaryType":"river","longitude":35.573333,"latitude":31.465833,"coordinateType":"representative point","verseCount":12,"identificationId":"mc95e22","geometryId":"ged46ab"}},{"type":"Feature","geometry":{"type":"Point","coordinates":[35.819389,31.4708]},"properties":{"id":"ae46f2e","name":"Aroer 1","slug":"aroer-1","types":["settlement"],"primaryType":"settlement","longitude":35.819389,"latitude":31.4708,"coordinateType":"point","verseCount":13,"identificationId":"m54d9cf","geometryId":null}},{"type":"Feature","geometry":{"type":"Point","coordinates":[35.871319,31.97016]},"properties":{"id":"af74969","name":"Aroer 2","slug":"aroer-2","types":["settlement"],"primaryType":"settlement","longitude":35.871319,"latitude":31.97016,"coordinateType":"point","verseCount":2,"identificationId":"m1e912f","geometryId":null}},{"type":"Feature","geometry":{"type":"Point","coordinates":[34.97907,31.15214]},"properties":{"id":"a1b9ca6","name":"Aroer 3","slug":"aroer-3","types":["settlement"],"primaryType":"settlement","longitude":34.97907,"latitude":31.15214,"coordinateType":"point","verseCount":1,"identificationId":"m51f61c","geometryId":null}},{"type":"Feature","geometry":{"type":"Point","coordinates":[34.97907,31.15214]},"properties":{"id":"a620b14","name":"Aroer 4","slug":"aroer-4","types":["settlement"],"primaryType":"settlement","longitude":34.97907,"latitude":31.15214,"coordinateType":"point","verseCount":1,"identificationId":"a1b9ca6","geometryId":null}},{"type":"Feature","geometry":{"type":"Point","coordinates":[37.094722,36.4725]},"properties":{"id":"a173c40","name":"Arpad","slug":"arpad","types":["settlement"],"primaryType":"settlement","longitude":37.094722,"latitude":36.4725,"coordinateType":"point","verseCount":6,"identificationId":"m388fd5","geometryId":null}},{"type":"Feature","geometry":{"type":"Point","coordinates":[32.266667,30.566667]},"properties":{"id":"a6bd641","name":"Arsinoe","slug":"arsinoe","types":["settlement"],"primaryType":"settlement","longitude":32.266667,"latitude":30.566667,"coordinateType":"representative point","verseCount":0,"identificationId":"maaba23","geometryId":"g33a68d"}},{"type":"Feature","geometry":{"type":"Point","coordinates":[35.133551,32.40731]},"properties":{"id":"a30e7ea","name":"Arubboth","slug":"arubboth","types":["settlement"],"primaryType":"settlement","longitude":35.133551,"latitude":32.40731,"coordinateType":"point","verseCount":1,"identificationId":"m0e49d8","geometryId":null}},{"type":"Feature","geometry":{"type":"Point","coordinates":[35.321583,32.147556]},"properties":{"id":"af536fb","name":"Arumah","slug":"arumah","types":["settlement"],"primaryType":"settlement","longitude":35.321583,"latitude":32.147556,"coordinateType":"point","verseCount":2,"identificationId":"m88b428","geometryId":null}},{"type":"Feature","geometry":{"type":"Point","coordinates":[35.858333,34.856111]},"properties":{"id":"afbf1b5","name":"Arvad","slug":"arvad","types":["settlement"],"primaryType":"settlement","longitude":35.858333,"latitude":34.856111,"coordinateType":"point","verseCount":2,"identificationId":"maf746a","geometryId":null}},{"type":"Feature","geometry":{"type":"Point","coordinates":[34.797404,31.281372]},"properties":{"id":"ab5175f","name":"Ashan","slug":"ashan","types":["settlement"],"primaryType":"settlement","longitude":34.797404,"latitude":31.281372,"coordinateType":"point","verseCount":4,"identificationId":"mcfd3eb","geometryId":null}},{"type":"Feature","geometry":{"type":"Point","coordinates":[34.6578,31.7572]},"properties":{"id":"a30c937","name":"Ashdod","slug":"ashdod","types":["settlement"],"primaryType":"settlement","longitude":34.6578,"latitude":31.7572,"coordinateType":"point","verseCount":21,"identificationId":"mf32c7d","geometryId":null}},{"type":"Feature","geometry":{"type":"Point","coordinates":[34.545833,31.663889]},"properties":{"id":"ac87d4c","name":"Ashkelon","slug":"ashkelon","types":["settlement"],"primaryType":"settlement","longitude":34.545833,"latitude":31.663889,"coordinateType":"point","verseCount":12,"identificationId":"m0a9529","geometryId":null}},{"type":"Feature","geometry":{"type":"Point","coordinates":[34.12056,44.94278]},"properties":{"id":"aec9225","name":"Ashkenaz","slug":"ashkenaz","types":["region"],"primaryType":"region","longitude":34.12056,"latitude":44.94278,"coordinateType":"representative point","verseCount":1,"identificationId":"a8d18cf","geometryId":"gd33034"}},{"type":"Feature","geometry":{"type":"Point","coordinates":[35.006303,31.784708]},"properties":{"id":"a1e3eff","name":"Ashnah 1","slug":"ashnah-1","types":["settlement","special"],"primaryType":"settlement","longitude":35.006303,"latitude":31.784708,"coordinateType":"point","verseCount":1,"identificationId":"m62a3cc","geometryId":null}},{"type":"Feature","geometry":{"type":"Point","coordinates":[34.976111,31.558611]},"properties":{"id":"a9a57b7","name":"Ashnah 2","slug":"ashnah-2","types":["settlement"],"primaryType":"settlement","longitude":34.976111,"latitude":31.558611,"coordinateType":"point","verseCount":1,"identificationId":"m64ba44","geometryId":null}},{"type":"Feature","geometry":{"type":"Point","coordinates":[36.015833,32.804167]},"properties":{"id":"a6fea11","name":"Ashtaroth","slug":"ashtaroth","types":["settlement"],"primaryType":"settlement","longitude":36.015833,"latitude":32.804167,"coordinateType":"point","verseCount":7,"identificationId":"mdbdac8","geometryId":null}},{"type":"Feature","geometry":{"type":"Point","coordinates":[36.015833,32.804167]},"properties":{"id":"afe4be0","name":"Ashteroth-karnaim","slug":"ashteroth-karnaim","types":["settlement"],"primaryType":"settlement","longitude":36.015833,"latitude":32.804167,"coordinateType":"point","verseCount":1,"identificationId":"a6fea11","geometryId":null}},{"type":"Feature","geometry":{"type":"Point","coordinates":[28.3,38.4]},"properties":{"id":"a197f19","name":"Asia","slug":"asia","types":["region"],"primaryType":"region","longitude":28.3,"latitude":38.4,"coordinateType":"representative point","verseCount":21,"identificationId":"m3c5a04","geometryId":"g590ac2"}},{"type":"Feature","geometry":{"type":"Point","coordinates":[43.2625,35.456667]},"properties":{"id":"a874951","name":"Asshur","slug":"asshur","types":["settlement"],"primaryType":"settlement","longitude":43.2625,"latitude":35.456667,"coordinateType":"point","verseCount":4,"identificationId":"m24a920","geometryId":null}},{"type":"Feature","geometry":{"type":"Point","coordinates":[26.336667,39.490556]},"properties":{"id":"a0a2ca7","name":"Assos","slug":"assos","types":["settlement"],"primaryType":"settlement","longitude":26.336667,"latitude":39.490556,"coordinateType":"point","verseCount":2,"identificationId":"mce3faf","geometryId":null}},{"type":"Feature","geometry":{"type":"Point","coordinates":[43.1528,36.3594]},"properties":{"id":"a3d1321","name":"Assyria","slug":"assyria","types":["region"],"primaryType":"region","longitude":43.1528,"latitude":36.3594,"coordinateType":"representative point","verseCount":141,"identificationId":"a70fd5d","geometryId":"g76b6c9"}},{"type":"Feature","geometry":{"type":"Point","coordinates":[35.530445,31.914888]},"properties":{"id":"a2f186d","name":"Atad","slug":"atad","types":["settlement"],"primaryType":"settlement","longitude":35.530445,"latitude":31.914888,"coordinateType":"point","verseCount":2,"identificationId":"a70ac98","geometryId":null}},{"type":"Feature","geometry":{"type":"Point","coordinates":[35.665938,31.5753]},"properties":{"id":"abc9a1d","name":"Ataroth 1","slug":"ataroth-1","types":["settlement"],"primaryType":"settlement","longitude":35.665938,"latitude":31.5753,"coordinateType":"point","verseCount":2,"identificationId":"m9ce4af","geometryId":null}},{"type":"Feature","geometry":{"type":"Point","coordinates":[35.2285,31.8805]},"properties":{"id":"a919ab0","name":"Ataroth 2","slug":"ataroth-2","types":["settlement"],"primaryType":"settlement","longitude":35.2285,"latitude":31.8805,"coordinateType":"point","verseCount":1,"identificationId":"m3b580c","geometryId":null}},{"type":"Feature","geometry":{"type":"Point","coordinates":[35.2285,31.8805]},"properties":{"id":"aaf998e","name":"Ataroth 3","slug":"ataroth-3","types":["settlement"],"primaryType":"settlement","longitude":35.2285,"latitude":31.8805,"coordinateType":"point","verseCount":1,"identificationId":"a919ab0","geometryId":null}},{"type":"Feature","geometry":{"type":"Point","coordinates":[35.21752,31.87993]},"properties":{"id":"a2bf0f8","name":"Ataroth-addar","slug":"ataroth-addar","types":["settlement"],"primaryType":"settlement","longitude":35.21752,"latitude":31.87993,"coordinateType":"point","verseCount":2,"identificationId":"mbdd01a","geometryId":null}},{"type":"Feature","geometry":{"type":"Point","coordinates":[34.8783,31.61593]},"properties":{"id":"a0e21ff","name":"Athach","slug":"athach","types":["settlement"],"primaryType":"settlement","longitude":34.8783,"latitude":31.61593,"coordinateType":"point","verseCount":1,"identificationId":"a82f7b4","geometryId":null}},{"type":"Feature","geometry":{"type":"Point","coordinates":[34.779822,30.878961]},"properties":{"id":"a2c34ce","name":"Atharim","slug":"atharim","types":["road","settlement","special"],"primaryType":"road","longitude":34.779822,"latitude":30.878961,"coordinateType":"representative point","verseCount":1,"identificationId":"meb6b16","geometryId":"g6b776d"}},{"type":"Feature","geometry":{"type":"Point","coordinates":[23.726738,37.971851]},"properties":{"id":"a1fe6e7","name":"Athens","slug":"athens","types":["settlement"],"primaryType":"settlement","longitude":23.726738,"latitude":37.971851,"coordinateType":"point","verseCount":6,"identificationId":"md70ac9","geometryId":null}},{"type":"Feature","geometry":{"type":"Point","coordinates":[35.207639,31.704306]},"properties":{"id":"a03afe1","name":"Atroth-beth-joab","slug":"atroth-beth-joab","types":["settlement","special"],"primaryType":"settlement","longitude":35.207639,"latitude":31.704306,"coordinateType":"center","verseCount":1,"identificationId":"a112427","geometryId":"gdf3ad7"}},{"type":"Feature","geometry":{"type":"Point","coordinates":[35.68742,31.591311]},"properties":{"id":"afdb74b","name":"Atroth-shophan","slug":"atroth-shophan","types":["settlement"],"primaryType":"settlement","longitude":35.68742,"latitude":31.591311,"coordinateType":"point","verseCount":1,"identificationId":"mbf104b","geometryId":null}},{"type":"Feature","geometry":{"type":"Point","coordinates":[30.703614,36.881272]},"properties":{"id":"ac744c1","name":"Attalia","slug":"attalia","types":["settlement"],"primaryType":"settlement","longitude":30.703614,"latitude":36.881272,"coordinateType":"point","verseCount":2,"identificationId":"m5e72ac","geometryId":null}},{"type":"Feature","geometry":{"type":"Point","coordinates":[35.241389,31.922778]},"properties":{"id":"af3ccdf","name":"Aven","slug":"aven","types":["settlement","special"],"primaryType":"settlement","longitude":35.241389,"latitude":31.922778,"coordinateType":"point","verseCount":1,"identificationId":"a696a95","geometryId":null}},{"type":"Feature","geometry":{"type":"Point","coordinates":[35.601921,30.206]},"properties":{"id":"aae8a95","name":"Avith","slug":"avith","types":["settlement"],"primaryType":"settlement","longitude":35.601921,"latitude":30.206,"coordinateType":"point","verseCount":2,"identificationId":"mf84eaf","geometryId":null}},{"type":"Feature","geometry":{"type":"Point","coordinates":[36.690556,34.684722]},"properties":{"id":"a4b500d","name":"Avva","slug":"avva","types":["settlement","special"],"primaryType":"settlement","longitude":36.690556,"latitude":34.684722,"coordinateType":"point","verseCount":1,"identificationId":"a9ac5f9","geometryId":null}},{"type":"Feature","geometry":{"type":"Point","coordinates":[35.261111,31.916944]},"properties":{"id":"a6d7a41","name":"Avvim","slug":"avvim","types":["settlement"],"primaryType":"settlement","longitude":35.261111,"latitude":31.916944,"coordinateType":"point","verseCount":1,"identificationId":"a7e13e1","geometryId":null}},{"type":"Feature","geometry":{"type":"Point","coordinates":[35.261111,31.916944]},"properties":{"id":"aba3717","name":"Ayyah","slug":"ayyah","types":["settlement"],"primaryType":"settlement","longitude":35.261111,"latitude":31.916944,"coordinateType":"point","verseCount":1,"identificationId":"a7e13e1","geometryId":null}},{"type":"Feature","geometry":{"type":"Point","coordinates":[35.231667,31.760833]},"properties":{"id":"ad041dd","name":"Azal","slug":"azal","types":["river","settlement","special"],"primaryType":"river","longitude":35.231667,"latitude":31.760833,"coordinateType":"representative point","verseCount":1,"identificationId":"me6ce5d","geometryId":"ge97c25"}},{"type":"Feature","geometry":{"type":"Point","coordinates":[34.935696,31.700226]},"properties":{"id":"af2ca0c","name":"Azekah","slug":"azekah","types":["settlement"],"primaryType":"settlement","longitude":34.935696,"latitude":31.700226,"coordinateType":"point","verseCount":7,"identificationId":"m933d05","geometryId":null}},{"type":"Feature","geometry":{"type":"Point","coordinates":[35.261944,31.835]},"properties":{"id":"a3d7871","name":"Azmaveth","slug":"azmaveth","types":["settlement"],"primaryType":"settlement","longitude":35.261944,"latitude":31.835,"coordinateType":"point","verseCount":3,"identificationId":"mcc3d1b","geometryId":null}},{"type":"Feature","geometry":{"type":"Point","coordinates":[34.333333,30.6875]},"properties":{"id":"a8f6a28","name":"Azmon","slug":"azmon","types":["settlement"],"primaryType":"settlement","longitude":34.333333,"latitude":30.6875,"coordinateType":"point","verseCount":3,"identificationId":"m9398f2","geometryId":null}},{"type":"Feature","geometry":{"type":"Point","coordinates":[35.384444,32.727222]},"properties":{"id":"a9fd165","name":"Aznoth-tabor","slug":"aznoth-tabor","types":["settlement"],"primaryType":"settlement","longitude":35.384444,"latitude":32.727222,"coordinateType":"point","verseCount":1,"identificationId":"m8c6a25","geometryId":null}},{"type":"Feature","geometry":{"type":"Point","coordinates":[34.91217,31.142053]},"properties":{"id":"a289254","name":"Baalah 1","slug":"baalah-1","types":["settlement","special"],"primaryType":"settlement","longitude":34.91217,"latitude":31.142053,"coordinateType":"point","verseCount":1,"identificationId":"mf75afb","geometryId":null}},{"type":"Feature","geometry":{"type":"Point","coordinates":[35.10378,31.808957]},"properties":{"id":"ac2f5ea","name":"Baalah 2","slug":"baalah-2","types":["settlement"],"primaryType":"settlement","longitude":35.10378,"latitude":31.808957,"coordinateType":"point","verseCount":3,"identificationId":"a9bba61","geometryId":null}},{"type":"Feature","geometry":{"type":"Point","coordinates":[34.78225,31.838514]},"properties":{"id":"abc1b7c","name":"Baalath 1","slug":"baalath-1","types":["hill","mountain","settlement"],"primaryType":"settlement","longitude":34.78225,"latitude":31.838514,"coordinateType":"point","verseCount":1,"identificationId":"m0c03bf","geometryId":null}},{"type":"Feature","geometry":{"type":"Point","coordinates":[34.78225,31.838514]},"properties":{"id":"a99875b","name":"Baalath 2","slug":"baalath-2","types":["settlement","special"],"primaryType":"settlement","longitude":34.78225,"latitude":31.838514,"coordinateType":"point","verseCount":2,"identificationId":"abc1b7c","geometryId":null}},{"type":"Feature","geometry":{"type":"Point","coordinates":[34.911322,30.991038]},"properties":{"id":"a03cc2d","name":"Baalath-beer","slug":"baalath-beer","types":["settlement","special"],"primaryType":"settlement","longitude":34.911322,"latitude":30.991038,"coordinateType":"point","verseCount":2,"identificationId":"a14325e","geometryId":null}},{"type":"Feature","geometry":{"type":"Point","coordinates":[35.10378,31.808957]},"properties":{"id":"a66f19c","name":"Baale-judah","slug":"baale-judah","types":["settlement"],"primaryType":"settlement","longitude":35.10378,"latitude":31.808957,"coordinateType":"point","verseCount":1,"identificationId":"a9bba61","geometryId":null}},{"type":"Feature","geometry":{"type":"Point","coordinates":[35.85,33.4]},"properties":{"id":"ae12e43","name":"Baal-gad","slug":"baal-gad","types":["settlement"],"primaryType":"settlement","longitude":35.85,"latitude":33.4,"coordinateType":"point","verseCount":3,"identificationId":"a979444","geometryId":null}},{"type":"Feature","geometry":{"type":"Point","coordinates":[35.234167,31.776667]},"properties":{"id":"a304bb7","name":"Baal-hamon","slug":"baal-hamon","types":["settlement","special","structure"],"primaryType":"structure","longitude":35.234167,"latitude":31.776667,"coordinateType":"settlement","verseCount":1,"identificationId":"a15257a","geometryId":null}},{"type":"Feature","geometry":{"type":"Point","coordinates":[35.286111,31.978611]},"properties":{"id":"a366989","name":"Baal-hazor","slug":"baal-hazor","types":["mountain","settlement"],"primaryType":"mountain","longitude":35.286111,"latitude":31.978611,"coordinateType":"point","verseCount":1,"identificationId":"m8136bc","geometryId":null}},{"type":"Feature","geometry":{"type":"Point","coordinates":[35.85,33.4]},"properties":{"id":"a979444","name":"Baal-hermon","slug":"baal-hermon","types":["mountain","settlement"],"primaryType":"mountain","longitude":35.85,"latitude":33.4,"coordinateType":"point","verseCount":1,"identificationId":"a341fe8","geometryId":null}},{"type":"Feature","geometry":{"type":"Point","coordinates":[35.735321,31.679501]},"properties":{"id":"a76f7b7","name":"Baal-meon","slug":"baal-meon","types":["settlement"],"primaryType":"settlement","longitude":35.735321,"latitude":31.679501,"coordinateType":"point","verseCount":4,"identificationId":"mbc7ae2","geometryId":null}},{"type":"Feature","geometry":{"type":"Point","coordinates":[35.738498,31.777021]},"properties":{"id":"a3d6e81","name":"Baal-peor","slug":"baal-peor","types":["mountain","settlement"],"primaryType":"mountain","longitude":35.738498,"latitude":31.777021,"coordinateType":"center","verseCount":2,"identificationId":"a9ef72b","geometryId":"g8758d8"}},{"type":"Feature","geometry":{"type":"Point","coordinates":[35.183317,31.741854]},"properties":{"id":"a6bf059","name":"Baal-perazim","slug":"baal-perazim","types":["settlement"],"primaryType":"settlement","longitude":35.183317,"latitude":31.741854,"coordinateType":"point","verseCount":2,"identificationId":"ma2bc43","geometryId":null}},{"type":"Feature","geometry":{"type":"Point","coordinates":[35.01182,32.11031]},"properties":{"id":"ad3d9fc","name":"Baal-shalishah","slug":"baal-shalishah","types":["settlement","special"],"primaryType":"settlement","longitude":35.01182,"latitude":32.11031,"coordinateType":"point","verseCount":1,"identificationId":"mcde611","geometryId":null}},{"type":"Feature","geometry":{"type":"Point","coordinates":[35.241283,31.831498]},"properties":{"id":"a66136c","name":"Baal-tamar","slug":"baal-tamar","types":["settlement"],"primaryType":"settlement","longitude":35.241283,"latitude":31.831498,"coordinateType":"point","verseCount":1,"identificationId":"m9f794c","geometryId":null}},{"type":"Feature","geometry":{"type":"Point","coordinates":[32.171389,30.860556]},"properties":{"id":"a22663b","name":"Baal-zephon","slug":"baal-zephon","types":["campsite"],"primaryType":"campsite","longitude":32.171389,"latitude":30.860556,"coordinateType":"point","verseCount":3,"identificationId":"mb2507f","geometryId":null}},{"type":"Feature","geometry":{"type":"Point","coordinates":[44.422222,32.543333]},"properties":{"id":"ab8fdbc","name":"Babel","slug":"babel","types":["settlement"],"primaryType":"settlement","longitude":44.422222,"latitude":32.543333,"coordinateType":"point","verseCount":2,"identificationId":"a217d18","geometryId":null}},{"type":"Feature","geometry":{"type":"Point","coordinates":[44.422222,32.543333]},"properties":{"id":"a217d18","name":"Babylon 1","slug":"babylon-1","types":["settlement"],"primaryType":"settlement","longitude":44.422222,"latitude":32.543333,"coordinateType":"point","verseCount":296,"identificationId":"md561de","geometryId":null}},{"type":"Feature","geometry":{"type":"Point","coordinates":[12.4852,41.8922]},"properties":{"id":"ae5ede9","name":"Babylon 2","slug":"babylon-2","types":["settlement","special"],"primaryType":"settlement","longitude":12.4852,"latitude":41.8922,"coordinateType":"point","verseCount":1,"identificationId":"afc8e7a","geometryId":null}},{"type":"Feature","geometry":{"type":"Point","coordinates":[12.4852,41.8922]},"properties":{"id":"a3f0756","name":"Babylon 3","slug":"babylon-3","types":["settlement","special"],"primaryType":"settlement","longitude":12.4852,"latitude":41.8922,"coordinateType":"point","verseCount":6,"identificationId":"afc8e7a","geometryId":null}},{"type":"Feature","geometry":{"type":"Point","coordinates":[44.422222,32.543333]},"properties":{"id":"a8394b8","name":"Babylonia","slug":"babylonia","types":["region"],"primaryType":"region","longitude":44.422222,"latitude":32.543333,"coordinateType":"representative point","verseCount":15,"identificationId":"a217d18","geometryId":"g523915"}},{"type":"Feature","geometry":{"type":"Point","coordinates":[35.25694,31.7912]},"properties":{"id":"a9ed5a4","name":"Bahurim","slug":"bahurim","types":["settlement"],"primaryType":"settlement","longitude":35.25694,"latitude":31.7912,"coordinateType":"point","verseCount":7,"identificationId":"m6d98ed","geometryId":null}},{"type":"Feature","geometry":{"type":"Point","coordinates":[34.91217,31.142053]},"properties":{"id":"a8ac29f","name":"Balah","slug":"balah","types":["settlement","special"],"primaryType":"settlement","longitude":34.91217,"latitude":31.142053,"coordinateType":"point","verseCount":1,"identificationId":"a289254","geometryId":null}},{"type":"Feature","geometry":{"type":"Point","coordinates":[35.740891,31.731791]},"properties":{"id":"a1db553","name":"Bamoth","slug":"bamoth","types":["settlement"],"primaryType":"settlement","longitude":35.740891,"latitude":31.731791,"coordinateType":"point","verseCount":2,"identificationId":"m740e01","geometryId":null}},{"type":"Feature","geometry":{"type":"Point","coordinates":[35.740891,31.731791]},"properties":{"id":"a577c27","name":"Bamoth-baal","slug":"bamoth-baal","types":["settlement"],"primaryType":"settlement","longitude":35.740891,"latitude":31.731791,"coordinateType":"point","verseCount":2,"identificationId":"a1db553","geometryId":null}},{"type":"Feature","geometry":{"type":"Point","coordinates":[35.934722,32.781111]},"properties":{"id":"aa7a40a","name":"Bashan","slug":"bashan","types":["region"],"primaryType":"region","longitude":35.934722,"latitude":32.781111,"coordinateType":"representative point","verseCount":53,"identificationId":"abb5c1e","geometryId":"g76bdaf"}},{"type":"Feature","geometry":{"type":"Point","coordinates":[36.19934,32.852034]},"properties":{"id":"a249453","name":"Batanea","slug":"batanea","types":["region"],"primaryType":"region","longitude":36.19934,"latitude":32.852034,"coordinateType":"representative point","verseCount":0,"identificationId":"m693908","geometryId":"g3e5460"}},{"type":"Feature","geometry":{"type":"Point","coordinates":[35.809062,31.800811]},"properties":{"id":"abaa030","name":"Bath-rabbim","slug":"bath-rabbim","types":["gate"],"primaryType":"gate","longitude":35.809062,"latitude":31.800811,"coordinateType":"settlement","verseCount":1,"identificationId":"abf2fc1","geometryId":null}},{"type":"Feature","geometry":{"type":"Point","coordinates":[34.911322,30.991038]},"properties":{"id":"a14325e","name":"Bealoth 1","slug":"bealoth-1","types":["settlement","special"],"primaryType":"settlement","longitude":34.911322,"latitude":30.991038,"coordinateType":"point","verseCount":1,"identificationId":"a03cc2d","geometryId":null}},{"type":"Feature","geometry":{"type":"Point","coordinates":[34.911322,30.991038]},"properties":{"id":"a800159","name":"Bealoth 2","slug":"bealoth-2","types":["settlement","special"],"primaryType":"settlement","longitude":34.911322,"latitude":30.991038,"coordinateType":"point","verseCount":1,"identificationId":"a14325e","geometryId":null}},{"type":"Feature","geometry":{"type":"Point","coordinates":[35.234167,31.776667]},"properties":{"id":"a5c37fd","name":"Beautiful Gate","slug":"beautiful-gate","types":["gate"],"primaryType":"gate","longitude":35.234167,"latitude":31.776667,"coordinateType":"settlement","verseCount":2,"identificationId":"a15257a","geometryId":null}},{"type":"Feature","geometry":{"type":"Point","coordinates":[35.893333,31.571944]},"properties":{"id":"a656cb6","name":"Beer 1","slug":"beer-1","types":["campsite"],"primaryType":"campsite","longitude":35.893333,"latitude":31.571944,"coordinateType":"representative point","verseCount":1,"identificationId":"ac401ea","geometryId":"g579797"}},{"type":"Feature","geometry":{"type":"Point","coordinates":[35.50415,32.60823]},"properties":{"id":"a520374","name":"Beer 2","slug":"beer-2","types":["settlement"],"primaryType":"settlement","longitude":35.50415,"latitude":32.60823,"coordinateType":"point","verseCount":1,"identificationId":"m8f1639","geometryId":null}},{"type":"Feature","geometry":{"type":"Point","coordinates":[35.893333,31.571944]},"properties":{"id":"ac401ea","name":"Beer-elim","slug":"beer-elim","types":["campsite","settlement"],"primaryType":"campsite","longitude":35.893333,"latitude":31.571944,"coordinateType":"representative point","verseCount":1,"identificationId":"a656cb6","geometryId":"g579797"}},{"type":"Feature","geometry":{"type":"Point","coordinates":[34.333333,30.6875]},"properties":{"id":"a70e842","name":"Beer-lahai-roi","slug":"beer-lahai-roi","types":["well"],"primaryType":"well","longitude":34.333333,"latitude":30.6875,"coordinateType":"point","verseCount":3,"identificationId":"m9398f2","geometryId":null}},{"type":"Feature","geometry":{"type":"Point","coordinates":[35.1872,31.82383]},"properties":{"id":"a046454","name":"Beeroth","slug":"beeroth","types":["settlement"],"primaryType":"settlement","longitude":35.1872,"latitude":31.82383,"coordinateType":"point","verseCount":9,"identificationId":"m8d753d","geometryId":null}},{"type":"Feature","geometry":{"type":"Point","coordinates":[34.472522,30.791764]},"properties":{"id":"a280f83","name":"Beeroth Bene-jaakan","slug":"beeroth-bene-jaakan","types":["settlement"],"primaryType":"settlement","longitude":34.472522,"latitude":30.791764,"coordinateType":"point","verseCount":1,"identificationId":"a0fe2be","geometryId":null}},{"type":"Feature","geometry":{"type":"Point","coordinates":[34.840833,31.244722]},"properties":{"id":"ad2f6c2","name":"Beersheba 1","slug":"beersheba-1","types":["settlement"],"primaryType":"settlement","longitude":34.840833,"latitude":31.244722,"coordinateType":"point","verseCount":23,"identificationId":"m392188","geometryId":null}},{"type":"Feature","geometry":{"type":"Point","coordinates":[34.840833,31.244722]},"properties":{"id":"a075d61","name":"Beersheba 2","slug":"beersheba-2","types":["settlement"],"primaryType":"settlement","longitude":34.840833,"latitude":31.244722,"coordinateType":"point","verseCount":10,"identificationId":"ad2f6c2","geometryId":null}},{"type":"Feature","geometry":{"type":"Point","coordinates":[36.015833,32.804167]},"properties":{"id":"a293fbf","name":"Beeshterah","slug":"beeshterah","types":["settlement"],"primaryType":"settlement","longitude":36.015833,"latitude":32.804167,"coordinateType":"point","verseCount":1,"identificationId":"a6fea11","geometryId":null}},{"type":"Feature","geometry":{"type":"Point","coordinates":[35.581007,33.258051]},"properties":{"id":"a2b2564","name":"Belamon","slug":"belamon","types":["settlement"],"primaryType":"settlement","longitude":35.581007,"latitude":33.258051,"coordinateType":"point","verseCount":0,"identificationId":"abffcaa","geometryId":null}},{"type":"Feature","geometry":{"type":"Point","coordinates":[34.827669,32.036675]},"properties":{"id":"ae83378","name":"Bene-berak","slug":"bene-berak","types":["settlement"],"primaryType":"settlement","longitude":34.827669,"latitude":32.036675,"coordinateType":"point","verseCount":1,"identificationId":"me36d66","geometryId":null}},{"type":"Feature","geometry":{"type":"Point","coordinates":[34.472522,30.791764]},"properties":{"id":"a0fe2be","name":"Bene-jaakan","slug":"bene-jaakan","types":["settlement"],"primaryType":"settlement","longitude":34.472522,"latitude":30.791764,"coordinateType":"point","verseCount":2,"identificationId":"m4ee7bd","geometryId":null}},{"type":"Feature","geometry":{"type":"Point","coordinates":[35.234167,31.776667]},"properties":{"id":"ae04aa8","name":"Benjamin Gate","slug":"benjamin-gate","types":["gate"],"primaryType":"gate","longitude":35.234167,"latitude":31.776667,"coordinateType":"settlement","verseCount":4,"identificationId":"a15257a","geometryId":null}},{"type":"Feature","geometry":{"type":"Point","coordinates":[35.735321,31.679501]},"properties":{"id":"a882ef5","name":"Beon","slug":"beon","types":["settlement"],"primaryType":"settlement","longitude":35.735321,"latitude":31.679501,"coordinateType":"point","verseCount":1,"identificationId":"a76f7b7","geometryId":null}},{"type":"Feature","geometry":{"type":"Point","coordinates":[22.2,40.518333]},"properties":{"id":"a62fe31","name":"Berea","slug":"berea","types":["settlement"],"primaryType":"settlement","longitude":22.2,"latitude":40.518333,"coordinateType":"point","verseCount":6,"identificationId":"ma5019d","geometryId":null}},{"type":"Feature","geometry":{"type":"Point","coordinates":[34.652,31.097]},"properties":{"id":"aa3ff18","name":"Bered","slug":"bered","types":["mountain","region","settlement"],"primaryType":"settlement","longitude":34.652,"latitude":31.097,"coordinateType":"point","verseCount":1,"identificationId":"mea9d16","geometryId":null}},{"type":"Feature","geometry":{"type":"Point","coordinates":[36.150833,33.935278]},"properties":{"id":"a14b9f1","name":"Berothah","slug":"berothah","types":["settlement","special"],"primaryType":"settlement","longitude":36.150833,"latitude":33.935278,"coordinateType":"point","verseCount":1,"identificationId":"md56681","geometryId":null}},{"type":"Feature","geometry":{"type":"Point","coordinates":[36.150833,33.935278]},"properties":{"id":"a942d07","name":"Berothai","slug":"berothai","types":["settlement","special"],"primaryType":"settlement","longitude":36.150833,"latitude":33.935278,"coordinateType":"point","verseCount":1,"identificationId":"a14b9f1","geometryId":null}},{"type":"Feature","geometry":{"type":"Point","coordinates":[34.37568,31.46423]},"properties":{"id":"a57df09","name":"Besor","slug":"besor","types":["river"],"primaryType":"river","longitude":34.37568,"latitude":31.46423,"coordinateType":"representative point","verseCount":3,"identificationId":"m69a064","geometryId":"g834302"}},{"type":"Feature","geometry":{"type":"Point","coordinates":[35.10658,32.764076]},"properties":{"id":"aafc721","name":"Beten","slug":"beten","types":["settlement"],"primaryType":"settlement","longitude":35.10658,"latitude":32.764076,"coordinateType":"point","verseCount":1,"identificationId":"mef8a69","geometryId":null}},{"type":"Feature","geometry":{"type":"Point","coordinates":[35.43306,33.20028]},"properties":{"id":"ae6cef8","name":"Beth-anath","slug":"beth-anath","types":["settlement"],"primaryType":"settlement","longitude":35.43306,"latitude":33.20028,"coordinateType":"point","verseCount":2,"identificationId":"m914c65","geometryId":null}},{"type":"Feature","geometry":{"type":"Point","coordinates":[35.12622,31.56209]},"properties":{"id":"aa2fea1","name":"Beth-anoth","slug":"beth-anoth","types":["settlement"],"primaryType":"settlement","longitude":35.12622,"latitude":31.56209,"coordinateType":"point","verseCount":1,"identificationId":"ma7c5ee","geometryId":null}},{"type":"Feature","geometry":{"type":"Point","coordinates":[35.255903,31.771661]},"properties":{"id":"a4f35bc","name":"Bethany 1","slug":"bethany-1","types":["settlement"],"primaryType":"settlement","longitude":35.255903,"latitude":31.771661,"coordinateType":"point","verseCount":12,"identificationId":"m227592","geometryId":null}},{"type":"Feature","geometry":{"type":"Point","coordinates":[35.550301,31.837109]},"properties":{"id":"a6e060d","name":"Bethany 2","slug":"bethany-2","types":["ford","region","settlement","special","wadi"],"primaryType":"settlement","longitude":35.550301,"latitude":31.837109,"coordinateType":"point","verseCount":1,"identificationId":"m6b5d69","geometryId":null}},{"type":"Feature","geometry":{"type":"Point","coordinates":[35.501718,31.845782]},"properties":{"id":"a3f8916","name":"Beth-arabah","slug":"beth-arabah","types":["settlement"],"primaryType":"settlement","longitude":35.501718,"latitude":31.845782,"coordinateType":"point","verseCount":4,"identificationId":"m053067","geometryId":null}},{"type":"Feature","geometry":{"type":"Point","coordinates":[35.847589,32.558661]},"properties":{"id":"a2da675","name":"Beth-arbel","slug":"beth-arbel","types":["settlement"],"primaryType":"settlement","longitude":35.847589,"latitude":32.558661,"coordinateType":"point","verseCount":1,"identificationId":"m2e40b3","geometryId":null}},{"type":"Feature","geometry":{"type":"Point","coordinates":[34.9098,31.4558]},"properties":{"id":"ac0254c","name":"Beth-ashbea","slug":"beth-ashbea","types":["settlement"],"primaryType":"settlement","longitude":34.9098,"latitude":31.4558,"coordinateType":"point","verseCount":1,"identificationId":"m6cb30d","geometryId":null}},{"type":"Feature","geometry":{"type":"Point","coordinates":[35.26807,31.86921]},"properties":{"id":"a03cb21","name":"Beth-aven 1","slug":"beth-aven-1","types":["settlement"],"primaryType":"settlement","longitude":35.26807,"latitude":31.86921,"coordinateType":"point","verseCount":4,"identificationId":"m942792","geometryId":null}},{"type":"Feature","geometry":{"type":"Point","coordinates":[35.241389,31.922778]},"properties":{"id":"a696a95","name":"Beth-aven 2","slug":"beth-aven-2","types":["settlement"],"primaryType":"settlement","longitude":35.241389,"latitude":31.922778,"coordinateType":"point","verseCount":3,"identificationId":"a64f355","geometryId":null}},{"type":"Feature","geometry":{"type":"Point","coordinates":[35.52,32.1]},"properties":{"id":"a0d1977","name":"Beth-barah","slug":"beth-barah","types":["ford","region","settlement","special","wadi"],"primaryType":"wadi","longitude":35.52,"latitude":32.1,"coordinateType":"representative point","verseCount":1,"identificationId":"m5c5bc6","geometryId":"g17be54"}},{"type":"Feature","geometry":{"type":"Point","coordinates":[34.49181,31.00669]},"properties":{"id":"af623fd","name":"Beth-biri","slug":"beth-biri","types":["settlement","special"],"primaryType":"settlement","longitude":34.49181,"latitude":31.00669,"coordinateType":"point","verseCount":1,"identificationId":"m64de18","geometryId":null}},{"type":"Feature","geometry":{"type":"Point","coordinates":[35.083611,31.895]},"properties":{"id":"a5f4608","name":"Beth-car","slug":"beth-car","types":["settlement"],"primaryType":"settlement","longitude":35.083611,"latitude":31.895,"coordinateType":"point","verseCount":1,"identificationId":"a094036","geometryId":null}},{"type":"Feature","geometry":{"type":"Point","coordinates":[34.808618,31.98358]},"properties":{"id":"a561af4","name":"Beth-dagon 1","slug":"beth-dagon-1","types":["settlement"],"primaryType":"settlement","longitude":34.808618,"latitude":31.98358,"coordinateType":"point","verseCount":1,"identificationId":"md7e418","geometryId":null}},{"type":"Feature","geometry":{"type":"Point","coordinates":[35.090628,32.722583]},"properties":{"id":"a0cc925","name":"Beth-dagon 2","slug":"beth-dagon-2","types":["settlement"],"primaryType":"settlement","longitude":35.090628,"latitude":32.722583,"coordinateType":"point","verseCount":1,"identificationId":"m7bc13e","geometryId":null}},{"type":"Feature","geometry":{"type":"Point","coordinates":[35.826578,31.638727]},"properties":{"id":"ac99af3","name":"Beth-diblathaim","slug":"beth-diblathaim","types":["settlement"],"primaryType":"settlement","longitude":35.826578,"latitude":31.638727,"coordinateType":"point","verseCount":1,"identificationId":"mc8b658","geometryId":null}},{"type":"Feature","geometry":{"type":"Point","coordinates":[38.0865,36.7014]},"properties":{"id":"a84c5a4","name":"Beth-eden","slug":"beth-eden","types":["region"],"primaryType":"region","longitude":38.0865,"latitude":36.7014,"coordinateType":"representative point","verseCount":1,"identificationId":"m2d73de","geometryId":"ga277ef"}},{"type":"Feature","geometry":{"type":"Point","coordinates":[35.3563,32.4697]},"properties":{"id":"a7abec7","name":"Beth-eked","slug":"beth-eked","types":["settlement","special"],"primaryType":"settlement","longitude":35.3563,"latitude":32.4697,"coordinateType":"point","verseCount":2,"identificationId":"m64c4ca","geometryId":null}},{"type":"Feature","geometry":{"type":"Point","coordinates":[35.241389,31.922778]},"properties":{"id":"a64f355","name":"Bethel 1","slug":"bethel-1","types":["settlement"],"primaryType":"settlement","longitude":35.241389,"latitude":31.922778,"coordinateType":"point","verseCount":69,"identificationId":"me58522","geometryId":null}},{"type":"Feature","geometry":{"type":"Point","coordinates":[35.124376,31.344952]},"properties":{"id":"aeb5f24","name":"Bethel 2","slug":"bethel-2","types":["settlement"],"primaryType":"settlement","longitude":35.124376,"latitude":31.344952,"coordinateType":"point","verseCount":1,"identificationId":"mf10950","geometryId":null}},{"type":"Feature","geometry":{"type":"Point","coordinates":[35.241389,31.922778]},"properties":{"id":"abcc0cf","name":"Bethel 3","slug":"bethel-3","types":["settlement","special"],"primaryType":"settlement","longitude":35.241389,"latitude":31.922778,"coordinateType":"point","verseCount":2,"identificationId":"a64f355","geometryId":null}},{"type":"Feature","geometry":{"type":"Point","coordinates":[35.151944,32.965833]},"properties":{"id":"a587ea0","name":"Beth-emek","slug":"beth-emek","types":["settlement"],"primaryType":"settlement","longitude":35.151944,"latitude":32.965833,"coordinateType":"point","verseCount":1,"identificationId":"mb63cde","geometryId":null}},{"type":"Feature","geometry":{"type":"Point","coordinates":[35.135556,31.73]},"properties":{"id":"ac9fb6d","name":"Bether 1","slug":"bether-1","types":["settlement","special"],"primaryType":"settlement","longitude":35.135556,"latitude":31.73,"coordinateType":"center","verseCount":1,"identificationId":"a6c8205","geometryId":"g3b0ff5"}},{"type":"Feature","geometry":{"type":"Point","coordinates":[35.135556,31.73]},"properties":{"id":"a6c8205","name":"Bether 2","slug":"bether-2","types":["settlement"],"primaryType":"settlement","longitude":35.135556,"latitude":31.73,"coordinateType":"point","verseCount":0,"identificationId":"m0288d5","geometryId":null}},{"type":"Feature","geometry":{"type":"Point","coordinates":[35.235833,31.781389]},"properties":{"id":"a0aa8cf","name":"Bethesda","slug":"bethesda","types":["pool"],"primaryType":"pool","longitude":35.235833,"latitude":31.781389,"coordinateType":"point","verseCount":1,"identificationId":"m48007f","geometryId":null}},{"type":"Feature","geometry":{"type":"Point","coordinates":[34.938061,31.468544]},"properties":{"id":"a0a178b","name":"Beth-ezel","slug":"beth-ezel","types":["settlement"],"primaryType":"settlement","longitude":34.938061,"latitude":31.468544,"coordinateType":"point","verseCount":1,"identificationId":"m8d7caa","geometryId":null}},{"type":"Feature","geometry":{"type":"Point","coordinates":[35.092145,31.632629]},"properties":{"id":"a571072","name":"Beth-gader","slug":"beth-gader","types":["settlement"],"primaryType":"settlement","longitude":35.092145,"latitude":31.632629,"coordinateType":"point","verseCount":1,"identificationId":"a55d681","geometryId":null}},{"type":"Feature","geometry":{"type":"Point","coordinates":[35.899907,31.483496]},"properties":{"id":"a367677","name":"Beth-gamul","slug":"beth-gamul","types":["settlement"],"primaryType":"settlement","longitude":35.899907,"latitude":31.483496,"coordinateType":"point","verseCount":1,"identificationId":"m108e64","geometryId":null}},{"type":"Feature","geometry":{"type":"Point","coordinates":[35.459969,31.881883]},"properties":{"id":"aea5552","name":"Beth-gilgal","slug":"beth-gilgal","types":["settlement","special"],"primaryType":"settlement","longitude":35.459969,"latitude":31.881883,"coordinateType":"point","verseCount":1,"identificationId":"ab94aea","geometryId":null}},{"type":"Feature","geometry":{"type":"Point","coordinates":[35.216896,31.739901]},"properties":{"id":"a30f9a0","name":"Beth-haccherem","slug":"beth-haccherem","types":["settlement"],"primaryType":"settlement","longitude":35.216896,"latitude":31.739901,"coordinateType":"point","verseCount":2,"identificationId":"m77f703","geometryId":null}},{"type":"Feature","geometry":{"type":"Point","coordinates":[35.29875,32.46079]},"properties":{"id":"aaa2f54","name":"Beth-haggan","slug":"beth-haggan","types":["settlement"],"primaryType":"settlement","longitude":35.29875,"latitude":32.46079,"coordinateType":"point","verseCount":1,"identificationId":"m39f75d","geometryId":null}},{"type":"Feature","geometry":{"type":"Point","coordinates":[35.671878,31.819256]},"properties":{"id":"a4590cd","name":"Beth-haram","slug":"beth-haram","types":["settlement"],"primaryType":"settlement","longitude":35.671878,"latitude":31.819256,"coordinateType":"point","verseCount":2,"identificationId":"m56a432","geometryId":null}},{"type":"Feature","geometry":{"type":"Point","coordinates":[35.501161,31.820379]},"properties":{"id":"aabd0ba","name":"Beth-hoglah","slug":"beth-hoglah","types":["settlement"],"primaryType":"settlement","longitude":35.501161,"latitude":31.820379,"coordinateType":"point","verseCount":3,"identificationId":"mf5b38d","geometryId":null}},{"type":"Feature","geometry":{"type":"Point","coordinates":[35.083611,31.895]},"properties":{"id":"a75b45e","name":"Beth-horon","slug":"beth-horon","types":["settlement"],"primaryType":"settlement","longitude":35.083611,"latitude":31.895,"coordinateType":"point","verseCount":7,"identificationId":"a094036","geometryId":null}},{"type":"Feature","geometry":{"type":"Point","coordinates":[35.62125,31.782551]},"properties":{"id":"a30f37b","name":"Beth-jeshimoth","slug":"beth-jeshimoth","types":["settlement"],"primaryType":"settlement","longitude":35.62125,"latitude":31.782551,"coordinateType":"point","verseCount":4,"identificationId":"mcf8dbb","geometryId":null}},{"type":"Feature","geometry":{"type":"Point","coordinates":[35.03355,31.55659]},"properties":{"id":"a95a37b","name":"Beth-le-aphrah","slug":"beth-le-aphrah","types":["settlement","special"],"primaryType":"settlement","longitude":35.03355,"latitude":31.55659,"coordinateType":"point","verseCount":1,"identificationId":"m9dbf94","geometryId":null}},{"type":"Feature","geometry":{"type":"Point","coordinates":[34.49181,31.00669]},"properties":{"id":"a289a5b","name":"Beth-lebaoth","slug":"beth-lebaoth","types":["settlement"],"primaryType":"settlement","longitude":34.49181,"latitude":31.00669,"coordinateType":"point","verseCount":1,"identificationId":"af623fd","geometryId":null}},{"type":"Feature","geometry":{"type":"Point","coordinates":[35.207639,31.704306]},"properties":{"id":"a112427","name":"Bethlehem 1","slug":"bethlehem-1","types":["settlement"],"primaryType":"settlement","longitude":35.207639,"latitude":31.704306,"coordinateType":"point","verseCount":52,"identificationId":"m9b8daa","geometryId":null}},{"type":"Feature","geometry":{"type":"Point","coordinates":[35.185563,32.734812]},"properties":{"id":"a308715","name":"Bethlehem 2","slug":"bethlehem-2","types":["settlement"],"primaryType":"settlement","longitude":35.185563,"latitude":32.734812,"coordinateType":"point","verseCount":1,"identificationId":"ma3ac8b","geometryId":null}},{"type":"Feature","geometry":{"type":"Point","coordinates":[35.185563,32.734812]},"properties":{"id":"ab1a343","name":"Bethlehem 3","slug":"bethlehem-3","types":["settlement"],"primaryType":"settlement","longitude":35.185563,"latitude":32.734812,"coordinateType":"point","verseCount":2,"identificationId":"a308715","geometryId":null}},{"type":"Feature","geometry":{"type":"Point","coordinates":[34.928577,31.350265]},"properties":{"id":"a87f8f5","name":"Beth-marcaboth","slug":"beth-marcaboth","types":["settlement"],"primaryType":"settlement","longitude":34.928577,"latitude":31.350265,"coordinateType":"point","verseCount":2,"identificationId":"a8661e2","geometryId":null}},{"type":"Feature","geometry":{"type":"Point","coordinates":[35.735321,31.679501]},"properties":{"id":"a78580c","name":"Beth-meon","slug":"beth-meon","types":["settlement"],"primaryType":"settlement","longitude":35.735321,"latitude":31.679501,"coordinateType":"point","verseCount":1,"identificationId":"a76f7b7","geometryId":null}},{"type":"Feature","geometry":{"type":"Point","coordinates":[35.281944,32.213611]},"properties":{"id":"a53f299","name":"Beth-millo","slug":"beth-millo","types":["structure"],"primaryType":"structure","longitude":35.281944,"latitude":32.213611,"coordinateType":"settlement","verseCount":3,"identificationId":"adf74d4","geometryId":null}},{"type":"Feature","geometry":{"type":"Point","coordinates":[35.63872,31.909106]},"properties":{"id":"af66b89","name":"Beth-nimrah","slug":"beth-nimrah","types":["settlement"],"primaryType":"settlement","longitude":35.63872,"latitude":31.909106,"coordinateType":"point","verseCount":2,"identificationId":"m7cc2d3","geometryId":null}},{"type":"Feature","geometry":{"type":"Point","coordinates":[35.4863,32.6804]},"properties":{"id":"ac814fb","name":"Beth-pazzez","slug":"beth-pazzez","types":["settlement"],"primaryType":"settlement","longitude":35.4863,"latitude":32.6804,"coordinateType":"point","verseCount":1,"identificationId":"m325c72","geometryId":null}},{"type":"Feature","geometry":{"type":"Point","coordinates":[34.9078,31.30992]},"properties":{"id":"ac4b767","name":"Beth-pelet","slug":"beth-pelet","types":["settlement"],"primaryType":"settlement","longitude":34.9078,"latitude":31.30992,"coordinateType":"point","verseCount":2,"identificationId":"m77a636","geometryId":null}},{"type":"Feature","geometry":{"type":"Point","coordinates":[35.738498,31.777021]},"properties":{"id":"af3ce34","name":"Beth-peor","slug":"beth-peor","types":["settlement"],"primaryType":"settlement","longitude":35.738498,"latitude":31.777021,"coordinateType":"point","verseCount":4,"identificationId":"m6b366e","geometryId":null}},{"type":"Feature","geometry":{"type":"Point","coordinates":[35.250839,31.777619]},"properties":{"id":"abff59d","name":"Bethphage","slug":"bethphage","types":["settlement"],"primaryType":"settlement","longitude":35.250839,"latitude":31.777619,"coordinateType":"point","verseCount":3,"identificationId":"m6bd6bd","geometryId":null}},{"type":"Feature","geometry":{"type":"Point","coordinates":[36.145278,34.008889]},"properties":{"id":"ad44b24","name":"Beth-rehob","slug":"beth-rehob","types":["region","settlement"],"primaryType":"region","longitude":36.145278,"latitude":34.008889,"coordinateType":"representative point","verseCount":2,"identificationId":"m43eab9","geometryId":"g803e7e"}},{"type":"Feature","geometry":{"type":"Point","coordinates":[35.63096,32.91038]},"properties":{"id":"a91b732","name":"Bethsaida 1","slug":"bethsaida-1","types":["settlement"],"primaryType":"settlement","longitude":35.63096,"latitude":32.91038,"coordinateType":"point","verseCount":4,"identificationId":"m1ec77e","geometryId":null}},{"type":"Feature","geometry":{"type":"Point","coordinates":[35.63096,32.91038]},"properties":{"id":"a9fc13a","name":"Bethsaida 2","slug":"bethsaida-2","types":["settlement"],"primaryType":"settlement","longitude":35.63096,"latitude":32.91038,"coordinateType":"point","verseCount":3,"identificationId":"a91b732","geometryId":null}},{"type":"Feature","geometry":{"type":"Point","coordinates":[35.503056,32.503611]},"properties":{"id":"a2a8df0","name":"Beth-shan","slug":"beth-shan","types":["settlement"],"primaryType":"settlement","longitude":35.503056,"latitude":32.503611,"coordinateType":"point","verseCount":8,"identificationId":"m2af7af","geometryId":null}},{"type":"Feature","geometry":{"type":"Point","coordinates":[34.974744,31.750621]},"properties":{"id":"a3b5b53","name":"Beth-shemesh 1","slug":"beth-shemesh-1","types":["settlement"],"primaryType":"settlement","longitude":34.974744,"latitude":31.750621,"coordinateType":"point","verseCount":17,"identificationId":"m7c5f02","geometryId":null}},{"type":"Feature","geometry":{"type":"Point","coordinates":[35.525239,32.687762]},"properties":{"id":"a3bb26d","name":"Beth-shemesh 2","slug":"beth-shemesh-2","types":["settlement"],"primaryType":"settlement","longitude":35.525239,"latitude":32.687762,"coordinateType":"point","verseCount":1,"identificationId":"m2de4c4","geometryId":null}},{"type":"Feature","geometry":{"type":"Point","coordinates":[35.33275,33.041278]},"properties":{"id":"a85cbab","name":"Beth-shemesh 3","slug":"beth-shemesh-3","types":["settlement"],"primaryType":"settlement","longitude":35.33275,"latitude":33.041278,"coordinateType":"point","verseCount":2,"identificationId":"me2704a","geometryId":null}},{"type":"Feature","geometry":{"type":"Point","coordinates":[35.4072,32.53918]},"properties":{"id":"a83d789","name":"Beth-shittah","slug":"beth-shittah","types":["settlement"],"primaryType":"settlement","longitude":35.4072,"latitude":32.53918,"coordinateType":"point","verseCount":1,"identificationId":"m8b46cd","geometryId":null}},{"type":"Feature","geometry":{"type":"Point","coordinates":[35.04622,31.53856]},"properties":{"id":"adac973","name":"Beth-tappuah","slug":"beth-tappuah","types":["settlement"],"primaryType":"settlement","longitude":35.04622,"latitude":31.53856,"coordinateType":"point","verseCount":1,"identificationId":"me36c0a","geometryId":null}},{"type":"Feature","geometry":{"type":"Point","coordinates":[37.2775,38.7225]},"properties":{"id":"a263e60","name":"Beth-togarmah","slug":"beth-togarmah","types":["settlement"],"primaryType":"settlement","longitude":37.2775,"latitude":38.7225,"coordinateType":"point","verseCount":2,"identificationId":"acfe0a6","geometryId":null}},{"type":"Feature","geometry":{"type":"Point","coordinates":[35.124376,31.344952]},"properties":{"id":"a55cec0","name":"Bethuel","slug":"bethuel","types":["settlement"],"primaryType":"settlement","longitude":35.124376,"latitude":31.344952,"coordinateType":"point","verseCount":1,"identificationId":"aeb5f24","geometryId":null}},{"type":"Feature","geometry":{"type":"Point","coordinates":[34.87847,31.327312]},"properties":{"id":"a92de65","name":"Bethul","slug":"bethul","types":["settlement"],"primaryType":"settlement","longitude":34.87847,"latitude":31.327312,"coordinateType":"point","verseCount":1,"identificationId":"a55cec0","geometryId":null}},{"type":"Feature","geometry":{"type":"Point","coordinates":[35.094155,31.589383]},"properties":{"id":"addba2a","name":"Beth-zur","slug":"beth-zur","types":["settlement"],"primaryType":"settlement","longitude":35.094155,"latitude":31.589383,"coordinateType":"point","verseCount":4,"identificationId":"m1b2999","geometryId":null}},{"type":"Feature","geometry":{"type":"Point","coordinates":[35.710739,32.010571]},"properties":{"id":"a079478","name":"Betonim","slug":"betonim","types":["settlement"],"primaryType":"settlement","longitude":35.710739,"latitude":32.010571,"coordinateType":"point","verseCount":1,"identificationId":"m5b9e13","geometryId":null}},{"type":"Feature","geometry":{"type":"Point","coordinates":[35.234167,31.776667]},"properties":{"id":"a88310a","name":"Beyond the River","slug":"beyond-the-river","types":["region"],"primaryType":"region","longitude":35.234167,"latitude":31.776667,"coordinateType":"representative point","verseCount":16,"identificationId":"a15257a","geometryId":"ge8859c"}},{"type":"Feature","geometry":{"type":"Point","coordinates":[35.39736,32.36884]},"properties":{"id":"af48fdd","name":"Bezek 1","slug":"bezek-1","types":["settlement"],"primaryType":"settlement","longitude":35.39736,"latitude":32.36884,"coordinateType":"point","verseCount":2,"identificationId":"a206291","geometryId":null}},{"type":"Feature","geometry":{"type":"Point","coordinates":[35.39736,32.36884]},"properties":{"id":"a206291","name":"Bezek 2","slug":"bezek-2","types":["settlement"],"primaryType":"settlement","longitude":35.39736,"latitude":32.36884,"coordinateType":"point","verseCount":1,"identificationId":"mf2c1fd","geometryId":null}},{"type":"Feature","geometry":{"type":"Point","coordinates":[35.90168,31.78603]},"properties":{"id":"a0cd098","name":"Bezer","slug":"bezer","types":["settlement"],"primaryType":"settlement","longitude":35.90168,"latitude":31.78603,"coordinateType":"point","verseCount":4,"identificationId":"m7e1954","geometryId":null}},{"type":"Feature","geometry":{"type":"Point","coordinates":[35.292,32.4462]},"properties":{"id":"ac959b2","name":"Bileam","slug":"bileam","types":["settlement"],"primaryType":"settlement","longitude":35.292,"latitude":32.4462,"coordinateType":"point","verseCount":1,"identificationId":"a878d66","geometryId":null}},{"type":"Feature","geometry":{"type":"Point","coordinates":[34.91217,31.142053]},"properties":{"id":"a20bd85","name":"Bilhah","slug":"bilhah","types":["settlement","special"],"primaryType":"settlement","longitude":34.91217,"latitude":31.142053,"coordinateType":"point","verseCount":1,"identificationId":"a289254","geometryId":null}},{"type":"Feature","geometry":{"type":"Point","coordinates":[31,40.5]},"properties":{"id":"a5c0cb0","name":"Bithynia","slug":"bithynia","types":["region"],"primaryType":"region","longitude":31,"latitude":40.5,"coordinateType":"representative point","verseCount":2,"identificationId":"m29b4f7","geometryId":"g933f6d"}},{"type":"Feature","geometry":{"type":"Point","coordinates":[35.241389,31.922778]},"properties":{"id":"a859268","name":"Bochim","slug":"bochim","types":["settlement","tree"],"primaryType":"settlement","longitude":35.241389,"latitude":31.922778,"coordinateType":"point","verseCount":2,"identificationId":"a64f355","geometryId":null}},{"type":"Feature","geometry":{"type":"Point","coordinates":[34.797404,31.281372]},"properties":{"id":"ab624f3","name":"Bor-ashan","slug":"bor-ashan","types":["settlement"],"primaryType":"settlement","longitude":34.797404,"latitude":31.281372,"coordinateType":"point","verseCount":1,"identificationId":"ab5175f","geometryId":null}},{"type":"Feature","geometry":{"type":"Point","coordinates":[35.287147,31.857165]},"properties":{"id":"abde10e","name":"Bozez","slug":"bozez","types":["cliff"],"primaryType":"cliff","longitude":35.287147,"latitude":31.857165,"coordinateType":"point","verseCount":1,"identificationId":"m0df275","geometryId":null}},{"type":"Feature","geometry":{"type":"Point","coordinates":[34.913176,31.536874]},"properties":{"id":"a58252b","name":"Bozkath","slug":"bozkath","types":["settlement"],"primaryType":"settlement","longitude":34.913176,"latitude":31.536874,"coordinateType":"point","verseCount":2,"identificationId":"m8f74a0","geometryId":null}},{"type":"Feature","geometry":{"type":"Point","coordinates":[35.603919,30.745843]},"properties":{"id":"a871210","name":"Bozrah 1","slug":"bozrah-1","types":["settlement"],"primaryType":"settlement","longitude":35.603919,"latitude":30.745843,"coordinateType":"point","verseCount":8,"identificationId":"m6b0cf5","geometryId":null}},{"type":"Feature","geometry":{"type":"Point","coordinates":[35.90168,31.78603]},"properties":{"id":"a8adc43","name":"Bozrah 2","slug":"bozrah-2","types":["settlement"],"primaryType":"settlement","longitude":35.90168,"latitude":31.78603,"coordinateType":"point","verseCount":1,"identificationId":"a0cd098","geometryId":null}},{"type":"Feature","geometry":{"type":"Point","coordinates":[35.231889,31.776083]},"properties":{"id":"ab0d85b","name":"Broad Wall","slug":"broad-wall","types":["structure"],"primaryType":"structure","longitude":35.231889,"latitude":31.776083,"coordinateType":"point","verseCount":2,"identificationId":"m3da284","geometryId":null}},{"type":"Feature","geometry":{"type":"Point","coordinates":[33.80649,31.145708]},"properties":{"id":"a7a59b4","name":"Brook of Egypt","slug":"brook-of-egypt","types":["river","special"],"primaryType":"river","longitude":33.80649,"latitude":31.145708,"coordinateType":"representative point","verseCount":9,"identificationId":"mcbd477","geometryId":"gd3a612"}},{"type":"Feature","geometry":{"type":"Point","coordinates":[35.546667,31.801389]},"properties":{"id":"a5983ec","name":"Brook of the Arabah","slug":"brook-of-the-arabah","types":["body of water","region","river","special","wadi"],"primaryType":"river","longitude":35.546667,"latitude":31.801389,"coordinateType":"representative point","verseCount":1,"identificationId":"mfa2f28","geometryId":"g37b221"}},{"type":"Feature","geometry":{"type":"Point","coordinates":[35.48533,31.02701]},"properties":{"id":"a0f88fb","name":"Brook of the Willows","slug":"brook-of-the-willows","types":["body of water","region","river","special","wadi"],"primaryType":"wadi","longitude":35.48533,"latitude":31.02701,"coordinateType":"representative point","verseCount":1,"identificationId":"mef067e","geometryId":"gc495b5"}},{"type":"Feature","geometry":{"type":"Point","coordinates":[38.987969,28.356612]},"properties":{"id":"a087a14","name":"Buz","slug":"buz","types":["region"],"primaryType":"region","longitude":38.987969,"latitude":28.356612,"coordinateType":"representative point","verseCount":1,"identificationId":"me99efe","geometryId":"gb51fc8"}},{"type":"Feature","geometry":{"type":"Point","coordinates":[34.928577,31.350265]},"properties":{"id":"a7ed00e","name":"Cabbon","slug":"cabbon","types":["settlement"],"primaryType":"settlement","longitude":34.928577,"latitude":31.350265,"coordinateType":"point","verseCount":1,"identificationId":"a3b7885","geometryId":null}},{"type":"Feature","geometry":{"type":"Point","coordinates":[35.211389,32.868333]},"properties":{"id":"a978a24","name":"Cabul 1","slug":"cabul-1","types":["settlement"],"primaryType":"settlement","longitude":35.211389,"latitude":32.868333,"coordinateType":"point","verseCount":1,"identificationId":"m651138","geometryId":null}},{"type":"Feature","geometry":{"type":"Point","coordinates":[35.211389,32.868333]},"properties":{"id":"a08144e","name":"Cabul 2","slug":"cabul-2","types":["region"],"primaryType":"region","longitude":35.211389,"latitude":32.868333,"coordinateType":"representative point","verseCount":1,"identificationId":"a978a24","geometryId":"ge980ef"}},{"type":"Feature","geometry":{"type":"Point","coordinates":[34.891667,32.5]},"properties":{"id":"a58735e","name":"Caesarea","slug":"caesarea","types":["settlement"],"primaryType":"settlement","longitude":34.891667,"latitude":32.5,"coordinateType":"point","verseCount":18,"identificationId":"m11da12","geometryId":null}},{"type":"Feature","geometry":{"type":"Point","coordinates":[35.693333,33.246111]},"properties":{"id":"ab7bf48","name":"Caesarea Philippi","slug":"caesarea-philippi","types":["settlement"],"primaryType":"settlement","longitude":35.693333,"latitude":33.246111,"coordinateType":"point","verseCount":2,"identificationId":"m518f8e","geometryId":null}},{"type":"Feature","geometry":{"type":"Point","coordinates":[43.328889,36.098056]},"properties":{"id":"ae1f807","name":"Calah","slug":"calah","types":["settlement"],"primaryType":"settlement","longitude":43.328889,"latitude":36.098056,"coordinateType":"point","verseCount":2,"identificationId":"maa532c","geometryId":null}},{"type":"Feature","geometry":{"type":"Point","coordinates":[35.207639,31.704306]},"properties":{"id":"abf6e12","name":"Caleb Ephrathah","slug":"caleb-ephrathah","types":["settlement","special"],"primaryType":"settlement","longitude":35.207639,"latitude":31.704306,"coordinateType":"point","verseCount":1,"identificationId":"a112427","geometryId":null}},{"type":"Feature","geometry":{"type":"Point","coordinates":[45.230833,32.126111]},"properties":{"id":"aee80af","name":"Calneh 1","slug":"calneh-1","types":["settlement","special"],"primaryType":"settlement","longitude":45.230833,"latitude":32.126111,"coordinateType":"point","verseCount":1,"identificationId":"m496ea5","geometryId":null}},{"type":"Feature","geometry":{"type":"Point","coordinates":[36.376389,36.2475]},"properties":{"id":"a7be664","name":"Calneh 2","slug":"calneh-2","types":["settlement"],"primaryType":"settlement","longitude":36.376389,"latitude":36.2475,"coordinateType":"point","verseCount":2,"identificationId":"m058079","geometryId":null}},{"type":"Feature","geometry":{"type":"Point","coordinates":[35.30269,32.8222]},"properties":{"id":"a031bda","name":"Cana","slug":"cana","types":["settlement"],"primaryType":"settlement","longitude":35.30269,"latitude":32.8222,"coordinateType":"point","verseCount":4,"identificationId":"m7c7d60","geometryId":null}},{"type":"Feature","geometry":{"type":"Point","coordinates":[35.333333,32.766667]},"properties":{"id":"a581f0c","name":"Canaan","slug":"canaan","types":["region"],"primaryType":"region","longitude":35.333333,"latitude":32.766667,"coordinateType":"representative point","verseCount":101,"identificationId":"m39393a","geometryId":"g7e51d1"}},{"type":"Feature","geometry":{"type":"Point","coordinates":[37.205535,36.292571]},"properties":{"id":"ae83efa","name":"Canneh","slug":"canneh","types":["settlement"],"primaryType":"settlement","longitude":37.205535,"latitude":36.292571,"coordinateType":"point","verseCount":1,"identificationId":"a7be664","geometryId":null}},{"type":"Feature","geometry":{"type":"Point","coordinates":[35.575,32.881111]},"properties":{"id":"af2161c","name":"Capernaum","slug":"capernaum","types":["settlement"],"primaryType":"settlement","longitude":35.575,"latitude":32.881111,"coordinateType":"point","verseCount":18,"identificationId":"m66efd0","geometryId":null}},{"type":"Feature","geometry":{"type":"Point","coordinates":[24.893333,35.309722]},"properties":{"id":"a329990","name":"Caphtor","slug":"caphtor","types":["island","region"],"primaryType":"island","longitude":24.893333,"latitude":35.309722,"coordinateType":"representative point","verseCount":5,"identificationId":"a26aa94","geometryId":"g7913a9"}},{"type":"Feature","geometry":{"type":"Point","coordinates":[34.839167,38.670556]},"properties":{"id":"a33fbde","name":"Cappadocia","slug":"cappadocia","types":["region"],"primaryType":"region","longitude":34.839167,"latitude":38.670556,"coordinateType":"representative point","verseCount":2,"identificationId":"m6e1e42","geometryId":"g6c0591"}},{"type":"Feature","geometry":{"type":"Point","coordinates":[38.015,36.829722]},"properties":{"id":"af6c730","name":"Carchemish","slug":"carchemish","types":["settlement"],"primaryType":"settlement","longitude":38.015,"latitude":36.829722,"coordinateType":"point","verseCount":3,"identificationId":"mc6835c","geometryId":null}},{"type":"Feature","geometry":{"type":"Point","coordinates":[35.132952,31.422876]},"properties":{"id":"a053f15","name":"Carmel 1","slug":"carmel-1","types":["settlement"],"primaryType":"settlement","longitude":35.132952,"latitude":31.422876,"coordinateType":"point","verseCount":14,"identificationId":"m74a4ea","geometryId":null}},{"type":"Feature","geometry":{"type":"Point","coordinates":[10.323461,36.852558]},"properties":{"id":"aa56bd1","name":"Carthage","slug":"carthage","types":["settlement"],"primaryType":"settlement","longitude":10.323461,"latitude":36.852558,"coordinateType":"point","verseCount":0,"identificationId":"m8f3972","geometryId":null}},{"type":"Feature","geometry":{"type":"Point","coordinates":[44.422222,32.543333]},"properties":{"id":"addb84c","name":"Casiphia","slug":"casiphia","types":["settlement","special"],"primaryType":"settlement","longitude":44.422222,"latitude":32.543333,"coordinateType":"representative point","verseCount":1,"identificationId":"a8394b8","geometryId":"g523915"}},{"type":"Feature","geometry":{"type":"Point","coordinates":[24.083333,34.833333]},"properties":{"id":"aca2b0a","name":"Cauda","slug":"cauda","types":["island"],"primaryType":"island","longitude":24.083333,"latitude":34.833333,"coordinateType":"representative point","verseCount":1,"identificationId":"m9e1f27","geometryId":"gad24f8"}},{"type":"Feature","geometry":{"type":"Point","coordinates":[22.996816,37.884335]},"properties":{"id":"aa31dd3","name":"Cenchreae","slug":"cenchreae","types":["settlement"],"primaryType":"settlement","longitude":22.996816,"latitude":37.884335,"coordinateType":"point","verseCount":2,"identificationId":"mf07963","geometryId":null}},{"type":"Feature","geometry":{"type":"Point","coordinates":[35.929722,33.725833]},"properties":{"id":"a527d04","name":"Chalcis","slug":"chalcis","types":["settlement"],"primaryType":"settlement","longitude":35.929722,"latitude":33.725833,"coordinateType":"point","verseCount":0,"identificationId":"m2ed2a7","geometryId":null}},{"type":"Feature","geometry":{"type":"Point","coordinates":[46.104444,30.962222]},"properties":{"id":"a32a4f8","name":"Chaldea","slug":"chaldea","types":["region"],"primaryType":"region","longitude":46.104444,"latitude":30.962222,"coordinateType":"representative point","verseCount":85,"identificationId":"aa01373","geometryId":"gae312e"}},{"type":"Feature","geometry":{"type":"Point","coordinates":[42.823141,33.643918]},"properties":{"id":"a08d4af","name":"Charmande","slug":"charmande","types":["settlement"],"primaryType":"settlement","longitude":42.823141,"latitude":33.643918,"coordinateType":"point","verseCount":0,"identificationId":"mbd8b3e","geometryId":null}},{"type":"Feature","geometry":{"type":"Point","coordinates":[45.230833,32.126944]},"properties":{"id":"a3d2f0a","name":"Chebar","slug":"chebar","types":["river"],"primaryType":"river","longitude":45.230833,"latitude":32.126944,"coordinateType":"representative point","verseCount":8,"identificationId":"m83ef94","geometryId":"gea6f29"}},{"type":"Feature","geometry":{"type":"Point","coordinates":[35.24758,31.96609]},"properties":{"id":"a2cb16b","name":"Chephar-ammoni","slug":"chephar-ammoni","types":["settlement","special"],"primaryType":"settlement","longitude":35.24758,"latitude":31.96609,"coordinateType":"point","verseCount":1,"identificationId":"m5370b8","geometryId":null}},{"type":"Feature","geometry":{"type":"Point","coordinates":[35.106769,31.8309]},"properties":{"id":"a2e5054","name":"Chephirah","slug":"chephirah","types":["settlement"],"primaryType":"settlement","longitude":35.106769,"latitude":31.8309,"coordinateType":"point","verseCount":4,"identificationId":"m6703bb","geometryId":null}},{"type":"Feature","geometry":{"type":"Point","coordinates":[35.591389,32.394722]},"properties":{"id":"aa7bee8","name":"Cherith","slug":"cherith","types":["settlement","wadi"],"primaryType":"wadi","longitude":35.591389,"latitude":32.394722,"coordinateType":"representative point","verseCount":2,"identificationId":"m266be5","geometryId":"ga19461"}},{"type":"Feature","geometry":{"type":"Point","coordinates":[44.422222,32.543333]},"properties":{"id":"ab3ad14","name":"Cherub","slug":"cherub","types":["settlement","special"],"primaryType":"settlement","longitude":44.422222,"latitude":32.543333,"coordinateType":"representative point","verseCount":2,"identificationId":"a8394b8","geometryId":"g523915"}},{"type":"Feature","geometry":{"type":"Point","coordinates":[35.051111,31.781111]},"properties":{"id":"a42c452","name":"Chesalon","slug":"chesalon","types":["settlement","special"],"primaryType":"settlement","longitude":35.051111,"latitude":31.781111,"coordinateType":"point","verseCount":1,"identificationId":"mb905e4","geometryId":null}},{"type":"Feature","geometry":{"type":"Point","coordinates":[34.87847,31.327312]},"properties":{"id":"acf2fac","name":"Chesil","slug":"chesil","types":["settlement"],"primaryType":"settlement","longitude":34.87847,"latitude":31.327312,"coordinateType":"point","verseCount":1,"identificationId":"a55cec0","geometryId":null}},{"type":"Feature","geometry":{"type":"Point","coordinates":[35.324193,32.683367]},"properties":{"id":"ac3d92d","name":"Chesulloth","slug":"chesulloth","types":["settlement"],"primaryType":"settlement","longitude":35.324193,"latitude":32.683367,"coordinateType":"point","verseCount":1,"identificationId":"m642313","geometryId":null}},{"type":"Feature","geometry":{"type":"Point","coordinates":[34.953019,31.642074]},"properties":{"id":"ab41e6b","name":"Chezib","slug":"chezib","types":["settlement"],"primaryType":"settlement","longitude":34.953019,"latitude":31.642074,"coordinateType":"point","verseCount":1,"identificationId":"a2270e4","geometryId":null}},{"type":"Feature","geometry":{"type":"Point","coordinates":[48.516247,34.8065]},"properties":{"id":"a961693","name":"Chilmad","slug":"chilmad","types":["region","settlement"],"primaryType":"region","longitude":48.516247,"latitude":34.8065,"coordinateType":"representative point","verseCount":1,"identificationId":"ad2fadf","geometryId":"g64db35"}},{"type":"Feature","geometry":{"type":"Point","coordinates":[35.538333,32.869444]},"properties":{"id":"a2bb265","name":"Chinnereth","slug":"chinnereth","types":["body of water","settlement"],"primaryType":"settlement","longitude":35.538333,"latitude":32.869444,"coordinateType":"point","verseCount":4,"identificationId":"ma29c5f","geometryId":null}},{"type":"Feature","geometry":{"type":"Point","coordinates":[26.1375,38.3725]},"properties":{"id":"a4c2c75","name":"Chios","slug":"chios","types":["island"],"primaryType":"island","longitude":26.1375,"latitude":38.3725,"coordinateType":"representative point","verseCount":1,"identificationId":"mf3ab86","geometryId":"gcd1146"}},{"type":"Feature","geometry":{"type":"Point","coordinates":[35.324193,32.683367]},"properties":{"id":"a898f06","name":"Chisloth-tabor","slug":"chisloth-tabor","types":["settlement"],"primaryType":"settlement","longitude":35.324193,"latitude":32.683367,"coordinateType":"point","verseCount":1,"identificationId":"ac3d92d","geometryId":null}},{"type":"Feature","geometry":{"type":"Point","coordinates":[34.78959,31.52994]},"properties":{"id":"a0ff819","name":"Chitlish","slug":"chitlish","types":["settlement"],"primaryType":"settlement","longitude":34.78959,"latitude":31.52994,"coordinateType":"point","verseCount":1,"identificationId":"mae4fc5","geometryId":null}},{"type":"Feature","geometry":{"type":"Point","coordinates":[35.563889,32.911389]},"properties":{"id":"a593a48","name":"Chorazin","slug":"chorazin","types":["settlement"],"primaryType":"settlement","longitude":35.563889,"latitude":32.911389,"coordinateType":"point","verseCount":2,"identificationId":"m4e5f05","geometryId":null}},{"type":"Feature","geometry":{"type":"Point","coordinates":[34.892056,36.913028]},"properties":{"id":"ad63819","name":"Cilicia","slug":"cilicia","types":["region"],"primaryType":"region","longitude":34.892056,"latitude":36.913028,"coordinateType":"representative point","verseCount":8,"identificationId":"a666ea0","geometryId":"gc82ef6"}},{"type":"Feature","geometry":{"type":"Point","coordinates":[35.235556,31.773611]},"properties":{"id":"a84f426","name":"City of David","slug":"city-of-david","types":["settlement"],"primaryType":"settlement","longitude":35.235556,"latitude":31.773611,"coordinateType":"point","verseCount":46,"identificationId":"mebf05c","geometryId":null}},{"type":"Feature","geometry":{"type":"Point","coordinates":[31.3075,30.129444]},"properties":{"id":"adca4b1","name":"City of Destruction","slug":"city-of-destruction","types":["settlement","special"],"primaryType":"settlement","longitude":31.3075,"latitude":30.129444,"coordinateType":"point","verseCount":1,"identificationId":"acd9137","geometryId":null}},{"type":"Feature","geometry":{"type":"Point","coordinates":[35.444564,31.871719]},"properties":{"id":"a529e92","name":"City of Palms 1","slug":"city-of-palms-1","types":["settlement"],"primaryType":"settlement","longitude":35.444564,"latitude":31.871719,"coordinateType":"point","verseCount":3,"identificationId":"a231f80","geometryId":null}},{"type":"Feature","geometry":{"type":"Point","coordinates":[35.444564,31.871719]},"properties":{"id":"ac4ff01","name":"City of Palms 2","slug":"city-of-palms-2","types":["settlement"],"primaryType":"settlement","longitude":35.444564,"latitude":31.871719,"coordinateType":"point","verseCount":1,"identificationId":"a231f80","geometryId":null}},{"type":"Feature","geometry":{"type":"Point","coordinates":[35.458611,31.740833]},"properties":{"id":"acc1702","name":"City of Salt","slug":"city-of-salt","types":["settlement"],"primaryType":"settlement","longitude":35.458611,"latitude":31.740833,"coordinateType":"point","verseCount":1,"identificationId":"m9c3ada","geometryId":null}},{"type":"Feature","geometry":{"type":"Point","coordinates":[27.375,36.685833]},"properties":{"id":"ab793ce","name":"Cnidus","slug":"cnidus","types":["settlement"],"primaryType":"settlement","longitude":27.375,"latitude":36.685833,"coordinateType":"point","verseCount":1,"identificationId":"m259892","geometryId":null}},{"type":"Feature","geometry":{"type":"Point","coordinates":[29.25994,37.78664]},"properties":{"id":"a4e5a69","name":"Colossae","slug":"colossae","types":["settlement"],"primaryType":"settlement","longitude":29.25994,"latitude":37.78664,"coordinateType":"point","verseCount":1,"identificationId":"m3f820b","geometryId":null}},{"type":"Feature","geometry":{"type":"Point","coordinates":[22.878741,37.905785]},"properties":{"id":"a6f437a","name":"Corinth","slug":"corinth","types":["settlement"],"primaryType":"settlement","longitude":22.878741,"latitude":37.905785,"coordinateType":"point","verseCount":11,"identificationId":"me0518f","geometryId":null}},{"type":"Feature","geometry":{"type":"Point","coordinates":[35.234167,31.776667]},"properties":{"id":"a68aa8f","name":"Corner Gate","slug":"corner-gate","types":["gate"],"primaryType":"gate","longitude":35.234167,"latitude":31.776667,"coordinateType":"settlement","verseCount":5,"identificationId":"a15257a","geometryId":null}},{"type":"Feature","geometry":{"type":"Point","coordinates":[27.110278,36.815278]},"properties":{"id":"a398e5d","name":"Cos","slug":"cos","types":["island"],"primaryType":"island","longitude":27.110278,"latitude":36.815278,"coordinateType":"representative point","verseCount":1,"identificationId":"md321d4","geometryId":"g56f025"}},{"type":"Feature","geometry":{"type":"Point","coordinates":[34.953019,31.642074]},"properties":{"id":"a44cac9","name":"Cozeba","slug":"cozeba","types":["settlement"],"primaryType":"settlement","longitude":34.953019,"latitude":31.642074,"coordinateType":"point","verseCount":1,"identificationId":"a2270e4","geometryId":null}},{"type":"Feature","geometry":{"type":"Point","coordinates":[24.893333,35.309722]},"properties":{"id":"a26aa94","name":"Crete","slug":"crete","types":["island"],"primaryType":"island","longitude":24.893333,"latitude":35.309722,"coordinateType":"representative point","verseCount":9,"identificationId":"mf93341","geometryId":"g7913a9"}},{"type":"Feature","geometry":{"type":"Point","coordinates":[36.423611,34.259722]},"properties":{"id":"a70f9d3","name":"Cun","slug":"cun","types":["settlement","special"],"primaryType":"settlement","longitude":36.423611,"latitude":34.259722,"coordinateType":"point","verseCount":1,"identificationId":"mede9e6","geometryId":null}},{"type":"Feature","geometry":{"type":"Point","coordinates":[33.75075,16.935139]},"properties":{"id":"ac5a1ec","name":"Cush 1","slug":"cush-1","types":["region"],"primaryType":"region","longitude":33.75075,"latitude":16.935139,"coordinateType":"representative point","verseCount":19,"identificationId":"m9982d9","geometryId":"g4b4d59"}},{"type":"Feature","geometry":{"type":"Point","coordinates":[44.422222,32.543333]},"properties":{"id":"a74ee0d","name":"Cush 2","slug":"cush-2","types":["region"],"primaryType":"region","longitude":44.422222,"latitude":32.543333,"coordinateType":"representative point","verseCount":1,"identificationId":"a8394b8","geometryId":"g523915"}},{"type":"Feature","geometry":{"type":"Point","coordinates":[35.0122,28.4947]},"properties":{"id":"a567e0e","name":"Cushan","slug":"cushan","types":["region","special"],"primaryType":"region","longitude":35.0122,"latitude":28.4947,"coordinateType":"representative point","verseCount":1,"identificationId":"acc6d8e","geometryId":"g4fc33f"}},{"type":"Feature","geometry":{"type":"Point","coordinates":[44.612861,32.760028]},"properties":{"id":"a538831","name":"Cuth","slug":"cuth","types":["settlement"],"primaryType":"settlement","longitude":44.612861,"latitude":32.760028,"coordinateType":"point","verseCount":2,"identificationId":"m0b7a33","geometryId":null}},{"type":"Feature","geometry":{"type":"Point","coordinates":[33,35]},"properties":{"id":"a2e7601","name":"Cyprus","slug":"cyprus","types":["island"],"primaryType":"island","longitude":33,"latitude":35,"coordinateType":"representative point","verseCount":12,"identificationId":"me751fb","geometryId":"g58e327"}},{"type":"Feature","geometry":{"type":"Point","coordinates":[21.851229,32.820946]},"properties":{"id":"a81cdb5","name":"Cyrene","slug":"cyrene","types":["settlement"],"primaryType":"settlement","longitude":21.851229,"latitude":32.820946,"coordinateType":"point","verseCount":7,"identificationId":"me649fd","geometryId":null}},{"type":"Feature","geometry":{"type":"Point","coordinates":[35.155,32.670278]},"properties":{"id":"a411151","name":"Dabbesheth","slug":"dabbesheth","types":["settlement"],"primaryType":"settlement","longitude":35.155,"latitude":32.670278,"coordinateType":"point","verseCount":1,"identificationId":"m307896","geometryId":null}},{"type":"Feature","geometry":{"type":"Point","coordinates":[35.377531,32.697284]},"properties":{"id":"a6a5e97","name":"Daberath","slug":"daberath","types":["settlement"],"primaryType":"settlement","longitude":35.377531,"latitude":32.697284,"coordinateType":"point","verseCount":3,"identificationId":"ma0ce5d","geometryId":null}},{"type":"Feature","geometry":{"type":"Point","coordinates":[35.513552,32.827069]},"properties":{"id":"ae8d09d","name":"Dalmanutha","slug":"dalmanutha","types":["settlement"],"primaryType":"settlement","longitude":35.513552,"latitude":32.827069,"coordinateType":"point","verseCount":1,"identificationId":"ad14067","geometryId":null}},{"type":"Feature","geometry":{"type":"Point","coordinates":[16.218756,43.812761]},"properties":{"id":"ae86cd7","name":"Dalmatia","slug":"dalmatia","types":["region"],"primaryType":"region","longitude":16.218756,"latitude":43.812761,"coordinateType":"representative point","verseCount":1,"identificationId":"me8c716","geometryId":"g759c47"}},{"type":"Feature","geometry":{"type":"Point","coordinates":[36.30639,33.511112]},"properties":{"id":"a69c1d4","name":"Damascus","slug":"damascus","types":["settlement"],"primaryType":"settlement","longitude":36.30639,"latitude":33.511112,"coordinateType":"point","verseCount":58,"identificationId":"m878978","geometryId":null}},{"type":"Feature","geometry":{"type":"Point","coordinates":[35.652,33.249]},"properties":{"id":"a513646","name":"Dan","slug":"dan","types":["settlement"],"primaryType":"settlement","longitude":35.652,"latitude":33.249,"coordinateType":"point","verseCount":25,"identificationId":"mb61c67","geometryId":null}},{"type":"Feature","geometry":{"type":"Point","coordinates":[34.995,31.3698]},"properties":{"id":"a65c305","name":"Dannah","slug":"dannah","types":["settlement"],"primaryType":"settlement","longitude":34.995,"latitude":31.3698,"coordinateType":"point","verseCount":1,"identificationId":"m6494e7","geometryId":null}},{"type":"Feature","geometry":{"type":"Point","coordinates":[35.01485,31.43209]},"properties":{"id":"ad2048e","name":"Debir 1","slug":"debir-1","types":["settlement"],"primaryType":"settlement","longitude":35.01485,"latitude":31.43209,"coordinateType":"point","verseCount":11,"identificationId":"ma06d55","geometryId":null}},{"type":"Feature","geometry":{"type":"Point","coordinates":[35.359429,31.816392]},"properties":{"id":"ad334c4","name":"Debir 2","slug":"debir-2","types":["settlement"],"primaryType":"settlement","longitude":35.359429,"latitude":31.816392,"coordinateType":"point","verseCount":1,"identificationId":"mfa6017","geometryId":null}},{"type":"Feature","geometry":{"type":"Point","coordinates":[35.629916,32.683927]},"properties":{"id":"ac6416d","name":"Debir 3","slug":"debir-3","types":["settlement"],"primaryType":"settlement","longitude":35.629916,"latitude":32.683927,"coordinateType":"point","verseCount":1,"identificationId":"a376eed","geometryId":null}},{"type":"Feature","geometry":{"type":"Point","coordinates":[35.8,32.716667]},"properties":{"id":"ae733a2","name":"Decapolis","slug":"decapolis","types":["region"],"primaryType":"region","longitude":35.8,"latitude":32.716667,"coordinateType":"representative point","verseCount":3,"identificationId":"m59ce29","geometryId":"ga00ceb"}},{"type":"Feature","geometry":{"type":"Point","coordinates":[37.91667,26.65]},"properties":{"id":"a3a2a75","name":"Dedan","slug":"dedan","types":["settlement"],"primaryType":"settlement","longitude":37.91667,"latitude":26.65,"coordinateType":"point","verseCount":7,"identificationId":"me6a184","geometryId":null}},{"type":"Feature","geometry":{"type":"Point","coordinates":[33.361453,37.348569]},"properties":{"id":"aa401a9","name":"Derbe","slug":"derbe","types":["settlement"],"primaryType":"settlement","longitude":33.361453,"latitude":37.348569,"coordinateType":"point","verseCount":5,"identificationId":"mc076de","geometryId":null}},{"type":"Feature","geometry":{"type":"Point","coordinates":[35.776574,31.502236]},"properties":{"id":"a0d784a","name":"Dibon 1","slug":"dibon-1","types":["settlement"],"primaryType":"settlement","longitude":35.776574,"latitude":31.502236,"coordinateType":"point","verseCount":10,"identificationId":"m122dcf","geometryId":null}},{"type":"Feature","geometry":{"type":"Point","coordinates":[35.1562,31.29606]},"properties":{"id":"a3d1c99","name":"Dibon 2","slug":"dibon-2","types":["settlement"],"primaryType":"settlement","longitude":35.1562,"latitude":31.29606,"coordinateType":"point","verseCount":1,"identificationId":"ac17675","geometryId":null}},{"type":"Feature","geometry":{"type":"Point","coordinates":[35.776574,31.502236]},"properties":{"id":"ae8badb","name":"Dibon 3","slug":"dibon-3","types":["settlement"],"primaryType":"settlement","longitude":35.776574,"latitude":31.502236,"coordinateType":"point","verseCount":1,"identificationId":"a0d784a","geometryId":null}},{"type":"Feature","geometry":{"type":"Point","coordinates":[34.7583,31.50259]},"properties":{"id":"aecc492","name":"Dilean","slug":"dilean","types":["settlement"],"primaryType":"settlement","longitude":34.7583,"latitude":31.50259,"coordinateType":"point","verseCount":1,"identificationId":"m79536a","geometryId":null}},{"type":"Feature","geometry":{"type":"Point","coordinates":[35.310556,32.788056]},"properties":{"id":"a971a54","name":"Dimnah","slug":"dimnah","types":["settlement"],"primaryType":"settlement","longitude":35.310556,"latitude":32.788056,"coordinateType":"point","verseCount":1,"identificationId":"a813f22","geometryId":null}},{"type":"Feature","geometry":{"type":"Point","coordinates":[35.776574,31.502236]},"properties":{"id":"ac17675","name":"Dimonah","slug":"dimonah","types":["settlement"],"primaryType":"settlement","longitude":35.776574,"latitude":31.502236,"coordinateType":"point","verseCount":1,"identificationId":"a3d1c99","geometryId":null}},{"type":"Feature","geometry":{"type":"Point","coordinates":[35.722377,31.798459]},"properties":{"id":"ae28fc7","name":"Dinhabah","slug":"dinhabah","types":["settlement"],"primaryType":"settlement","longitude":35.722377,"latitude":31.798459,"coordinateType":"point","verseCount":2,"identificationId":"mcf60ee","geometryId":null}},{"type":"Feature","geometry":{"type":"Point","coordinates":[35.281944,32.213611]},"properties":{"id":"a0dc90b","name":"Diviners’ Oak","slug":"diviners-oak","types":["tree"],"primaryType":"tree","longitude":35.281944,"latitude":32.213611,"coordinateType":"center","verseCount":1,"identificationId":"adf74d4","geometryId":"ga301a5"}},{"type":"Feature","geometry":{"type":"Point","coordinates":[36.050752,31.806601]},"properties":{"id":"afcb77d","name":"Dizahab","slug":"dizahab","types":["settlement","special"],"primaryType":"settlement","longitude":36.050752,"latitude":31.806601,"coordinateType":"point","verseCount":1,"identificationId":"m17c007","geometryId":null}},{"type":"Feature","geometry":{"type":"Point","coordinates":[33.459407,29.036733]},"properties":{"id":"a070c7b","name":"Dophkah","slug":"dophkah","types":["settlement"],"primaryType":"settlement","longitude":33.459407,"latitude":29.036733,"coordinateType":"point","verseCount":2,"identificationId":"m14916e","geometryId":null}},{"type":"Feature","geometry":{"type":"Point","coordinates":[34.916364,32.617428]},"properties":{"id":"a70c56b","name":"Dor","slug":"dor","types":["settlement"],"primaryType":"settlement","longitude":34.916364,"latitude":32.617428,"coordinateType":"point","verseCount":4,"identificationId":"m13789b","geometryId":null}},{"type":"Feature","geometry":{"type":"Point","coordinates":[35.239861,32.413528]},"properties":{"id":"ab635e4","name":"Dothan","slug":"dothan","types":["settlement"],"primaryType":"settlement","longitude":35.239861,"latitude":32.413528,"coordinateType":"point","verseCount":2,"identificationId":"m8774a2","geometryId":null}},{"type":"Feature","geometry":{"type":"Point","coordinates":[35.235985,31.767198]},"properties":{"id":"ab9580e","name":"Dragon Spring","slug":"dragon-spring","types":["spring"],"primaryType":"spring","longitude":35.235985,"latitude":31.767198,"coordinateType":"point","verseCount":1,"identificationId":"af9cfc9","geometryId":null}},{"type":"Feature","geometry":{"type":"Point","coordinates":[34.9861,31.4306]},"properties":{"id":"a75d2ab","name":"Dumah 1","slug":"dumah-1","types":["settlement"],"primaryType":"settlement","longitude":34.9861,"latitude":31.4306,"coordinateType":"point","verseCount":1,"identificationId":"mf937bb","geometryId":null}},{"type":"Feature","geometry":{"type":"Point","coordinates":[35.603919,30.745843]},"properties":{"id":"a0a6365","name":"Dumah 2","slug":"dumah-2","types":["region","settlement","special"],"primaryType":"region","longitude":35.603919,"latitude":30.745843,"coordinateType":"representative point","verseCount":1,"identificationId":"a2735ff","geometryId":"g7ad983"}},{"type":"Feature","geometry":{"type":"Point","coordinates":[35.234167,31.776667]},"properties":{"id":"a1611b6","name":"Dung Gate","slug":"dung-gate","types":["gate"],"primaryType":"gate","longitude":35.234167,"latitude":31.776667,"coordinateType":"settlement","verseCount":4,"identificationId":"a15257a","geometryId":null}},{"type":"Feature","geometry":{"type":"Point","coordinates":[44.501667,32.32]},"properties":{"id":"a3bcd66","name":"Dura","slug":"dura","types":["district in settlement","natural area","settlement"],"primaryType":"natural area","longitude":44.501667,"latitude":32.32,"coordinateType":"representative point","verseCount":1,"identificationId":"mda5d88","geometryId":"g3833b7"}},{"type":"Feature","geometry":{"type":"Point","coordinates":[35.9343,31.9547]},"properties":{"id":"ab0b2dd","name":"East","slug":"east","types":["region"],"primaryType":"region","longitude":35.9343,"latitude":31.9547,"coordinateType":"representative point","verseCount":18,"identificationId":"ae067b5","geometryId":"g357ac3"}},{"type":"Feature","geometry":{"type":"Point","coordinates":[35.234167,31.776667]},"properties":{"id":"a4e8401","name":"East Gate","slug":"east-gate","types":["gate"],"primaryType":"gate","longitude":35.234167,"latitude":31.776667,"coordinateType":"settlement","verseCount":4,"identificationId":"a15257a","geometryId":null}},{"type":"Feature","geometry":{"type":"Point","coordinates":[35.234167,31.776667]},"properties":{"id":"a6bb890","name":"East Square","slug":"east-square","types":["district in settlement"],"primaryType":"district in settlement","longitude":35.234167,"latitude":31.776667,"coordinateType":"settlement","verseCount":1,"identificationId":"a15257a","geometryId":null}},{"type":"Feature","geometry":{"type":"Point","coordinates":[34.9645,32.1046]},"properties":{"id":"abfdefc","name":"Ebenezer 1","slug":"ebenezer-1","types":["settlement"],"primaryType":"settlement","longitude":34.9645,"latitude":32.1046,"coordinateType":"point","verseCount":2,"identificationId":"mf0b0ed","geometryId":null}},{"type":"Feature","geometry":{"type":"Point","coordinates":[35.23695,31.940941]},"properties":{"id":"aadaf09","name":"Ebenezer 2","slug":"ebenezer-2","types":["rock"],"primaryType":"rock","longitude":35.23695,"latitude":31.940941,"coordinateType":"representative point","verseCount":1,"identificationId":"m817ceb","geometryId":"g096c84"}},{"type":"Feature","geometry":{"type":"Point","coordinates":[35.505833,32.658056]},"properties":{"id":"acd9b19","name":"Ebez","slug":"ebez","types":["settlement"],"primaryType":"settlement","longitude":35.505833,"latitude":32.658056,"coordinateType":"point","verseCount":1,"identificationId":"m626d73","geometryId":null}},{"type":"Feature","geometry":{"type":"Point","coordinates":[35.161916,33.047692]},"properties":{"id":"a728e07","name":"Ebron","slug":"ebron","types":["settlement"],"primaryType":"settlement","longitude":35.161916,"latitude":33.047692,"coordinateType":"point","verseCount":1,"identificationId":"a72a1ff","geometryId":null}},{"type":"Feature","geometry":{"type":"Point","coordinates":[48.516247,34.8065]},"properties":{"id":"a212ef7","name":"Ecbatana","slug":"ecbatana","types":["settlement"],"primaryType":"settlement","longitude":48.516247,"latitude":34.8065,"coordinateType":"point","verseCount":1,"identificationId":"m6d408e","geometryId":null}},{"type":"Feature","geometry":{"type":"Point","coordinates":[44.95,40.383333]},"properties":{"id":"af3daeb","name":"Eden 1","slug":"eden-1","types":["garden","special"],"primaryType":"garden","longitude":44.95,"latitude":40.383333,"coordinateType":"representative point","verseCount":13,"identificationId":"m47cd69","geometryId":"g8fc93c"}},{"type":"Feature","geometry":{"type":"Point","coordinates":[38.0865,36.7014]},"properties":{"id":"a7409b9","name":"Eden 2","slug":"eden-2","types":["region"],"primaryType":"region","longitude":38.0865,"latitude":36.7014,"coordinateType":"representative point","verseCount":3,"identificationId":"a84c5a4","geometryId":"ga277ef"}},{"type":"Feature","geometry":{"type":"Point","coordinates":[35.230111,31.707306]},"properties":{"id":"ab80fa1","name":"Eder 1","slug":"eder-1","types":["settlement"],"primaryType":"settlement","longitude":35.230111,"latitude":31.707306,"coordinateType":"point","verseCount":1,"identificationId":"me05cc2","geometryId":null}},{"type":"Feature","geometry":{"type":"Point","coordinates":[35.125,31.280833]},"properties":{"id":"a1b30e1","name":"Eder 2","slug":"eder-2","types":["settlement"],"primaryType":"settlement","longitude":35.125,"latitude":31.280833,"coordinateType":"point","verseCount":1,"identificationId":"a4cea2a","geometryId":null}},{"type":"Feature","geometry":{"type":"Point","coordinates":[35.603919,30.745843]},"properties":{"id":"a2735ff","name":"Edom","slug":"edom","types":["region"],"primaryType":"region","longitude":35.603919,"latitude":30.745843,"coordinateType":"representative point","verseCount":111,"identificationId":"a871210","geometryId":"g7ad983"}},{"type":"Feature","geometry":{"type":"Point","coordinates":[36.106111,32.625278]},"properties":{"id":"aaa6f7a","name":"Edrei 1","slug":"edrei-1","types":["settlement"],"primaryType":"settlement","longitude":36.106111,"latitude":32.625278,"coordinateType":"point","verseCount":7,"identificationId":"ma09e9a","geometryId":null}},{"type":"Feature","geometry":{"type":"Point","coordinates":[35.528333,33.075833]},"properties":{"id":"a85eb38","name":"Edrei 2","slug":"edrei-2","types":["settlement"],"primaryType":"settlement","longitude":35.528333,"latitude":33.075833,"coordinateType":"point","verseCount":1,"identificationId":"mdc8fda","geometryId":null}},{"type":"Feature","geometry":{"type":"Point","coordinates":[35.712631,31.180849]},"properties":{"id":"aacbcf0","name":"Eglaim","slug":"eglaim","types":["settlement","special","spring"],"primaryType":"settlement","longitude":35.712631,"latitude":31.180849,"coordinateType":"point","verseCount":1,"identificationId":"m64a773","geometryId":null}},{"type":"Feature","geometry":{"type":"Point","coordinates":[35.487657,31.036904]},"properties":{"id":"af7eb92","name":"Eglath-shelishiyah","slug":"eglath-shelishiyah","types":["settlement","special"],"primaryType":"settlement","longitude":35.487657,"latitude":31.036904,"coordinateType":"center","verseCount":2,"identificationId":"aacfcda","geometryId":"g5d17f0"}},{"type":"Feature","geometry":{"type":"Point","coordinates":[34.928055,31.491813]},"properties":{"id":"a244d8f","name":"Eglon","slug":"eglon","types":["settlement"],"primaryType":"settlement","longitude":34.928055,"latitude":31.491813,"coordinateType":"point","verseCount":8,"identificationId":"mc73188","geometryId":null}},{"type":"Feature","geometry":{"type":"Point","coordinates":[31.3075,30.129444]},"properties":{"id":"af301ca","name":"Egypt","slug":"egypt","types":["region"],"primaryType":"region","longitude":31.3075,"latitude":30.129444,"coordinateType":"representative point","verseCount":658,"identificationId":"acd9137","geometryId":"g40d263"}},{"type":"Feature","geometry":{"type":"Point","coordinates":[34.851944,31.7775]},"properties":{"id":"a3fc47a","name":"Ekron","slug":"ekron","types":["settlement"],"primaryType":"settlement","longitude":34.851944,"latitude":31.7775,"coordinateType":"point","verseCount":20,"identificationId":"ma2bedf","geometryId":null}},{"type":"Feature","geometry":{"type":"Point","coordinates":[48.25778,32.18922]},"properties":{"id":"a7e3a59","name":"Elam","slug":"elam","types":["region"],"primaryType":"region","longitude":48.25778,"latitude":32.18922,"coordinateType":"representative point","verseCount":16,"identificationId":"a033b84","geometryId":"g727b1f"}},{"type":"Feature","geometry":{"type":"Point","coordinates":[34.999999,29.530676]},"properties":{"id":"af0ac29","name":"Elath","slug":"elath","types":["island","settlement"],"primaryType":"settlement","longitude":34.999999,"latitude":29.530676,"coordinateType":"point","verseCount":6,"identificationId":"med32df","geometryId":null}},{"type":"Feature","geometry":{"type":"Point","coordinates":[35.241389,31.922778]},"properties":{"id":"a30b045","name":"El-bethel","slug":"el-bethel","types":["altar"],"primaryType":"altar","longitude":35.241389,"latitude":31.922778,"coordinateType":"settlement","verseCount":1,"identificationId":"a64f355","geometryId":null}},{"type":"Feature","geometry":{"type":"Point","coordinates":[35.828315,31.819308]},"properties":{"id":"a5ccd34","name":"Elealeh","slug":"elealeh","types":["settlement"],"primaryType":"settlement","longitude":35.828315,"latitude":31.819308,"coordinateType":"point","verseCount":5,"identificationId":"m495fa6","geometryId":null}},{"type":"Feature","geometry":{"type":"Point","coordinates":[32.915833,29.254722]},"properties":{"id":"a2410c1","name":"Elim","slug":"elim","types":["settlement"],"primaryType":"settlement","longitude":32.915833,"latitude":29.254722,"coordinateType":"representative point","verseCount":4,"identificationId":"md37ab1","geometryId":"ge39dc6"}},{"type":"Feature","geometry":{"type":"Point","coordinates":[33,35]},"properties":{"id":"a71d65f","name":"Elishah","slug":"elishah","types":["island","region","settlement"],"primaryType":"island","longitude":33,"latitude":35,"coordinateType":"representative point","verseCount":1,"identificationId":"a2e7601","geometryId":"g58e327"}},{"type":"Feature","geometry":{"type":"Point","coordinates":[35.33833,33.12139]},"properties":{"id":"a221d82","name":"Elkosh","slug":"elkosh","types":["settlement","special"],"primaryType":"settlement","longitude":35.33833,"latitude":33.12139,"coordinateType":"point","verseCount":1,"identificationId":"m67fb06","geometryId":null}},{"type":"Feature","geometry":{"type":"Point","coordinates":[43.2625,35.456667]},"properties":{"id":"a6f4a6d","name":"Ellasar","slug":"ellasar","types":["region","settlement"],"primaryType":"settlement","longitude":43.2625,"latitude":35.456667,"coordinateType":"point","verseCount":2,"identificationId":"a874951","geometryId":null}},{"type":"Feature","geometry":{"type":"Point","coordinates":[35.023611,31.841111]},"properties":{"id":"ae180d8","name":"Elon","slug":"elon","types":["settlement"],"primaryType":"settlement","longitude":35.023611,"latitude":31.841111,"coordinateType":"point","verseCount":1,"identificationId":"a8e6824","geometryId":null}},{"type":"Feature","geometry":{"type":"Point","coordinates":[34.997106,31.746288]},"properties":{"id":"a8e6824","name":"Elonbeth-hanan","slug":"elonbeth-hanan","types":["settlement"],"primaryType":"settlement","longitude":34.997106,"latitude":31.746288,"coordinateType":"point","verseCount":1,"identificationId":"ae180d8","geometryId":null}},{"type":"Feature","geometry":{"type":"Point","coordinates":[34.999999,29.530676]},"properties":{"id":"a738bf1","name":"El-paran","slug":"el-paran","types":["island","region","settlement"],"primaryType":"settlement","longitude":34.999999,"latitude":29.530676,"coordinateType":"point","verseCount":1,"identificationId":"af0ac29","geometryId":null}},{"type":"Feature","geometry":{"type":"Point","coordinates":[34.767778,31.8925]},"properties":{"id":"a3c4559","name":"Eltekeh","slug":"eltekeh","types":["settlement"],"primaryType":"settlement","longitude":34.767778,"latitude":31.8925,"coordinateType":"point","verseCount":2,"identificationId":"md543e2","geometryId":null}},{"type":"Feature","geometry":{"type":"Point","coordinates":[35.101485,31.690314]},"properties":{"id":"a26cd81","name":"Eltekon","slug":"eltekon","types":["settlement"],"primaryType":"settlement","longitude":35.101485,"latitude":31.690314,"coordinateType":"point","verseCount":1,"identificationId":"m553f4d","geometryId":null}},{"type":"Feature","geometry":{"type":"Point","coordinates":[34.840833,31.244722]},"properties":{"id":"a5709da","name":"Eltolad","slug":"eltolad","types":["settlement"],"primaryType":"settlement","longitude":34.840833,"latitude":31.244722,"coordinateType":"center","verseCount":3,"identificationId":"ad2f6c2","geometryId":"g3c299a"}},{"type":"Feature","geometry":{"type":"Point","coordinates":[35.444564,31.871719]},"properties":{"id":"a774e50","name":"Emek-keziz","slug":"emek-keziz","types":["settlement"],"primaryType":"settlement","longitude":35.444564,"latitude":31.871719,"coordinateType":"center","verseCount":1,"identificationId":"a231f80","geometryId":"g054672"}},{"type":"Feature","geometry":{"type":"Point","coordinates":[35.16419,31.79289]},"properties":{"id":"ae7274b","name":"Emmaus","slug":"emmaus","types":["settlement"],"primaryType":"settlement","longitude":35.16419,"latitude":31.79289,"coordinateType":"point","verseCount":3,"identificationId":"m639fec","geometryId":null}},{"type":"Feature","geometry":{"type":"Point","coordinates":[35.012365,31.68768]},"properties":{"id":"a59fdf2","name":"Enaim","slug":"enaim","types":["settlement","special"],"primaryType":"settlement","longitude":35.012365,"latitude":31.68768,"coordinateType":"point","verseCount":2,"identificationId":"a26921e","geometryId":null}},{"type":"Feature","geometry":{"type":"Point","coordinates":[34.969167,31.715]},"properties":{"id":"a26921e","name":"Enam","slug":"enam","types":["settlement","special"],"primaryType":"settlement","longitude":34.969167,"latitude":31.715,"coordinateType":"representative point","verseCount":1,"identificationId":"a59fdf2","geometryId":"gac7530"}},{"type":"Feature","geometry":{"type":"Point","coordinates":[35.390222,32.643614]},"properties":{"id":"aca444b","name":"En-dor","slug":"en-dor","types":["settlement"],"primaryType":"settlement","longitude":35.390222,"latitude":32.643614,"coordinateType":"point","verseCount":3,"identificationId":"m28e9df","geometryId":null}},{"type":"Feature","geometry":{"type":"Point","coordinates":[35.533581,31.28064]},"properties":{"id":"ad44943","name":"Eneglaim","slug":"eneglaim","types":["settlement","special","spring"],"primaryType":"settlement","longitude":35.533581,"latitude":31.28064,"coordinateType":"point","verseCount":1,"identificationId":"m07bd90","geometryId":null}},{"type":"Feature","geometry":{"type":"Point","coordinates":[34.963781,31.747614]},"properties":{"id":"abe5f95","name":"En-gannim 1","slug":"en-gannim-1","types":["settlement"],"primaryType":"settlement","longitude":34.963781,"latitude":31.747614,"coordinateType":"point","verseCount":1,"identificationId":"mf81851","geometryId":null}},{"type":"Feature","geometry":{"type":"Point","coordinates":[35.495439,32.713549]},"properties":{"id":"a8eae19","name":"En-gannim 2","slug":"en-gannim-2","types":["settlement"],"primaryType":"settlement","longitude":35.495439,"latitude":32.713549,"coordinateType":"point","verseCount":2,"identificationId":"mecc3c0","geometryId":null}},{"type":"Feature","geometry":{"type":"Point","coordinates":[35.383333,31.45]},"properties":{"id":"a51df0e","name":"Engedi","slug":"engedi","types":["region"],"primaryType":"region","longitude":35.383333,"latitude":31.45,"coordinateType":"representative point","verseCount":6,"identificationId":"m0ba7d9","geometryId":"g5008cf"}},{"type":"Feature","geometry":{"type":"Point","coordinates":[35.4863,32.6804]},"properties":{"id":"a009e7d","name":"En-haddah","slug":"en-haddah","types":["settlement"],"primaryType":"settlement","longitude":35.4863,"latitude":32.6804,"coordinateType":"point","verseCount":1,"identificationId":"m325c72","geometryId":null}},{"type":"Feature","geometry":{"type":"Point","coordinates":[35.001006,31.748796]},"properties":{"id":"a0e33a3","name":"En-hakkore","slug":"en-hakkore","types":["special","spring"],"primaryType":"spring","longitude":35.001006,"latitude":31.748796,"coordinateType":"center","verseCount":1,"identificationId":"aeeaca0","geometryId":"ge46d29"}},{"type":"Feature","geometry":{"type":"Point","coordinates":[35.44,33.12889]},"properties":{"id":"a156070","name":"En-hazor","slug":"en-hazor","types":["settlement"],"primaryType":"settlement","longitude":35.44,"latitude":33.12889,"coordinateType":"point","verseCount":1,"identificationId":"m6d8f34","geometryId":null}},{"type":"Feature","geometry":{"type":"Point","coordinates":[34.86564,31.38333]},"properties":{"id":"ab28e2e","name":"En-rimmon","slug":"en-rimmon","types":["settlement"],"primaryType":"settlement","longitude":34.86564,"latitude":31.38333,"coordinateType":"point","verseCount":1,"identificationId":"a8da370","geometryId":null}},{"type":"Feature","geometry":{"type":"Point","coordinates":[35.235985,31.767198]},"properties":{"id":"af9cfc9","name":"En-rogel","slug":"en-rogel","types":["spring"],"primaryType":"spring","longitude":35.235985,"latitude":31.767198,"coordinateType":"point","verseCount":6,"identificationId":"m628173","geometryId":null}},{"type":"Feature","geometry":{"type":"Point","coordinates":[35.27013,31.77406]},"properties":{"id":"a34e870","name":"En-shemesh","slug":"en-shemesh","types":["spring"],"primaryType":"spring","longitude":35.27013,"latitude":31.77406,"coordinateType":"point","verseCount":2,"identificationId":"md512fb","geometryId":null}},{"type":"Feature","geometry":{"type":"Point","coordinates":[35.23007,32.10415]},"properties":{"id":"ad6b2b7","name":"En-tappuah","slug":"en-tappuah","types":["spring"],"primaryType":"spring","longitude":35.23007,"latitude":32.10415,"coordinateType":"center","verseCount":2,"identificationId":"a03be2e","geometryId":"g5321ec"}},{"type":"Feature","geometry":{"type":"Point","coordinates":[35.0122,28.4947]},"properties":{"id":"ac25afc","name":"Ephah","slug":"ephah","types":["people group"],"primaryType":"people group","longitude":35.0122,"latitude":28.4947,"coordinateType":"representative point","verseCount":1,"identificationId":"acc6d8e","geometryId":"g4fc33f"}},{"type":"Feature","geometry":{"type":"Point","coordinates":[35.052238,31.684489]},"properties":{"id":"aafd7c4","name":"Ephes-dammim","slug":"ephes-dammim","types":["settlement"],"primaryType":"settlement","longitude":35.052238,"latitude":31.684489,"coordinateType":"point","verseCount":3,"identificationId":"m80e219","geometryId":null}},{"type":"Feature","geometry":{"type":"Point","coordinates":[27.3407,37.939125]},"properties":{"id":"a5feb15","name":"Ephesus","slug":"ephesus","types":["settlement"],"primaryType":"settlement","longitude":27.3407,"latitude":37.939125,"coordinateType":"point","verseCount":20,"identificationId":"m84025e","geometryId":null}},{"type":"Feature","geometry":{"type":"Point","coordinates":[35.300278,31.954444]},"properties":{"id":"a507da9","name":"Ephraim 1","slug":"ephraim-1","types":["mountain","settlement"],"primaryType":"settlement","longitude":35.300278,"latitude":31.954444,"coordinateType":"point","verseCount":1,"identificationId":"m590c60","geometryId":null}},{"type":"Feature","geometry":{"type":"Point","coordinates":[35.300278,31.954444]},"properties":{"id":"ad14500","name":"Ephraim 2","slug":"ephraim-2","types":["settlement"],"primaryType":"settlement","longitude":35.300278,"latitude":31.954444,"coordinateType":"point","verseCount":1,"identificationId":"a507da9","geometryId":null}},{"type":"Feature","geometry":{"type":"Point","coordinates":[35.764722,32.381111]},"properties":{"id":"aa24ad4","name":"Ephraim 3","slug":"ephraim-3","types":["region"],"primaryType":"region","longitude":35.764722,"latitude":32.381111,"coordinateType":"representative point","verseCount":1,"identificationId":"m790367","geometryId":"g3fb3df"}},{"type":"Feature","geometry":{"type":"Point","coordinates":[35.234167,31.776667]},"properties":{"id":"a7b6270","name":"Ephraim Gate","slug":"ephraim-gate","types":["gate"],"primaryType":"gate","longitude":35.234167,"latitude":31.776667,"coordinateType":"settlement","verseCount":4,"identificationId":"a15257a","geometryId":null}},{"type":"Feature","geometry":{"type":"Point","coordinates":[35.207639,31.704306]},"properties":{"id":"af4e985","name":"Ephrath","slug":"ephrath","types":["settlement"],"primaryType":"settlement","longitude":35.207639,"latitude":31.704306,"coordinateType":"point","verseCount":3,"identificationId":"a112427","geometryId":null}},{"type":"Feature","geometry":{"type":"Point","coordinates":[35.207639,31.704306]},"properties":{"id":"af6c09e","name":"Ephrathah","slug":"ephrathah","types":["settlement"],"primaryType":"settlement","longitude":35.207639,"latitude":31.704306,"coordinateType":"point","verseCount":2,"identificationId":"a112427","geometryId":null}},{"type":"Feature","geometry":{"type":"Point","coordinates":[35.144167,31.796944]},"properties":{"id":"a9a6f72","name":"Ephron 1","slug":"ephron-1","types":["settlement","special"],"primaryType":"settlement","longitude":35.144167,"latitude":31.796944,"coordinateType":"point","verseCount":1,"identificationId":"a75aff4","geometryId":null}},{"type":"Feature","geometry":{"type":"Point","coordinates":[35.300278,31.954444]},"properties":{"id":"a1230e5","name":"Ephron 2","slug":"ephron-2","types":["settlement"],"primaryType":"settlement","longitude":35.300278,"latitude":31.954444,"coordinateType":"point","verseCount":1,"identificationId":"a53b82d","geometryId":null}},{"type":"Feature","geometry":{"type":"Point","coordinates":[45.636111,31.322222]},"properties":{"id":"a5db1a6","name":"Erech","slug":"erech","types":["settlement"],"primaryType":"settlement","longitude":45.636111,"latitude":31.322222,"coordinateType":"point","verseCount":2,"identificationId":"me2d27e","geometryId":null}},{"type":"Feature","geometry":{"type":"Point","coordinates":[45.99583,30.81583]},"properties":{"id":"a4c6f72","name":"Eridu","slug":"eridu","types":["settlement"],"primaryType":"settlement","longitude":45.99583,"latitude":30.81583,"coordinateType":"point","verseCount":0,"identificationId":"m108001","geometryId":null}},{"type":"Feature","geometry":{"type":"Point","coordinates":[34.6062,31.424497]},"properties":{"id":"a43608b","name":"Esek","slug":"esek","types":["well"],"primaryType":"well","longitude":34.6062,"latitude":31.424497,"coordinateType":"representative point","verseCount":1,"identificationId":"maa73c2","geometryId":"g5a2290"}},{"type":"Feature","geometry":{"type":"Point","coordinates":[35.03355,31.55659]},"properties":{"id":"acd9498","name":"Eshan","slug":"eshan","types":["settlement"],"primaryType":"settlement","longitude":35.03355,"latitude":31.55659,"coordinateType":"point","verseCount":1,"identificationId":"m9dbf94","geometryId":null}},{"type":"Feature","geometry":{"type":"Point","coordinates":[34.985967,31.797726]},"properties":{"id":"a355b6e","name":"Eshtaol","slug":"eshtaol","types":["settlement"],"primaryType":"settlement","longitude":34.985967,"latitude":31.797726,"coordinateType":"point","verseCount":8,"identificationId":"m1dd2b9","geometryId":null}},{"type":"Feature","geometry":{"type":"Point","coordinates":[35.067075,31.400792]},"properties":{"id":"ad68510","name":"Eshtemoa","slug":"eshtemoa","types":["settlement"],"primaryType":"settlement","longitude":35.067075,"latitude":31.400792,"coordinateType":"point","verseCount":4,"identificationId":"m322922","geometryId":null}},{"type":"Feature","geometry":{"type":"Point","coordinates":[35.025793,31.763715]},"properties":{"id":"ae05348","name":"Etam 1","slug":"etam-1","types":["settlement"],"primaryType":"settlement","longitude":35.025793,"latitude":31.763715,"coordinateType":"point","verseCount":2,"identificationId":"m825b91","geometryId":null}},{"type":"Feature","geometry":{"type":"Point","coordinates":[35.17884,31.68478]},"properties":{"id":"a47f86c","name":"Etam 2","slug":"etam-2","types":["settlement"],"primaryType":"settlement","longitude":35.17884,"latitude":31.68478,"coordinateType":"point","verseCount":1,"identificationId":"aa21f26","geometryId":null}},{"type":"Feature","geometry":{"type":"Point","coordinates":[35.17884,31.68478]},"properties":{"id":"aa21f26","name":"Etam 3","slug":"etam-3","types":["settlement"],"primaryType":"settlement","longitude":35.17884,"latitude":31.68478,"coordinateType":"point","verseCount":1,"identificationId":"mdeec8e","geometryId":null}},{"type":"Feature","geometry":{"type":"Point","coordinates":[31.963611,30.5475]},"properties":{"id":"a27d0e0","name":"Etham","slug":"etham","types":["settlement"],"primaryType":"settlement","longitude":31.963611,"latitude":30.5475,"coordinateType":"point","verseCount":4,"identificationId":"a3870fe","geometryId":null}},{"type":"Feature","geometry":{"type":"Point","coordinates":[34.8783,31.61593]},"properties":{"id":"a82f7b4","name":"Ether 1","slug":"ether-1","types":["settlement"],"primaryType":"settlement","longitude":34.8783,"latitude":31.61593,"coordinateType":"point","verseCount":1,"identificationId":"m710dd6","geometryId":null}},{"type":"Feature","geometry":{"type":"Point","coordinates":[34.8783,31.61593]},"properties":{"id":"a16596e","name":"Ether 2","slug":"ether-2","types":["settlement"],"primaryType":"settlement","longitude":34.8783,"latitude":31.61593,"coordinateType":"point","verseCount":1,"identificationId":"a82f7b4","geometryId":null}},{"type":"Feature","geometry":{"type":"Point","coordinates":[33.75075,16.935139]},"properties":{"id":"ab45bd3","name":"Ethiopia","slug":"ethiopia","types":["region"],"primaryType":"region","longitude":33.75075,"latitude":16.935139,"coordinateType":"representative point","verseCount":7,"identificationId":"m9982d9","geometryId":"g80ab8b"}},{"type":"Feature","geometry":{"type":"Point","coordinates":[35.33921,32.74647]},"properties":{"id":"a2ca712","name":"Eth-kazin","slug":"eth-kazin","types":["settlement"],"primaryType":"settlement","longitude":35.33921,"latitude":32.74647,"coordinateType":"point","verseCount":1,"identificationId":"ma43757","geometryId":null}},{"type":"Feature","geometry":{"type":"Point","coordinates":[11.838912,42.227871]},"properties":{"id":"a5eafe1","name":"Etruria","slug":"etruria","types":["region"],"primaryType":"region","longitude":11.838912,"latitude":42.227871,"coordinateType":"representative point","verseCount":0,"identificationId":"mda592c","geometryId":"g0351db"}},{"type":"Feature","geometry":{"type":"Point","coordinates":[47.442,31.0043]},"properties":{"id":"a62dec4","name":"Euphrates","slug":"euphrates","types":["river"],"primaryType":"river","longitude":47.442,"latitude":31.0043,"coordinateType":"representative point","verseCount":44,"identificationId":"mc07de7","geometryId":"g8bbbc3"}},{"type":"Feature","geometry":{"type":"Point","coordinates":[35.230718,31.823113]},"properties":{"id":"acb3716","name":"Ezel","slug":"ezel","types":["special","stone heap"],"primaryType":"stone heap","longitude":35.230718,"latitude":31.823113,"coordinateType":"center","verseCount":2,"identificationId":"ac24f5f","geometryId":"g608f70"}},{"type":"Feature","geometry":{"type":"Point","coordinates":[34.797404,31.281372]},"properties":{"id":"a573b95","name":"Ezem","slug":"ezem","types":["settlement"],"primaryType":"settlement","longitude":34.797404,"latitude":31.281372,"coordinateType":"point","verseCount":3,"identificationId":"mcfd3eb","geometryId":null}},{"type":"Feature","geometry":{"type":"Point","coordinates":[34.86005,29.462839]},"properties":{"id":"a8e53d5","name":"Ezion-geber","slug":"ezion-geber","types":["island","settlement"],"primaryType":"island","longitude":34.86005,"latitude":29.462839,"coordinateType":"representative point","verseCount":7,"identificationId":"mb1c0e5","geometryId":"g0a25af"}},{"type":"Feature","geometry":{"type":"Point","coordinates":[24.800306,34.929694]},"properties":{"id":"aae626a","name":"Fair Havens","slug":"fair-havens","types":["settlement"],"primaryType":"settlement","longitude":24.800306,"latitude":34.929694,"coordinateType":"point","verseCount":2,"identificationId":"m3f310c","geometryId":null}},{"type":"Feature","geometry":{"type":"Point","coordinates":[35.234167,31.776667]},"properties":{"id":"a6057f5","name":"Fish Gate","slug":"fish-gate","types":["gate"],"primaryType":"gate","longitude":35.234167,"latitude":31.776667,"coordinateType":"settlement","verseCount":4,"identificationId":"a15257a","geometryId":null}},{"type":"Feature","geometry":{"type":"Point","coordinates":[12.9975,41.46639]},"properties":{"id":"a121d5e","name":"Forum of Appius","slug":"forum-of-appius","types":["settlement"],"primaryType":"settlement","longitude":12.9975,"latitude":41.46639,"coordinateType":"point","verseCount":1,"identificationId":"m4241cc","geometryId":null}},{"type":"Feature","geometry":{"type":"Point","coordinates":[35.234167,31.776667]},"properties":{"id":"a2fc4c4","name":"Fountain Gate","slug":"fountain-gate","types":["gate"],"primaryType":"gate","longitude":35.234167,"latitude":31.776667,"coordinateType":"settlement","verseCount":3,"identificationId":"a15257a","geometryId":null}},{"type":"Feature","geometry":{"type":"Point","coordinates":[35.10729,32.00806]},"properties":{"id":"ab05a42","name":"Gaash","slug":"gaash","types":["mountain","special"],"primaryType":"mountain","longitude":35.10729,"latitude":32.00806,"coordinateType":"center","verseCount":4,"identificationId":"a6e6528","geometryId":"g507214"}},{"type":"Feature","geometry":{"type":"Point","coordinates":[35.228036,31.776083]},"properties":{"id":"aec23b1","name":"Gabbatha","slug":"gabbatha","types":["structure"],"primaryType":"structure","longitude":35.228036,"latitude":31.776083,"coordinateType":"center","verseCount":1,"identificationId":"a72ca28","geometryId":"g36a7ea"}},{"type":"Feature","geometry":{"type":"Point","coordinates":[35.679352,32.655998]},"properties":{"id":"afed46a","name":"Gadara","slug":"gadara","types":["settlement"],"primaryType":"settlement","longitude":35.679352,"latitude":32.655998,"coordinateType":"point","verseCount":1,"identificationId":"m18bec1","geometryId":null}},{"type":"Feature","geometry":{"type":"Point","coordinates":[32.983333,39.266667]},"properties":{"id":"a0f440a","name":"Galatia","slug":"galatia","types":["region"],"primaryType":"region","longitude":32.983333,"latitude":39.266667,"coordinateType":"representative point","verseCount":6,"identificationId":"m7e7545","geometryId":"ga2818f"}},{"type":"Feature","geometry":{"type":"Point","coordinates":[35.527,32.76]},"properties":{"id":"a9cf1e8","name":"Galilee 1","slug":"galilee-1","types":["region"],"primaryType":"region","longitude":35.527,"latitude":32.76,"coordinateType":"representative point","verseCount":78,"identificationId":"mf8c29c","geometryId":"g99a57f"}},{"type":"Feature","geometry":{"type":"Point","coordinates":[35.527,32.76]},"properties":{"id":"a4e39f6","name":"Galilee 2","slug":"galilee-2","types":["region","settlement"],"primaryType":"region","longitude":35.527,"latitude":32.76,"coordinateType":"representative point","verseCount":1,"identificationId":"a9cf1e8","geometryId":"g99a57f"}},{"type":"Feature","geometry":{"type":"Point","coordinates":[35.25078,31.81544]},"properties":{"id":"ac10bcf","name":"Gallim","slug":"gallim","types":["settlement","special"],"primaryType":"settlement","longitude":35.25078,"latitude":31.81544,"coordinateType":"point","verseCount":2,"identificationId":"m6b1e6b","geometryId":null}},{"type":"Feature","geometry":{"type":"Point","coordinates":[35.82104,33.62384]},"properties":{"id":"a764256","name":"Gamad","slug":"gamad","types":["settlement","special"],"primaryType":"settlement","longitude":35.82104,"latitude":33.62384,"coordinateType":"point","verseCount":1,"identificationId":"adb1dcf","geometryId":null}},{"type":"Feature","geometry":{"type":"Point","coordinates":[35.234167,31.776667]},"properties":{"id":"ad4607c","name":"Gareb","slug":"gareb","types":["hill"],"primaryType":"hill","longitude":35.234167,"latitude":31.776667,"coordinateType":"settlement","verseCount":1,"identificationId":"a15257a","geometryId":null}},{"type":"Feature","geometry":{"type":"Point","coordinates":[35.234167,31.776667]},"properties":{"id":"a753c3b","name":"Gate of the Foundation","slug":"gate-of-the-foundation","types":["gate"],"primaryType":"gate","longitude":35.234167,"latitude":31.776667,"coordinateType":"settlement","verseCount":1,"identificationId":"a15257a","geometryId":null}},{"type":"Feature","geometry":{"type":"Point","coordinates":[35.234167,31.776667]},"properties":{"id":"a4eb961","name":"Gate of the Guard","slug":"gate-of-the-guard","types":["gate"],"primaryType":"gate","longitude":35.234167,"latitude":31.776667,"coordinateType":"settlement","verseCount":1,"identificationId":"a15257a","geometryId":null}},{"type":"Feature","geometry":{"type":"Point","coordinates":[35.234167,31.776667]},"properties":{"id":"a2fa712","name":"Gate of Yeshanah","slug":"gate-of-yeshanah","types":["gate"],"primaryType":"gate","longitude":35.234167,"latitude":31.776667,"coordinateType":"settlement","verseCount":2,"identificationId":"a15257a","geometryId":null}},{"type":"Feature","geometry":{"type":"Point","coordinates":[34.84694,31.69972]},"properties":{"id":"a18873f","name":"Gath 1","slug":"gath-1","types":["settlement"],"primaryType":"settlement","longitude":34.84694,"latitude":31.69972,"coordinateType":"point","verseCount":38,"identificationId":"m28d167","geometryId":null}},{"type":"Feature","geometry":{"type":"Point","coordinates":[35.04005,32.39835]},"properties":{"id":"a2e1bc0","name":"Gath 2","slug":"gath-2","types":["settlement"],"primaryType":"settlement","longitude":35.04005,"latitude":32.39835,"coordinateType":"point","verseCount":2,"identificationId":"ab56b36","geometryId":null}},{"type":"Feature","geometry":{"type":"Point","coordinates":[34.84694,31.69972]},"properties":{"id":"a0ac467","name":"Gath 3","slug":"gath-3","types":["settlement"],"primaryType":"settlement","longitude":34.84694,"latitude":31.69972,"coordinateType":"point","verseCount":2,"identificationId":"a18873f","geometryId":null}},{"type":"Feature","geometry":{"type":"Point","coordinates":[35.319722,32.738056]},"properties":{"id":"ac51cec","name":"Gath-hepher","slug":"gath-hepher","types":["settlement"],"primaryType":"settlement","longitude":35.319722,"latitude":32.738056,"coordinateType":"point","verseCount":2,"identificationId":"mcf3b52","geometryId":null}},{"type":"Feature","geometry":{"type":"Point","coordinates":[35.04005,32.39835]},"properties":{"id":"ab56b36","name":"Gath-padalla","slug":"gath-padalla","types":["settlement"],"primaryType":"settlement","longitude":35.04005,"latitude":32.39835,"coordinateType":"point","verseCount":0,"identificationId":"md11454","geometryId":null}},{"type":"Feature","geometry":{"type":"Point","coordinates":[34.8075,32.0917]},"properties":{"id":"a046c70","name":"Gath-rimmon 1","slug":"gath-rimmon-1","types":["settlement"],"primaryType":"settlement","longitude":34.8075,"latitude":32.0917,"coordinateType":"point","verseCount":3,"identificationId":"m0feee2","geometryId":null}},{"type":"Feature","geometry":{"type":"Point","coordinates":[35.292,32.4462]},"properties":{"id":"ab33b54","name":"Gath-rimmon 2","slug":"gath-rimmon-2","types":["settlement"],"primaryType":"settlement","longitude":35.292,"latitude":32.4462,"coordinateType":"point","verseCount":1,"identificationId":"ac959b2","geometryId":null}},{"type":"Feature","geometry":{"type":"Point","coordinates":[34.4644,31.504]},"properties":{"id":"aa8edd2","name":"Gaza","slug":"gaza","types":["settlement"],"primaryType":"settlement","longitude":34.4644,"latitude":31.504,"coordinateType":"point","verseCount":22,"identificationId":"mb5cfe4","geometryId":null}},{"type":"Feature","geometry":{"type":"Point","coordinates":[35.261111,31.8575]},"properties":{"id":"a264254","name":"Geba 1","slug":"geba-1","types":["settlement"],"primaryType":"settlement","longitude":35.261111,"latitude":31.8575,"coordinateType":"point","verseCount":14,"identificationId":"mb1da27","geometryId":null}},{"type":"Feature","geometry":{"type":"Point","coordinates":[35.183351,31.847451]},"properties":{"id":"a2d3ca1","name":"Geba 2","slug":"geba-2","types":["settlement"],"primaryType":"settlement","longitude":35.183351,"latitude":31.847451,"coordinateType":"point","verseCount":1,"identificationId":"aede336","geometryId":null}},{"type":"Feature","geometry":{"type":"Point","coordinates":[35.261111,31.8575]},"properties":{"id":"a33cfcc","name":"Geba 3","slug":"geba-3","types":["settlement"],"primaryType":"settlement","longitude":35.261111,"latitude":31.8575,"coordinateType":"point","verseCount":2,"identificationId":"a264254","geometryId":null}},{"type":"Feature","geometry":{"type":"Point","coordinates":[35.261111,31.8575]},"properties":{"id":"ae14b1d","name":"Geba 4","slug":"geba-4","types":["settlement"],"primaryType":"settlement","longitude":35.261111,"latitude":31.8575,"coordinateType":"point","verseCount":1,"identificationId":"a264254","geometryId":null}},{"type":"Feature","geometry":{"type":"Point","coordinates":[35.645833,34.119167]},"properties":{"id":"a9a2541","name":"Gebal 1","slug":"gebal-1","types":["settlement"],"primaryType":"settlement","longitude":35.645833,"latitude":34.119167,"coordinateType":"point","verseCount":3,"identificationId":"mf937a6","geometryId":null}},{"type":"Feature","geometry":{"type":"Point","coordinates":[35.55057,30.52198]},"properties":{"id":"a59b2e2","name":"Gebal 2","slug":"gebal-2","types":["region","settlement"],"primaryType":"region","longitude":35.55057,"latitude":30.52198,"coordinateType":"representative point","verseCount":1,"identificationId":"m4c5498","geometryId":"geade1c"}},{"type":"Feature","geometry":{"type":"Point","coordinates":[35.25758,31.80752]},"properties":{"id":"a58df35","name":"Gebim","slug":"gebim","types":["settlement"],"primaryType":"settlement","longitude":35.25758,"latitude":31.80752,"coordinateType":"center","verseCount":1,"identificationId":"ab34789","geometryId":"gcd38c6"}},{"type":"Feature","geometry":{"type":"Point","coordinates":[35.092145,31.632629]},"properties":{"id":"a55d681","name":"Geder","slug":"geder","types":["settlement"],"primaryType":"settlement","longitude":35.092145,"latitude":31.632629,"coordinateType":"point","verseCount":2,"identificationId":"m23db5e","geometryId":null}},{"type":"Feature","geometry":{"type":"Point","coordinates":[34.996117,31.688903]},"properties":{"id":"a12012d","name":"Gederah 1","slug":"gederah-1","types":["settlement"],"primaryType":"settlement","longitude":34.996117,"latitude":31.688903,"coordinateType":"point","verseCount":1,"identificationId":"m3b782e","geometryId":null}},{"type":"Feature","geometry":{"type":"Point","coordinates":[35.19727,31.85794]},"properties":{"id":"a52e310","name":"Gederah 2","slug":"gederah-2","types":["settlement"],"primaryType":"settlement","longitude":35.19727,"latitude":31.85794,"coordinateType":"point","verseCount":1,"identificationId":"m896140","geometryId":null}},{"type":"Feature","geometry":{"type":"Point","coordinates":[34.996117,31.688903]},"properties":{"id":"a0a5b78","name":"Gederah 3","slug":"gederah-3","types":["settlement"],"primaryType":"settlement","longitude":34.996117,"latitude":31.688903,"coordinateType":"point","verseCount":1,"identificationId":"a12012d","geometryId":null}},{"type":"Feature","geometry":{"type":"Point","coordinates":[34.996117,31.688903]},"properties":{"id":"a728f1b","name":"Gederoth","slug":"gederoth","types":["settlement","special"],"primaryType":"settlement","longitude":34.996117,"latitude":31.688903,"coordinateType":"point","verseCount":2,"identificationId":"a12012d","geometryId":null}},{"type":"Feature","geometry":{"type":"Point","coordinates":[34.996117,31.688903]},"properties":{"id":"ac36af4","name":"Gederothaim","slug":"gederothaim","types":["settlement","special"],"primaryType":"settlement","longitude":34.996117,"latitude":31.688903,"coordinateType":"point","verseCount":1,"identificationId":"a12012d","geometryId":null}},{"type":"Feature","geometry":{"type":"Point","coordinates":[35.092145,31.632629]},"properties":{"id":"af054ba","name":"Gedor 1","slug":"gedor-1","types":["settlement"],"primaryType":"settlement","longitude":35.092145,"latitude":31.632629,"coordinateType":"point","verseCount":2,"identificationId":"m23db5e","geometryId":null}},{"type":"Feature","geometry":{"type":"Point","coordinates":[34.6065,31.3821]},"properties":{"id":"a2fc530","name":"Gedor 2","slug":"gedor-2","types":["settlement"],"primaryType":"settlement","longitude":34.6065,"latitude":31.3821,"coordinateType":"point","verseCount":1,"identificationId":"a3f5814","geometryId":null}},{"type":"Feature","geometry":{"type":"Point","coordinates":[35.092145,31.632629]},"properties":{"id":"aa9be2b","name":"Gedor 3","slug":"gedor-3","types":["settlement"],"primaryType":"settlement","longitude":35.092145,"latitude":31.632629,"coordinateType":"point","verseCount":1,"identificationId":"af054ba","geometryId":null}},{"type":"Feature","geometry":{"type":"Point","coordinates":[35.092145,31.632629]},"properties":{"id":"a47678a","name":"Gedor 4","slug":"gedor-4","types":["settlement","special"],"primaryType":"settlement","longitude":35.092145,"latitude":31.632629,"coordinateType":"point","verseCount":1,"identificationId":"af054ba","geometryId":null}},{"type":"Feature","geometry":{"type":"Point","coordinates":[34.9,31.95]},"properties":{"id":"abf0690","name":"Ge-harashim","slug":"ge-harashim","types":["special","valley"],"primaryType":"valley","longitude":34.9,"latitude":31.95,"coordinateType":"center","verseCount":2,"identificationId":"a2c5cc7","geometryId":"g886dc3"}},{"type":"Feature","geometry":{"type":"Point","coordinates":[35.32262,31.79052]},"properties":{"id":"a0c9a06","name":"Geliloth","slug":"geliloth","types":["settlement","special"],"primaryType":"settlement","longitude":35.32262,"latitude":31.79052,"coordinateType":"point","verseCount":3,"identificationId":"m220d13","geometryId":null}},{"type":"Feature","geometry":{"type":"Point","coordinates":[35.507222,32.860556]},"properties":{"id":"a7de69e","name":"Gennesaret","slug":"gennesaret","types":["region"],"primaryType":"region","longitude":35.507222,"latitude":32.860556,"coordinateType":"representative point","verseCount":3,"identificationId":"m6ee789","geometryId":"g0e7a2e"}},{"type":"Feature","geometry":{"type":"Point","coordinates":[34.6065,31.3821]},"properties":{"id":"a3f5814","name":"Gerar","slug":"gerar","types":["settlement"],"primaryType":"settlement","longitude":34.6065,"latitude":31.3821,"coordinateType":"point","verseCount":9,"identificationId":"maaf3b2","geometryId":null}},{"type":"Feature","geometry":{"type":"Point","coordinates":[35.891397,32.272281]},"properties":{"id":"ada6b64","name":"Gerasa","slug":"gerasa","types":["settlement"],"primaryType":"settlement","longitude":35.891397,"latitude":32.272281,"coordinateType":"point","verseCount":3,"identificationId":"m23c9bd","geometryId":null}},{"type":"Feature","geometry":{"type":"Point","coordinates":[35.650378,32.826086]},"properties":{"id":"aabf84a","name":"Gergesa","slug":"gergesa","types":["settlement"],"primaryType":"settlement","longitude":35.650378,"latitude":32.826086,"coordinateType":"point","verseCount":0,"identificationId":"m7767c8","geometryId":null}},{"type":"Feature","geometry":{"type":"Point","coordinates":[35.207639,31.704306]},"properties":{"id":"a1c28f1","name":"Geruth Chimham","slug":"geruth-chimham","types":["natural area"],"primaryType":"natural area","longitude":35.207639,"latitude":31.704306,"coordinateType":"center","verseCount":1,"identificationId":"a112427","geometryId":"gdf3ad7"}},{"type":"Feature","geometry":{"type":"Point","coordinates":[35.7,32.766667]},"properties":{"id":"af6c325","name":"Geshur","slug":"geshur","types":["region"],"primaryType":"region","longitude":35.7,"latitude":32.766667,"coordinateType":"representative point","verseCount":11,"identificationId":"a6fc60d","geometryId":"g307887"}},{"type":"Feature","geometry":{"type":"Point","coordinates":[35.239425,31.779419]},"properties":{"id":"a42418f","name":"Gethsemane","slug":"gethsemane","types":["garden"],"primaryType":"garden","longitude":35.239425,"latitude":31.779419,"coordinateType":"point","verseCount":2,"identificationId":"m835caa","geometryId":null}},{"type":"Feature","geometry":{"type":"Point","coordinates":[34.919167,31.859167]},"properties":{"id":"aed6538","name":"Gezer","slug":"gezer","types":["settlement"],"primaryType":"settlement","longitude":34.919167,"latitude":31.859167,"coordinateType":"point","verseCount":14,"identificationId":"mcd1a5c","geometryId":null}},{"type":"Feature","geometry":{"type":"Point","coordinates":[35.279535,31.841047]},"properties":{"id":"ac66d7a","name":"Giah","slug":"giah","types":["natural area","special","valley"],"primaryType":"natural area","longitude":35.279535,"latitude":31.841047,"coordinateType":"center","verseCount":1,"identificationId":"a8e4a15","geometryId":"gf09047"}},{"type":"Feature","geometry":{"type":"Point","coordinates":[35.183351,31.847451]},"properties":{"id":"af0ee3a","name":"Gibbar","slug":"gibbar","types":["settlement","special"],"primaryType":"settlement","longitude":35.183351,"latitude":31.847451,"coordinateType":"point","verseCount":1,"identificationId":"aede336","geometryId":null}},{"type":"Feature","geometry":{"type":"Point","coordinates":[34.865556,31.856389]},"properties":{"id":"a6f048c","name":"Gibbethon","slug":"gibbethon","types":["settlement"],"primaryType":"settlement","longitude":34.865556,"latitude":31.856389,"coordinateType":"point","verseCount":5,"identificationId":"m40394a","geometryId":null}},{"type":"Feature","geometry":{"type":"Point","coordinates":[35.053525,31.45015]},"properties":{"id":"ad15169","name":"Gibea","slug":"gibea","types":["settlement","special"],"primaryType":"settlement","longitude":35.053525,"latitude":31.45015,"coordinateType":"representative point","verseCount":1,"identificationId":"a2f0f05","geometryId":"g99e384"}},{"type":"Feature","geometry":{"type":"Point","coordinates":[35.230718,31.823113]},"properties":{"id":"ac24f5f","name":"Gibeah 1","slug":"gibeah-1","types":["settlement"],"primaryType":"settlement","longitude":35.230718,"latitude":31.823113,"coordinateType":"point","verseCount":45,"identificationId":"m88819c","geometryId":null}},{"type":"Feature","geometry":{"type":"Point","coordinates":[35.053525,31.45015]},"properties":{"id":"a2f0f05","name":"Gibeah 2","slug":"gibeah-2","types":["settlement"],"primaryType":"settlement","longitude":35.053525,"latitude":31.45015,"coordinateType":"representative point","verseCount":2,"identificationId":"md642d9","geometryId":"g99e384"}},{"type":"Feature","geometry":{"type":"Point","coordinates":[35.24395,31.98545]},"properties":{"id":"a3bba31","name":"Gibeah 3","slug":"gibeah-3","types":["settlement","special"],"primaryType":"settlement","longitude":35.24395,"latitude":31.98545,"coordinateType":"point","verseCount":1,"identificationId":"m14421f","geometryId":null}},{"type":"Feature","geometry":{"type":"Point","coordinates":[35.230718,31.823113]},"properties":{"id":"ac25f34","name":"Gibeah 4","slug":"gibeah-4","types":["hill","settlement","special"],"primaryType":"settlement","longitude":35.230718,"latitude":31.823113,"coordinateType":"point","verseCount":1,"identificationId":"ac24f5f","geometryId":null}},{"type":"Feature","geometry":{"type":"Point","coordinates":[35.230718,31.823113]},"properties":{"id":"a45b692","name":"Gibeath-elohim","slug":"gibeath-elohim","types":["settlement"],"primaryType":"settlement","longitude":35.230718,"latitude":31.823113,"coordinateType":"point","verseCount":1,"identificationId":"ac24f5f","geometryId":null}},{"type":"Feature","geometry":{"type":"Point","coordinates":[35.459969,31.881883]},"properties":{"id":"a97126d","name":"Gibeath-haaraloth","slug":"gibeath-haaraloth","types":["hill"],"primaryType":"hill","longitude":35.459969,"latitude":31.881883,"coordinateType":"center","verseCount":1,"identificationId":"ab94aea","geometryId":"g396756"}},{"type":"Feature","geometry":{"type":"Point","coordinates":[35.183351,31.847451]},"properties":{"id":"aede336","name":"Gibeon","slug":"gibeon","types":["settlement"],"primaryType":"settlement","longitude":35.183351,"latitude":31.847451,"coordinateType":"point","verseCount":39,"identificationId":"mf55105","geometryId":null}},{"type":"Feature","geometry":{"type":"Point","coordinates":[35.305139,31.84762]},"properties":{"id":"ae87a54","name":"Gidom","slug":"gidom","types":["natural area","special"],"primaryType":"natural area","longitude":35.305139,"latitude":31.84762,"coordinateType":"center","verseCount":1,"identificationId":"a45acc3","geometryId":"ge04cd7"}},{"type":"Feature","geometry":{"type":"Point","coordinates":[30.3667,31.4653]},"properties":{"id":"a71d79b","name":"Gihon 1","slug":"gihon-1","types":["river","special","spring"],"primaryType":"river","longitude":30.3667,"latitude":31.4653,"coordinateType":"representative point","verseCount":1,"identificationId":"a012705","geometryId":"gbd7010"}},{"type":"Feature","geometry":{"type":"Point","coordinates":[35.236383,31.772919]},"properties":{"id":"a2a303c","name":"Gihon 2","slug":"gihon-2","types":["spring"],"primaryType":"spring","longitude":35.236383,"latitude":31.772919,"coordinateType":"point","verseCount":6,"identificationId":"m92dbfa","geometryId":null}},{"type":"Feature","geometry":{"type":"Point","coordinates":[35.69211,32.187016]},"properties":{"id":"ae73b90","name":"Gilead 1","slug":"gilead-1","types":["region"],"primaryType":"region","longitude":35.69211,"latitude":32.187016,"coordinateType":"representative point","verseCount":86,"identificationId":"a8a9ff9","geometryId":"ge7afb2"}},{"type":"Feature","geometry":{"type":"Point","coordinates":[35.69211,32.187016]},"properties":{"id":"a19ec8c","name":"Gilead 2","slug":"gilead-2","types":["region","settlement"],"primaryType":"region","longitude":35.69211,"latitude":32.187016,"coordinateType":"representative point","verseCount":1,"identificationId":"ae73b90","geometryId":"ge7afb2"}},{"type":"Feature","geometry":{"type":"Point","coordinates":[35.459969,31.881883]},"properties":{"id":"ab94aea","name":"Gilgal 1","slug":"gilgal-1","types":["settlement"],"primaryType":"settlement","longitude":35.459969,"latitude":31.881883,"coordinateType":"point","verseCount":33,"identificationId":"ma342c0","geometryId":null}},{"type":"Feature","geometry":{"type":"Point","coordinates":[35.225,32.030556]},"properties":{"id":"a6399b3","name":"Gilgal 2","slug":"gilgal-2","types":["settlement"],"primaryType":"settlement","longitude":35.225,"latitude":32.030556,"coordinateType":"point","verseCount":2,"identificationId":"m34d981","geometryId":null}},{"type":"Feature","geometry":{"type":"Point","coordinates":[35.32262,31.79052]},"properties":{"id":"aed8df9","name":"Gilgal 3","slug":"gilgal-3","types":["settlement","special"],"primaryType":"settlement","longitude":35.32262,"latitude":31.79052,"coordinateType":"point","verseCount":1,"identificationId":"a0c9a06","geometryId":null}},{"type":"Feature","geometry":{"type":"Point","coordinates":[35.459969,31.881883]},"properties":{"id":"a84a509","name":"Gilgal 4","slug":"gilgal-4","types":["settlement"],"primaryType":"settlement","longitude":35.459969,"latitude":31.881883,"coordinateType":"point","verseCount":1,"identificationId":"ab94aea","geometryId":null}},{"type":"Feature","geometry":{"type":"Point","coordinates":[35.01485,31.43209]},"properties":{"id":"a6df20a","name":"Giloh","slug":"giloh","types":["settlement"],"primaryType":"settlement","longitude":35.01485,"latitude":31.43209,"coordinateType":"center","verseCount":3,"identificationId":"ma06d55","geometryId":"g6e4656"}},{"type":"Feature","geometry":{"type":"Point","coordinates":[34.946809,31.929705]},"properties":{"id":"a5dd9e3","name":"Gimzo","slug":"gimzo","types":["settlement"],"primaryType":"settlement","longitude":34.946809,"latitude":31.929705,"coordinateType":"point","verseCount":1,"identificationId":"m2804fc","geometryId":null}},{"type":"Feature","geometry":{"type":"Point","coordinates":[34.88994,31.90302]},"properties":{"id":"ab98f8c","name":"Gittaim","slug":"gittaim","types":["settlement"],"primaryType":"settlement","longitude":34.88994,"latitude":31.90302,"coordinateType":"point","verseCount":2,"identificationId":"m666a45","geometryId":null}},{"type":"Feature","geometry":{"type":"Point","coordinates":[35.234167,31.776667]},"properties":{"id":"a5627a3","name":"Goah","slug":"goah","types":["hill"],"primaryType":"hill","longitude":35.234167,"latitude":31.776667,"coordinateType":"center","verseCount":1,"identificationId":"a15257a","geometryId":"g9380af"}},{"type":"Feature","geometry":{"type":"Point","coordinates":[34.919167,31.859167]},"properties":{"id":"aea4530","name":"Gob","slug":"gob","types":["settlement"],"primaryType":"settlement","longitude":34.919167,"latitude":31.859167,"coordinateType":"point","verseCount":2,"identificationId":"aed6538","geometryId":null}},{"type":"Feature","geometry":{"type":"Point","coordinates":[28.040278,38.488333]},"properties":{"id":"a858723","name":"Gog","slug":"gog","types":["region"],"primaryType":"region","longitude":28.040278,"latitude":38.488333,"coordinateType":"representative point","verseCount":1,"identificationId":"ae3d487","geometryId":"gcd335e"}},{"type":"Feature","geometry":{"type":"Point","coordinates":[36.30639,33.511112]},"properties":{"id":"a9796ee","name":"Goiim 1","slug":"goiim-1","types":["region","special"],"primaryType":"region","longitude":36.30639,"latitude":33.511112,"coordinateType":"representative point","verseCount":2,"identificationId":"a159fa4","geometryId":"g15edcb"}},{"type":"Feature","geometry":{"type":"Point","coordinates":[35.527,32.76]},"properties":{"id":"a3cefc6","name":"Goiim 2","slug":"goiim-2","types":["region","settlement","special"],"primaryType":"region","longitude":35.527,"latitude":32.76,"coordinateType":"representative point","verseCount":1,"identificationId":"a4e39f6","geometryId":"g99a57f"}},{"type":"Feature","geometry":{"type":"Point","coordinates":[35.934722,32.781111]},"properties":{"id":"abb5c1e","name":"Golan","slug":"golan","types":["settlement"],"primaryType":"settlement","longitude":35.934722,"latitude":32.781111,"coordinateType":"point","verseCount":4,"identificationId":"m641784","geometryId":null}},{"type":"Feature","geometry":{"type":"Point","coordinates":[35.22975,31.778444]},"properties":{"id":"a631d35","name":"Golgotha","slug":"golgotha","types":["hill"],"primaryType":"hill","longitude":35.22975,"latitude":31.778444,"coordinateType":"point","verseCount":4,"identificationId":"mdcf59e","geometryId":null}},{"type":"Feature","geometry":{"type":"Point","coordinates":[32,39]},"properties":{"id":"a80bf37","name":"Gomer","slug":"gomer","types":["region"],"primaryType":"region","longitude":32,"latitude":39,"coordinateType":"representative point","verseCount":1,"identificationId":"m276e13","geometryId":"g1d7e26"}},{"type":"Feature","geometry":{"type":"Point","coordinates":[35.449223,31.20849]},"properties":{"id":"aa572e2","name":"Gomorrah","slug":"gomorrah","types":["settlement"],"primaryType":"settlement","longitude":35.449223,"latitude":31.20849,"coordinateType":"representative point","verseCount":24,"identificationId":"a4a5cce","geometryId":"g9db00b"}},{"type":"Feature","geometry":{"type":"Point","coordinates":[31.834217,30.79937]},"properties":{"id":"a60f092","name":"Goshen 1","slug":"goshen-1","types":["region"],"primaryType":"region","longitude":31.834217,"latitude":30.79937,"coordinateType":"representative point","verseCount":11,"identificationId":"a079b21","geometryId":"g9a0f06"}},{"type":"Feature","geometry":{"type":"Point","coordinates":[34.9723,31.407622]},"properties":{"id":"ad3e63c","name":"Goshen 2","slug":"goshen-2","types":["region"],"primaryType":"region","longitude":34.9723,"latitude":31.407622,"coordinateType":"center","verseCount":2,"identificationId":"a81a10a","geometryId":"g64f331"}},{"type":"Feature","geometry":{"type":"Point","coordinates":[34.9723,31.407622]},"properties":{"id":"a81a10a","name":"Goshen 3","slug":"goshen-3","types":["settlement"],"primaryType":"settlement","longitude":34.9723,"latitude":31.407622,"coordinateType":"point","verseCount":1,"identificationId":"m2f9843","geometryId":null}},{"type":"Feature","geometry":{"type":"Point","coordinates":[40.03967,36.826785]},"properties":{"id":"a924b16","name":"Gozan","slug":"gozan","types":["settlement"],"primaryType":"settlement","longitude":40.03967,"latitude":36.826785,"coordinateType":"point","verseCount":5,"identificationId":"mc3a26f","geometryId":null}},{"type":"Feature","geometry":{"type":"Point","coordinates":[34.17035,31.804819]},"properties":{"id":"aa805fb","name":"Great Sea","slug":"great-sea","types":["body of water"],"primaryType":"body of water","longitude":34.17035,"latitude":31.804819,"coordinateType":"representative point","verseCount":36,"identificationId":"me7cb2d","geometryId":"g23ec09"}},{"type":"Feature","geometry":{"type":"Point","coordinates":[23.726738,37.971851]},"properties":{"id":"a4492a0","name":"Greece","slug":"greece","types":["region"],"primaryType":"region","longitude":23.726738,"latitude":37.971851,"coordinateType":"representative point","verseCount":7,"identificationId":"a1fe6e7","geometryId":"gd87a62"}},{"type":"Feature","geometry":{"type":"Point","coordinates":[35.01485,31.43209]},"properties":{"id":"aaa3eca","name":"Gulloth-mayim","slug":"gulloth-mayim","types":["spring"],"primaryType":"spring","longitude":35.01485,"latitude":31.43209,"coordinateType":"center","verseCount":2,"identificationId":"ad2048e","geometryId":"gb039d6"}},{"type":"Feature","geometry":{"type":"Point","coordinates":[35.2966,32.44411]},"properties":{"id":"a878fea","name":"Gur","slug":"gur","types":["hill"],"primaryType":"hill","longitude":35.2966,"latitude":32.44411,"coordinateType":"point","verseCount":1,"identificationId":"m0049f9","geometryId":null}},{"type":"Feature","geometry":{"type":"Point","coordinates":[35.603919,30.745843]},"properties":{"id":"a763368","name":"Gurbaal","slug":"gurbaal","types":["settlement"],"primaryType":"settlement","longitude":35.603919,"latitude":30.745843,"coordinateType":"representative point","verseCount":1,"identificationId":"a2735ff","geometryId":"g7ad983"}},{"type":"Feature","geometry":{"type":"Point","coordinates":[47.132096,34.387529]},"properties":{"id":"a654e6d","name":"Gutium","slug":"gutium","types":["region"],"primaryType":"region","longitude":47.132096,"latitude":34.387529,"coordinateType":"representative point","verseCount":0,"identificationId":"m25aed2","geometryId":"g06a14c"}},{"type":"Feature","geometry":{"type":"Point","coordinates":[40.427284,35.130298]},"properties":{"id":"af19252","name":"Habor","slug":"habor","types":["river"],"primaryType":"river","longitude":40.427284,"latitude":35.130298,"coordinateType":"representative point","verseCount":3,"identificationId":"m09c5ef","geometryId":"g6f839c"}},{"type":"Feature","geometry":{"type":"Point","coordinates":[35.2228,31.4703]},"properties":{"id":"a28a7df","name":"Hachilah","slug":"hachilah","types":["settlement"],"primaryType":"settlement","longitude":35.2228,"latitude":31.4703,"coordinateType":"point","verseCount":3,"identificationId":"mf42fe6","geometryId":null}},{"type":"Feature","geometry":{"type":"Point","coordinates":[35.20408,32.52439]},"properties":{"id":"a05ee76","name":"Hadad-rimmon","slug":"hadad-rimmon","types":["settlement","special"],"primaryType":"settlement","longitude":35.20408,"latitude":32.52439,"coordinateType":"point","verseCount":1,"identificationId":"m43a154","geometryId":null}},{"type":"Feature","geometry":{"type":"Point","coordinates":[34.845729,31.626892]},"properties":{"id":"a785680","name":"Hadashah","slug":"hadashah","types":["settlement"],"primaryType":"settlement","longitude":34.845729,"latitude":31.626892,"coordinateType":"representative point","verseCount":1,"identificationId":"m7851b8","geometryId":"g94abbb"}},{"type":"Feature","geometry":{"type":"Point","coordinates":[34.951764,31.963319]},"properties":{"id":"a044272","name":"Hadid","slug":"hadid","types":["settlement"],"primaryType":"settlement","longitude":34.951764,"latitude":31.963319,"coordinateType":"point","verseCount":3,"identificationId":"m933319","geometryId":null}},{"type":"Feature","geometry":{"type":"Point","coordinates":[36.798611,35.905]},"properties":{"id":"a3e8d63","name":"Hadrach","slug":"hadrach","types":["settlement"],"primaryType":"settlement","longitude":36.798611,"latitude":35.905,"coordinateType":"point","verseCount":1,"identificationId":"m76fa4c","geometryId":null}},{"type":"Feature","geometry":{"type":"Point","coordinates":[35.209636,31.802528]},"properties":{"id":"ae1d208","name":"Haeleph","slug":"haeleph","types":["settlement"],"primaryType":"settlement","longitude":35.209636,"latitude":31.802528,"coordinateType":"point","verseCount":1,"identificationId":"a597dd0","geometryId":null}},{"type":"Feature","geometry":{"type":"Point","coordinates":[34.868056,32.027222]},"properties":{"id":"a607415","name":"Hakkephirim","slug":"hakkephirim","types":["settlement"],"primaryType":"settlement","longitude":34.868056,"latitude":32.027222,"coordinateType":"center","verseCount":1,"identificationId":"ae6bfe2","geometryId":"g0fa27b"}},{"type":"Feature","geometry":{"type":"Point","coordinates":[43.19459,36.43173]},"properties":{"id":"abf176f","name":"Halah","slug":"halah","types":["region","settlement"],"primaryType":"region","longitude":43.19459,"latitude":36.43173,"coordinateType":"center","verseCount":4,"identificationId":"a1d5a28","geometryId":"g7f0777"}},{"type":"Feature","geometry":{"type":"Point","coordinates":[43.19459,36.43173]},"properties":{"id":"a1d5a28","name":"Halahha","slug":"halahha","types":["settlement"],"primaryType":"settlement","longitude":43.19459,"latitude":36.43173,"coordinateType":"point","verseCount":0,"identificationId":"m38cb91","geometryId":null}},{"type":"Feature","geometry":{"type":"Point","coordinates":[35.10725,31.57741]},"properties":{"id":"afca9ce","name":"Halhul","slug":"halhul","types":["settlement"],"primaryType":"settlement","longitude":35.10725,"latitude":31.57741,"coordinateType":"point","verseCount":1,"identificationId":"meeeda4","geometryId":null}},{"type":"Feature","geometry":{"type":"Point","coordinates":[35.155668,32.771772]},"properties":{"id":"a79d6a5","name":"Hali","slug":"hali","types":["settlement"],"primaryType":"settlement","longitude":35.155668,"latitude":32.771772,"coordinateType":"point","verseCount":1,"identificationId":"m52fd08","geometryId":null}},{"type":"Feature","geometry":{"type":"Point","coordinates":[35.234167,31.776667]},"properties":{"id":"a8c2deb","name":"Hall of Judgment","slug":"hall-of-judgment","types":["hall"],"primaryType":"hall","longitude":35.234167,"latitude":31.776667,"coordinateType":"settlement","verseCount":1,"identificationId":"a966bdf","geometryId":null}},{"type":"Feature","geometry":{"type":"Point","coordinates":[35.234167,31.776667]},"properties":{"id":"a493f37","name":"Hall of Pillars","slug":"hall-of-pillars","types":["hall"],"primaryType":"hall","longitude":35.234167,"latitude":31.776667,"coordinateType":"settlement","verseCount":1,"identificationId":"a966bdf","geometryId":null}},{"type":"Feature","geometry":{"type":"Point","coordinates":[35.234167,31.776667]},"properties":{"id":"a5e2c12","name":"Hall of the Throne","slug":"hall-of-the-throne","types":["hall"],"primaryType":"hall","longitude":35.234167,"latitude":31.776667,"coordinateType":"settlement","verseCount":1,"identificationId":"a966bdf","geometryId":null}},{"type":"Feature","geometry":{"type":"Point","coordinates":[35.812384,32.514213]},"properties":{"id":"a7a5f29","name":"Ham 1","slug":"ham-1","types":["settlement"],"primaryType":"settlement","longitude":35.812384,"latitude":32.514213,"coordinateType":"point","verseCount":1,"identificationId":"m90b454","geometryId":null}},{"type":"Feature","geometry":{"type":"Point","coordinates":[31.3075,30.129444]},"properties":{"id":"a2f3001","name":"Ham 2","slug":"ham-2","types":["region"],"primaryType":"region","longitude":31.3075,"latitude":30.129444,"coordinateType":"representative point","verseCount":4,"identificationId":"af301ca","geometryId":"g40d263"}},{"type":"Feature","geometry":{"type":"Point","coordinates":[36.75,35.1365]},"properties":{"id":"ac62cbc","name":"Hamath 1","slug":"hamath-1","types":["settlement"],"primaryType":"settlement","longitude":36.75,"latitude":35.1365,"coordinateType":"point","verseCount":21,"identificationId":"m653490","geometryId":null}},{"type":"Feature","geometry":{"type":"Point","coordinates":[36.75,35.1365]},"properties":{"id":"aa9c505","name":"Hamath 2","slug":"hamath-2","types":["settlement"],"primaryType":"settlement","longitude":36.75,"latitude":35.1365,"coordinateType":"point","verseCount":2,"identificationId":"ac62cbc","geometryId":null}},{"type":"Feature","geometry":{"type":"Point","coordinates":[36.75,35.1365]},"properties":{"id":"ab6a417","name":"Hamath-zobah","slug":"hamath-zobah","types":["region","settlement","special"],"primaryType":"settlement","longitude":36.75,"latitude":35.1365,"coordinateType":"point","verseCount":2,"identificationId":"ac62cbc","geometryId":null}},{"type":"Feature","geometry":{"type":"Point","coordinates":[35.550553,32.766368]},"properties":{"id":"a2d6bfc","name":"Hammath 1","slug":"hammath-1","types":["settlement"],"primaryType":"settlement","longitude":35.550553,"latitude":32.766368,"coordinateType":"point","verseCount":1,"identificationId":"m5b2a6f","geometryId":null}},{"type":"Feature","geometry":{"type":"Point","coordinates":[35.550553,32.766368]},"properties":{"id":"abd2a8d","name":"Hammath 2","slug":"hammath-2","types":["settlement","special"],"primaryType":"settlement","longitude":35.550553,"latitude":32.766368,"coordinateType":"point","verseCount":1,"identificationId":"a2d6bfc","geometryId":null}},{"type":"Feature","geometry":{"type":"Point","coordinates":[35.152022,33.128108]},"properties":{"id":"a9d4f8e","name":"Hammon 1","slug":"hammon-1","types":["settlement"],"primaryType":"settlement","longitude":35.152022,"latitude":33.128108,"coordinateType":"point","verseCount":1,"identificationId":"m8b5f56","geometryId":null}},{"type":"Feature","geometry":{"type":"Point","coordinates":[35.550553,32.766368]},"properties":{"id":"a62236c","name":"Hammon 2","slug":"hammon-2","types":["settlement"],"primaryType":"settlement","longitude":35.550553,"latitude":32.766368,"coordinateType":"point","verseCount":1,"identificationId":"a2d6bfc","geometryId":null}},{"type":"Feature","geometry":{"type":"Point","coordinates":[35.550553,32.766368]},"properties":{"id":"a7d3e84","name":"Hammoth-dor","slug":"hammoth-dor","types":["settlement"],"primaryType":"settlement","longitude":35.550553,"latitude":32.766368,"coordinateType":"point","verseCount":1,"identificationId":"a2d6bfc","geometryId":null}},{"type":"Feature","geometry":{"type":"Point","coordinates":[35.7152,31.7539]},"properties":{"id":"a154d7b","name":"Hamonah","slug":"hamonah","types":["settlement","special"],"primaryType":"settlement","longitude":35.7152,"latitude":31.7539,"coordinateType":"representative point","verseCount":1,"identificationId":"a2109c3","geometryId":"g3d49f6"}},{"type":"Feature","geometry":{"type":"Point","coordinates":[30.934444,29.085556]},"properties":{"id":"abf97ba","name":"Hanes","slug":"hanes","types":["settlement"],"primaryType":"settlement","longitude":30.934444,"latitude":29.085556,"coordinateType":"point","verseCount":1,"identificationId":"a542fc2","geometryId":null}},{"type":"Feature","geometry":{"type":"Point","coordinates":[35.256944,32.785556]},"properties":{"id":"a412c43","name":"Hannathon","slug":"hannathon","types":["settlement"],"primaryType":"settlement","longitude":35.256944,"latitude":32.785556,"coordinateType":"point","verseCount":1,"identificationId":"mabe7ea","geometryId":null}},{"type":"Feature","geometry":{"type":"Point","coordinates":[35.44661,32.60385]},"properties":{"id":"a6309c7","name":"Hapharaim","slug":"hapharaim","types":["settlement"],"primaryType":"settlement","longitude":35.44661,"latitude":32.60385,"coordinateType":"point","verseCount":1,"identificationId":"mac1117","geometryId":null}},{"type":"Feature","geometry":{"type":"Point","coordinates":[40.03967,36.826785]},"properties":{"id":"ab786f4","name":"Hara","slug":"hara","types":["mountain range","region","settlement","special"],"primaryType":"settlement","longitude":40.03967,"latitude":36.826785,"coordinateType":"center","verseCount":1,"identificationId":"a924b16","geometryId":"gfec865"}},{"type":"Feature","geometry":{"type":"Point","coordinates":[34.30356,30.50662]},"properties":{"id":"a73af5f","name":"Haradah","slug":"haradah","types":["campsite"],"primaryType":"campsite","longitude":34.30356,"latitude":30.50662,"coordinateType":"representative point","verseCount":2,"identificationId":"m00c3f3","geometryId":"gf2494c"}},{"type":"Feature","geometry":{"type":"Point","coordinates":[39.032778,36.864444]},"properties":{"id":"a6d9af3","name":"Haran","slug":"haran","types":["settlement"],"primaryType":"settlement","longitude":39.032778,"latitude":36.864444,"coordinateType":"point","verseCount":12,"identificationId":"mc9a69d","geometryId":null}},{"type":"Feature","geometry":{"type":"Point","coordinates":[48.376944,34.188333]},"properties":{"id":"adeff6d","name":"Harhar","slug":"harhar","types":["region","settlement"],"primaryType":"region","longitude":48.376944,"latitude":34.188333,"coordinateType":"representative point","verseCount":0,"identificationId":"m630b1d","geometryId":"gcb52d8"}},{"type":"Feature","geometry":{"type":"Point","coordinates":[34.806703,32.188167]},"properties":{"id":"addc3e7","name":"Harim","slug":"harim","types":["settlement","special"],"primaryType":"settlement","longitude":34.806703,"latitude":32.188167,"coordinateType":"point","verseCount":7,"identificationId":"mb5317b","geometryId":null}},{"type":"Feature","geometry":{"type":"Point","coordinates":[35.85,33.4]},"properties":{"id":"a553fe6","name":"Harmon","slug":"harmon","types":["mountain","mountain ridge","natural area","region","settlement","special"],"primaryType":"mountain","longitude":35.85,"latitude":33.4,"coordinateType":"point","verseCount":1,"identificationId":"a341fe8","geometryId":null}},{"type":"Feature","geometry":{"type":"Point","coordinates":[35.355833,32.548611]},"properties":{"id":"ae3cace","name":"Harod 1","slug":"harod-1","types":["spring"],"primaryType":"spring","longitude":35.355833,"latitude":32.548611,"coordinateType":"point","verseCount":1,"identificationId":"m6851a6","geometryId":null}},{"type":"Feature","geometry":{"type":"Point","coordinates":[35.2721,31.73333]},"properties":{"id":"afd8b40","name":"Harod 2","slug":"harod-2","types":["settlement","spring"],"primaryType":"settlement","longitude":35.2721,"latitude":31.73333,"coordinateType":"point","verseCount":2,"identificationId":"ma68969","geometryId":null}},{"type":"Feature","geometry":{"type":"Point","coordinates":[35.09027,32.75885]},"properties":{"id":"a49c017","name":"Harosheth-hagoyim","slug":"harosheth-hagoyim","types":["region","settlement","special"],"primaryType":"settlement","longitude":35.09027,"latitude":32.75885,"coordinateType":"point","verseCount":3,"identificationId":"md7c132","geometryId":null}},{"type":"Feature","geometry":{"type":"Point","coordinates":[34.9078,31.30992]},"properties":{"id":"aaa8a88","name":"Hashmonah","slug":"hashmonah","types":["campsite"],"primaryType":"campsite","longitude":34.9078,"latitude":31.30992,"coordinateType":"center","verseCount":2,"identificationId":"ad2d29f","geometryId":"gff0370"}},{"type":"Feature","geometry":{"type":"Point","coordinates":[34.615278,40.019722]},"properties":{"id":"a4b8b4d","name":"Hatti","slug":"hatti","types":["region"],"primaryType":"region","longitude":34.615278,"latitude":40.019722,"coordinateType":"representative point","verseCount":0,"identificationId":"m2ad437","geometryId":"gfb335d"}},{"type":"Feature","geometry":{"type":"Point","coordinates":[36.36812,32.73009]},"properties":{"id":"a0e8903","name":"Hauran","slug":"hauran","types":["region"],"primaryType":"region","longitude":36.36812,"latitude":32.73009,"coordinateType":"representative point","verseCount":2,"identificationId":"m5ebd3e","geometryId":"g25b264"}},{"type":"Feature","geometry":{"type":"Point","coordinates":[44.422222,32.543333]},"properties":{"id":"ad7e819","name":"Havilah 1","slug":"havilah-1","types":["region"],"primaryType":"region","longitude":44.422222,"latitude":32.543333,"coordinateType":"representative point","verseCount":1,"identificationId":"a8394b8","geometryId":"g523915"}},{"type":"Feature","geometry":{"type":"Point","coordinates":[46,23]},"properties":{"id":"ac5e5c4","name":"Havilah 2","slug":"havilah-2","types":["region"],"primaryType":"region","longitude":46,"latitude":23,"coordinateType":"representative point","verseCount":1,"identificationId":"a59f6f5","geometryId":"g10afac"}},{"type":"Feature","geometry":{"type":"Point","coordinates":[46,23]},"properties":{"id":"a1d9047","name":"Havilah 3","slug":"havilah-3","types":["region","settlement"],"primaryType":"region","longitude":46,"latitude":23,"coordinateType":"representative point","verseCount":1,"identificationId":"ac5e5c4","geometryId":"g10afac"}},{"type":"Feature","geometry":{"type":"Point","coordinates":[35.7256,32.5876]},"properties":{"id":"a26c8f2","name":"Havvoth-jair","slug":"havvoth-jair","types":["region"],"primaryType":"region","longitude":35.7256,"latitude":32.5876,"coordinateType":"representative point","verseCount":6,"identificationId":"a804aeb","geometryId":"g858c01"}},{"type":"Feature","geometry":{"type":"Point","coordinates":[34.484081,30.583378]},"properties":{"id":"a3f301c","name":"Hazar-addar","slug":"hazar-addar","types":["settlement","special"],"primaryType":"settlement","longitude":34.484081,"latitude":30.583378,"coordinateType":"point","verseCount":1,"identificationId":"m2ed468","geometryId":null}},{"type":"Feature","geometry":{"type":"Point","coordinates":[37.240556,34.229444]},"properties":{"id":"a1ce1b7","name":"Hazar-enan","slug":"hazar-enan","types":["settlement"],"primaryType":"settlement","longitude":37.240556,"latitude":34.229444,"coordinateType":"point","verseCount":4,"identificationId":"m9f20df","geometryId":null}},{"type":"Feature","geometry":{"type":"Point","coordinates":[34.840833,31.244722]},"properties":{"id":"a7672d8","name":"Hazar-gaddah","slug":"hazar-gaddah","types":["settlement","special"],"primaryType":"settlement","longitude":34.840833,"latitude":31.244722,"coordinateType":"center","verseCount":1,"identificationId":"ad2f6c2","geometryId":"g1c1424"}},{"type":"Feature","geometry":{"type":"Point","coordinates":[34.840833,31.244722]},"properties":{"id":"a89005a","name":"Hazar-shual","slug":"hazar-shual","types":["settlement"],"primaryType":"settlement","longitude":34.840833,"latitude":31.244722,"coordinateType":"center","verseCount":4,"identificationId":"ad2f6c2","geometryId":"g3c299a"}},{"type":"Feature","geometry":{"type":"Point","coordinates":[34.9014,31.3445]},"properties":{"id":"ab270f6","name":"Hazar-susah","slug":"hazar-susah","types":["settlement"],"primaryType":"settlement","longitude":34.9014,"latitude":31.3445,"coordinateType":"point","verseCount":2,"identificationId":"aeedde4","geometryId":null}},{"type":"Feature","geometry":{"type":"Point","coordinates":[35.2459,30.8087]},"properties":{"id":"a4d6a38","name":"Hazazon-tamar 1","slug":"hazazon-tamar-1","types":["region","settlement"],"primaryType":"settlement","longitude":35.2459,"latitude":30.8087,"coordinateType":"point","verseCount":1,"identificationId":"a5947d7","geometryId":null}},{"type":"Feature","geometry":{"type":"Point","coordinates":[35.383333,31.45]},"properties":{"id":"a887a2d","name":"Hazazon-tamar 2","slug":"hazazon-tamar-2","types":["region"],"primaryType":"region","longitude":35.383333,"latitude":31.45,"coordinateType":"representative point","verseCount":1,"identificationId":"a51df0e","geometryId":"g5008cf"}},{"type":"Feature","geometry":{"type":"Point","coordinates":[37.240556,34.229444]},"properties":{"id":"aae18d7","name":"Hazer-hatticon","slug":"hazer-hatticon","types":["settlement"],"primaryType":"settlement","longitude":37.240556,"latitude":34.229444,"coordinateType":"point","verseCount":1,"identificationId":"a1ce1b7","geometryId":null}},{"type":"Feature","geometry":{"type":"Point","coordinates":[34.421667,28.896944]},"properties":{"id":"a1b6474","name":"Hazeroth","slug":"hazeroth","types":["settlement"],"primaryType":"settlement","longitude":34.421667,"latitude":28.896944,"coordinateType":"point","verseCount":6,"identificationId":"mcfc88c","geometryId":null}},{"type":"Feature","geometry":{"type":"Point","coordinates":[35.569167,33.018333]},"properties":{"id":"a6f33c5","name":"Hazor 1","slug":"hazor-1","types":["settlement"],"primaryType":"settlement","longitude":35.569167,"latitude":33.018333,"coordinateType":"point","verseCount":11,"identificationId":"m6429cf","geometryId":null}},{"type":"Feature","geometry":{"type":"Point","coordinates":[34.645224,30.722781]},"properties":{"id":"ae5657c","name":"Hazor 2","slug":"hazor-2","types":["settlement","special"],"primaryType":"settlement","longitude":34.645224,"latitude":30.722781,"coordinateType":"point","verseCount":1,"identificationId":"mb5ae8b","geometryId":null}},{"type":"Feature","geometry":{"type":"Point","coordinates":[35.124376,31.344952]},"properties":{"id":"a4d3e40","name":"Hazor 3","slug":"hazor-3","types":["settlement","special"],"primaryType":"settlement","longitude":35.124376,"latitude":31.344952,"coordinateType":"point","verseCount":1,"identificationId":"af66926","geometryId":null}},{"type":"Feature","geometry":{"type":"Point","coordinates":[35.195465,31.832184]},"properties":{"id":"ae9b9bc","name":"Hazor 4","slug":"hazor-4","types":["mountain","settlement"],"primaryType":"settlement","longitude":35.195465,"latitude":31.832184,"coordinateType":"point","verseCount":1,"identificationId":"mc6365d","geometryId":null}},{"type":"Feature","geometry":{"type":"Point","coordinates":[39.868306,29.811417]},"properties":{"id":"a3088c2","name":"Hazor 5","slug":"hazor-5","types":["region"],"primaryType":"region","longitude":39.868306,"latitude":29.811417,"coordinateType":"center","verseCount":3,"identificationId":"ma4d11e","geometryId":"g6e396e"}},{"type":"Feature","geometry":{"type":"Point","coordinates":[35.233611,31.373333]},"properties":{"id":"acce8c8","name":"Hazor-hadattah","slug":"hazor-hadattah","types":["settlement"],"primaryType":"settlement","longitude":35.233611,"latitude":31.373333,"coordinateType":"point","verseCount":1,"identificationId":"m30e667","geometryId":null}},{"type":"Feature","geometry":{"type":"Point","coordinates":[35.10222,31.525087]},"properties":{"id":"a85151a","name":"Hebron","slug":"hebron","types":["settlement"],"primaryType":"settlement","longitude":35.10222,"latitude":31.525087,"coordinateType":"point","verseCount":62,"identificationId":"m86f941","geometryId":null}},{"type":"Feature","geometry":{"type":"Point","coordinates":[36.240833,32.75]},"properties":{"id":"aeb09c0","name":"Helam","slug":"helam","types":["settlement"],"primaryType":"settlement","longitude":36.240833,"latitude":32.75,"coordinateType":"point","verseCount":2,"identificationId":"mce9265","geometryId":null}},{"type":"Feature","geometry":{"type":"Point","coordinates":[35.243368,33.317804]},"properties":{"id":"a3cb036","name":"Helbah","slug":"helbah","types":["settlement","special"],"primaryType":"settlement","longitude":35.243368,"latitude":33.317804,"coordinateType":"point","verseCount":1,"identificationId":"a36348c","geometryId":null}},{"type":"Feature","geometry":{"type":"Point","coordinates":[36.25,33.6667]},"properties":{"id":"a8a8e54","name":"Helbon","slug":"helbon","types":["settlement"],"primaryType":"settlement","longitude":36.25,"latitude":33.6667,"coordinateType":"point","verseCount":1,"identificationId":"m69a95d","geometryId":null}},{"type":"Feature","geometry":{"type":"Point","coordinates":[34.892056,36.913028]},"properties":{"id":"ab5f357","name":"Helech","slug":"helech","types":["region","settlement","special"],"primaryType":"region","longitude":34.892056,"latitude":36.913028,"coordinateType":"representative point","verseCount":1,"identificationId":"ad1c917","geometryId":"gc82ef6"}},{"type":"Feature","geometry":{"type":"Point","coordinates":[35.41385,32.72474]},"properties":{"id":"a8687ff","name":"Heleph","slug":"heleph","types":["settlement"],"primaryType":"settlement","longitude":35.41385,"latitude":32.72474,"coordinateType":"point","verseCount":2,"identificationId":"mfac68f","geometryId":null}},{"type":"Feature","geometry":{"type":"Point","coordinates":[31.3075,30.129444]},"properties":{"id":"acd9137","name":"Heliopolis","slug":"heliopolis","types":["settlement"],"primaryType":"settlement","longitude":31.3075,"latitude":30.129444,"coordinateType":"point","verseCount":5,"identificationId":"mb69a90","geometryId":null}},{"type":"Feature","geometry":{"type":"Point","coordinates":[35.109722,32.685278]},"properties":{"id":"a1d1918","name":"Helkath","slug":"helkath","types":["settlement"],"primaryType":"settlement","longitude":35.109722,"latitude":32.685278,"coordinateType":"point","verseCount":2,"identificationId":"m14fc12","geometryId":null}},{"type":"Feature","geometry":{"type":"Point","coordinates":[35.183351,31.847451]},"properties":{"id":"ac722b9","name":"Helkath-hazzurim","slug":"helkath-hazzurim","types":["field"],"primaryType":"field","longitude":35.183351,"latitude":31.847451,"coordinateType":"center","verseCount":1,"identificationId":"aede336","geometryId":"g83fb8b"}},{"type":"Feature","geometry":{"type":"Point","coordinates":[41.981944,34.368611]},"properties":{"id":"aab9a5e","name":"Hena","slug":"hena","types":["settlement","special"],"primaryType":"settlement","longitude":41.981944,"latitude":34.368611,"coordinateType":"point","verseCount":3,"identificationId":"m6fa94d","geometryId":null}},{"type":"Feature","geometry":{"type":"Point","coordinates":[35.21767,32.44285]},"properties":{"id":"a2ebe1c","name":"Hepher","slug":"hepher","types":["settlement"],"primaryType":"settlement","longitude":35.21767,"latitude":32.44285,"coordinateType":"point","verseCount":2,"identificationId":"m008aaf","geometryId":null}},{"type":"Feature","geometry":{"type":"Point","coordinates":[30.934444,29.085556]},"properties":{"id":"a542fc2","name":"Heracleopolis Magna","slug":"heracleopolis-magna","types":["settlement"],"primaryType":"settlement","longitude":30.934444,"latitude":29.085556,"coordinateType":"point","verseCount":0,"identificationId":"m2abfe7","geometryId":null}},{"type":"Feature","geometry":{"type":"Point","coordinates":[32.175556,30.978056]},"properties":{"id":"acd64ca","name":"Heracleopolis Parva","slug":"heracleopolis-parva","types":["settlement"],"primaryType":"settlement","longitude":32.175556,"latitude":30.978056,"coordinateType":"point","verseCount":0,"identificationId":"m96cadb","geometryId":null}},{"type":"Feature","geometry":{"type":"Point","coordinates":[35.9343,31.9547]},"properties":{"id":"a2466e4","name":"Heres","slug":"heres","types":["hill","natural area","settlement","special"],"primaryType":"natural area","longitude":35.9343,"latitude":31.9547,"coordinateType":"representative point","verseCount":1,"identificationId":"m315baa","geometryId":"g357ac3"}},{"type":"Feature","geometry":{"type":"Point","coordinates":[35.043133,31.614106]},"properties":{"id":"a7df136","name":"Hereth","slug":"hereth","types":["forest","special"],"primaryType":"forest","longitude":35.043133,"latitude":31.614106,"coordinateType":"point","verseCount":1,"identificationId":"mdfba8c","geometryId":null}},{"type":"Feature","geometry":{"type":"Point","coordinates":[35.228036,31.776083]},"properties":{"id":"a72ca28","name":"Herod’s palace","slug":"herods-palace","types":["structure"],"primaryType":"structure","longitude":35.228036,"latitude":31.776083,"coordinateType":"point","verseCount":0,"identificationId":"mecccdd","geometryId":null}},{"type":"Feature","geometry":{"type":"Point","coordinates":[35.809062,31.800811]},"properties":{"id":"abf2fc1","name":"Heshbon","slug":"heshbon","types":["settlement"],"primaryType":"settlement","longitude":35.809062,"latitude":31.800811,"coordinateType":"point","verseCount":37,"identificationId":"m12c75e","geometryId":null}},{"type":"Feature","geometry":{"type":"Point","coordinates":[34.9078,31.30992]},"properties":{"id":"ad2d29f","name":"Heshmon","slug":"heshmon","types":["settlement"],"primaryType":"settlement","longitude":34.9078,"latitude":31.30992,"coordinateType":"center","verseCount":1,"identificationId":"ac4b767","geometryId":"gff0370"}},{"type":"Feature","geometry":{"type":"Point","coordinates":[36.13361,34.60306]},"properties":{"id":"a1ab517","name":"Hethlon","slug":"hethlon","types":["settlement","special"],"primaryType":"settlement","longitude":36.13361,"latitude":34.60306,"coordinateType":"point","verseCount":2,"identificationId":"m87cf6c","geometryId":null}},{"type":"Feature","geometry":{"type":"Point","coordinates":[34.422222,30.648333]},"properties":{"id":"ad5c4a1","name":"Hezron","slug":"hezron","types":["settlement","special"],"primaryType":"settlement","longitude":34.422222,"latitude":30.648333,"coordinateType":"center","verseCount":1,"identificationId":"ac2cef0","geometryId":"gf612ef"}},{"type":"Feature","geometry":{"type":"Point","coordinates":[29.127375,37.926616]},"properties":{"id":"a11bbbe","name":"Hierapolis","slug":"hierapolis","types":["settlement"],"primaryType":"settlement","longitude":29.127375,"latitude":37.926616,"coordinateType":"point","verseCount":1,"identificationId":"me32616","geometryId":null}},{"type":"Feature","geometry":{"type":"Point","coordinates":[34.892056,36.913028]},"properties":{"id":"ad1c917","name":"Hilakku","slug":"hilakku","types":["region"],"primaryType":"region","longitude":34.892056,"latitude":36.913028,"coordinateType":"representative point","verseCount":0,"identificationId":"ad63819","geometryId":"gc82ef6"}},{"type":"Feature","geometry":{"type":"Point","coordinates":[37.066667,34.25]},"properties":{"id":"a6779cd","name":"Hobah","slug":"hobah","types":["region","settlement"],"primaryType":"settlement","longitude":37.066667,"latitude":34.25,"coordinateType":"point","verseCount":1,"identificationId":"md2e197","geometryId":null}},{"type":"Feature","geometry":{"type":"Point","coordinates":[35.030496,31.662152]},"properties":{"id":"a8819e0","name":"Holon 1","slug":"holon-1","types":["settlement"],"primaryType":"settlement","longitude":35.030496,"latitude":31.662152,"coordinateType":"point","verseCount":3,"identificationId":"m6df964","geometryId":null}},{"type":"Feature","geometry":{"type":"Point","coordinates":[35.701389,31.180556]},"properties":{"id":"a2a444a","name":"Holon 2","slug":"holon-2","types":["settlement"],"primaryType":"settlement","longitude":35.701389,"latitude":31.180556,"coordinateType":"representative point","verseCount":1,"identificationId":"aa0b1d6","geometryId":"g228665"}},{"type":"Feature","geometry":{"type":"Point","coordinates":[35.235556,31.777778]},"properties":{"id":"ab60a74","name":"Holy Place 2","slug":"holy-place-2","types":["room"],"primaryType":"room","longitude":35.235556,"latitude":31.777778,"coordinateType":"point","verseCount":23,"identificationId":"aac1fcf","geometryId":null}},{"type":"Feature","geometry":{"type":"Point","coordinates":[35.464444,33.221667]},"properties":{"id":"a9cdd53","name":"Horem","slug":"horem","types":["settlement"],"primaryType":"settlement","longitude":35.464444,"latitude":33.221667,"coordinateType":"center","verseCount":1,"identificationId":"a5f0bc3","geometryId":"g750f22"}},{"type":"Feature","geometry":{"type":"Point","coordinates":[35.12738,31.45026]},"properties":{"id":"a23db8d","name":"Horesh","slug":"horesh","types":["natural area","special"],"primaryType":"natural area","longitude":35.12738,"latitude":31.45026,"coordinateType":"point","verseCount":4,"identificationId":"meea17f","geometryId":null}},{"type":"Feature","geometry":{"type":"Point","coordinates":[34.71154,30.11424]},"properties":{"id":"a5e36e6","name":"Hor-haggidgad","slug":"hor-haggidgad","types":["campsite"],"primaryType":"campsite","longitude":34.71154,"latitude":30.11424,"coordinateType":"representative point","verseCount":3,"identificationId":"m4aa3c1","geometryId":"g9beb4a"}},{"type":"Feature","geometry":{"type":"Point","coordinates":[34.958277,31.212285]},"properties":{"id":"ada25df","name":"Hormah","slug":"hormah","types":["settlement"],"primaryType":"settlement","longitude":34.958277,"latitude":31.212285,"coordinateType":"point","verseCount":9,"identificationId":"mcd11f7","geometryId":null}},{"type":"Feature","geometry":{"type":"Point","coordinates":[35.64193,31.09001]},"properties":{"id":"a9dd823","name":"Horonaim 1","slug":"horonaim-1","types":["settlement"],"primaryType":"settlement","longitude":35.64193,"latitude":31.09001,"coordinateType":"point","verseCount":4,"identificationId":"m38734c","geometryId":null}},{"type":"Feature","geometry":{"type":"Point","coordinates":[35.083611,31.895]},"properties":{"id":"a159029","name":"Horonaim 2","slug":"horonaim-2","types":["settlement"],"primaryType":"settlement","longitude":35.083611,"latitude":31.895,"coordinateType":"point","verseCount":1,"identificationId":"a75b45e","geometryId":null}},{"type":"Feature","geometry":{"type":"Point","coordinates":[35.234167,31.776667]},"properties":{"id":"af8b51e","name":"Horse Gate","slug":"horse-gate","types":["gate"],"primaryType":"gate","longitude":35.234167,"latitude":31.776667,"coordinateType":"settlement","verseCount":3,"identificationId":"a15257a","geometryId":null}},{"type":"Feature","geometry":{"type":"Point","coordinates":[35.21519,33.23674]},"properties":{"id":"a2feddf","name":"Hosah","slug":"hosah","types":["settlement"],"primaryType":"settlement","longitude":35.21519,"latitude":33.23674,"coordinateType":"point","verseCount":1,"identificationId":"me84cc9","geometryId":null}},{"type":"Feature","geometry":{"type":"Point","coordinates":[35.234167,31.776667]},"properties":{"id":"a966bdf","name":"House of the Forest of Lebanon","slug":"house-of-the-forest-of-lebanon","types":["structure"],"primaryType":"structure","longitude":35.234167,"latitude":31.776667,"coordinateType":"settlement","verseCount":6,"identificationId":"a15257a","geometryId":null}},{"type":"Feature","geometry":{"type":"Point","coordinates":[35.263449,32.864276]},"properties":{"id":"a901903","name":"Hukkok","slug":"hukkok","types":["settlement"],"primaryType":"settlement","longitude":35.263449,"latitude":32.864276,"coordinateType":"point","verseCount":1,"identificationId":"m9c165a","geometryId":null}},{"type":"Feature","geometry":{"type":"Point","coordinates":[35.09027,32.75885]},"properties":{"id":"a5c4318","name":"Hukok","slug":"hukok","types":["settlement"],"primaryType":"settlement","longitude":35.09027,"latitude":32.75885,"coordinateType":"point","verseCount":1,"identificationId":"a1d1918","geometryId":null}},{"type":"Feature","geometry":{"type":"Point","coordinates":[35.10222,31.525087]},"properties":{"id":"a5a846f","name":"Humtah","slug":"humtah","types":["settlement"],"primaryType":"settlement","longitude":35.10222,"latitude":31.525087,"coordinateType":"center","verseCount":1,"identificationId":"a85151a","geometryId":"g89ebff"}},{"type":"Feature","geometry":{"type":"Point","coordinates":[35.13242,31.71181]},"properties":{"id":"a54fdd6","name":"Hushah","slug":"hushah","types":["settlement","special"],"primaryType":"settlement","longitude":35.13242,"latitude":31.71181,"coordinateType":"point","verseCount":6,"identificationId":"mbdb4ea","geometryId":null}},{"type":"Feature","geometry":{"type":"Point","coordinates":[35.292,32.4462]},"properties":{"id":"a878d66","name":"Ibleam","slug":"ibleam","types":["settlement"],"primaryType":"settlement","longitude":35.292,"latitude":32.4462,"coordinateType":"point","verseCount":4,"identificationId":"mfe8eb2","geometryId":null}},{"type":"Feature","geometry":{"type":"Point","coordinates":[32.492331,37.872202]},"properties":{"id":"ae425aa","name":"Iconium","slug":"iconium","types":["settlement"],"primaryType":"settlement","longitude":32.492331,"latitude":37.872202,"coordinateType":"point","verseCount":6,"identificationId":"m5ff141","geometryId":null}},{"type":"Feature","geometry":{"type":"Point","coordinates":[35.183433,32.725794]},"properties":{"id":"ae8fac6","name":"Idalah","slug":"idalah","types":["settlement"],"primaryType":"settlement","longitude":35.183433,"latitude":32.725794,"coordinateType":"point","verseCount":1,"identificationId":"meea8c6","geometryId":null}},{"type":"Feature","geometry":{"type":"Point","coordinates":[35.10222,31.525087]},"properties":{"id":"a2517a0","name":"Idumea","slug":"idumea","types":["region"],"primaryType":"region","longitude":35.10222,"latitude":31.525087,"coordinateType":"representative point","verseCount":1,"identificationId":"a85151a","geometryId":"g5e98fb"}},{"type":"Feature","geometry":{"type":"Point","coordinates":[34.92061,31.36475]},"properties":{"id":"ad161d1","name":"Iim","slug":"iim","types":["settlement"],"primaryType":"settlement","longitude":34.92061,"latitude":31.36475,"coordinateType":"point","verseCount":1,"identificationId":"m988bed","geometryId":null}},{"type":"Feature","geometry":{"type":"Point","coordinates":[35.59,33.345278]},"properties":{"id":"a062b95","name":"Ijon","slug":"ijon","types":["settlement"],"primaryType":"settlement","longitude":35.59,"latitude":33.345278,"coordinateType":"point","verseCount":3,"identificationId":"m15bc95","geometryId":null}},{"type":"Feature","geometry":{"type":"Point","coordinates":[16.483056,43.539444]},"properties":{"id":"ac405c0","name":"Illyricum","slug":"illyricum","types":["region"],"primaryType":"region","longitude":16.483056,"latitude":43.539444,"coordinateType":"representative point","verseCount":1,"identificationId":"a49cd82","geometryId":"g857eea"}},{"type":"Feature","geometry":{"type":"Point","coordinates":[44.422222,32.543333]},"properties":{"id":"ae4d198","name":"Immer","slug":"immer","types":["settlement","special"],"primaryType":"settlement","longitude":44.422222,"latitude":32.543333,"coordinateType":"representative point","verseCount":2,"identificationId":"a8394b8","geometryId":"g523915"}},{"type":"Feature","geometry":{"type":"Point","coordinates":[67.4308,23.9944]},"properties":{"id":"a878481","name":"India","slug":"india","types":["region"],"primaryType":"region","longitude":67.4308,"latitude":23.9944,"coordinateType":"representative point","verseCount":2,"identificationId":"m144f46","geometryId":"g323d81"}},{"type":"Feature","geometry":{"type":"Point","coordinates":[35.01244,31.57459]},"properties":{"id":"a67bd13","name":"Iphtah","slug":"iphtah","types":["settlement"],"primaryType":"settlement","longitude":35.01244,"latitude":31.57459,"coordinateType":"point","verseCount":1,"identificationId":"me08090","geometryId":null}},{"type":"Feature","geometry":{"type":"Point","coordinates":[35.759526,31.280864]},"properties":{"id":"a6c0a5f","name":"Ir-moab","slug":"ir-moab","types":["settlement","special"],"primaryType":"settlement","longitude":35.759526,"latitude":31.280864,"coordinateType":"point","verseCount":1,"identificationId":"a38ad07","geometryId":null}},{"type":"Feature","geometry":{"type":"Point","coordinates":[34.921722,31.615681]},"properties":{"id":"a31913c","name":"Ir-nahash","slug":"ir-nahash","types":["settlement","special"],"primaryType":"settlement","longitude":34.921722,"latitude":31.615681,"coordinateType":"point","verseCount":1,"identificationId":"mab0d53","geometryId":null}},{"type":"Feature","geometry":{"type":"Point","coordinates":[35.192222,31.870556]},"properties":{"id":"a21b934","name":"Irpeel","slug":"irpeel","types":["settlement"],"primaryType":"settlement","longitude":35.192222,"latitude":31.870556,"coordinateType":"point","verseCount":1,"identificationId":"me42258","geometryId":null}},{"type":"Feature","geometry":{"type":"Point","coordinates":[34.974744,31.750621]},"properties":{"id":"ad6cc26","name":"Ir-shemesh","slug":"ir-shemesh","types":["settlement"],"primaryType":"settlement","longitude":34.974744,"latitude":31.750621,"coordinateType":"point","verseCount":1,"identificationId":"a3b5b53","geometryId":null}},{"type":"Feature","geometry":{"type":"Point","coordinates":[12.4852,41.8922]},"properties":{"id":"a7184a7","name":"Italy","slug":"italy","types":["region"],"primaryType":"region","longitude":12.4852,"latitude":41.8922,"coordinateType":"representative point","verseCount":4,"identificationId":"afc8e7a","geometryId":"g776ba1"}},{"type":"Feature","geometry":{"type":"Point","coordinates":[35.023611,31.841111]},"properties":{"id":"abf8060","name":"Ithlah","slug":"ithlah","types":["settlement"],"primaryType":"settlement","longitude":35.023611,"latitude":31.841111,"coordinateType":"center","verseCount":1,"identificationId":"a1c600b","geometryId":"gc93cda"}},{"type":"Feature","geometry":{"type":"Point","coordinates":[34.73251,30.61274]},"properties":{"id":"ac333a2","name":"Ithnan","slug":"ithnan","types":["settlement"],"primaryType":"settlement","longitude":34.73251,"latitude":30.61274,"coordinateType":"point","verseCount":1,"identificationId":"mff1fdf","geometryId":null}},{"type":"Feature","geometry":{"type":"Point","coordinates":[35.85,33.4]},"properties":{"id":"aa9e265","name":"Ituraea","slug":"ituraea","types":["region"],"primaryType":"region","longitude":35.85,"latitude":33.4,"coordinateType":"representative point","verseCount":1,"identificationId":"a341fe8","geometryId":"gb731f9"}},{"type":"Feature","geometry":{"type":"Point","coordinates":[36.690556,34.684722]},"properties":{"id":"a9ac5f9","name":"Ivvah","slug":"ivvah","types":["settlement","special"],"primaryType":"settlement","longitude":36.690556,"latitude":34.684722,"coordinateType":"point","verseCount":3,"identificationId":"m37903f","geometryId":null}},{"type":"Feature","geometry":{"type":"Point","coordinates":[35.77948,30.955999]},"properties":{"id":"a0574da","name":"Iye-abarim","slug":"iye-abarim","types":["campsite"],"primaryType":"campsite","longitude":35.77948,"latitude":30.955999,"coordinateType":"point","verseCount":3,"identificationId":"me95c9a","geometryId":null}},{"type":"Feature","geometry":{"type":"Point","coordinates":[35.10378,31.808957]},"properties":{"id":"a8fe6a4","name":"Jaar","slug":"jaar","types":["settlement"],"primaryType":"settlement","longitude":35.10378,"latitude":31.808957,"coordinateType":"point","verseCount":1,"identificationId":"a9bba61","geometryId":null}},{"type":"Feature","geometry":{"type":"Point","coordinates":[35.543056,32.11525]},"properties":{"id":"aca7bd9","name":"Jabbok","slug":"jabbok","types":["river"],"primaryType":"river","longitude":35.543056,"latitude":32.11525,"coordinateType":"representative point","verseCount":7,"identificationId":"m8920d8","geometryId":"g907409"}},{"type":"Feature","geometry":{"type":"Point","coordinates":[35.6823,32.40237]},"properties":{"id":"af92088","name":"Jabesh-gilead","slug":"jabesh-gilead","types":["settlement"],"primaryType":"settlement","longitude":35.6823,"latitude":32.40237,"coordinateType":"point","verseCount":20,"identificationId":"m234519","geometryId":null}},{"type":"Feature","geometry":{"type":"Point","coordinates":[35.207639,31.704306]},"properties":{"id":"aedf531","name":"Jabez","slug":"jabez","types":["settlement"],"primaryType":"settlement","longitude":35.207639,"latitude":31.704306,"coordinateType":"center","verseCount":1,"identificationId":"a112427","geometryId":"gdf3ad7"}},{"type":"Feature","geometry":{"type":"Point","coordinates":[34.7463,31.866]},"properties":{"id":"a7adb01","name":"Jabneel 1","slug":"jabneel-1","types":["settlement"],"primaryType":"settlement","longitude":34.7463,"latitude":31.866,"coordinateType":"point","verseCount":2,"identificationId":"mfbdf61","geometryId":null}},{"type":"Feature","geometry":{"type":"Point","coordinates":[35.5125,32.713333]},"properties":{"id":"abff89f","name":"Jabneel 2","slug":"jabneel-2","types":["settlement"],"primaryType":"settlement","longitude":35.5125,"latitude":32.713333,"coordinateType":"point","verseCount":1,"identificationId":"md7dd73","geometryId":null}},{"type":"Feature","geometry":{"type":"Point","coordinates":[34.9867,31.2328]},"properties":{"id":"a907232","name":"Jagur","slug":"jagur","types":["settlement"],"primaryType":"settlement","longitude":34.9867,"latitude":31.2328,"coordinateType":"point","verseCount":1,"identificationId":"ma832c2","geometryId":null}},{"type":"Feature","geometry":{"type":"Point","coordinates":[35.907928,31.588347]},"properties":{"id":"ad9b1cd","name":"Jahaz","slug":"jahaz","types":["settlement"],"primaryType":"settlement","longitude":35.907928,"latitude":31.588347,"coordinateType":"point","verseCount":9,"identificationId":"mb2b340","geometryId":null}},{"type":"Feature","geometry":{"type":"Point","coordinates":[35.16416,31.51591]},"properties":{"id":"a175f4b","name":"Janim","slug":"janim","types":["settlement"],"primaryType":"settlement","longitude":35.16416,"latitude":31.51591,"coordinateType":"point","verseCount":1,"identificationId":"m927319","geometryId":null}},{"type":"Feature","geometry":{"type":"Point","coordinates":[35.36133,32.15798]},"properties":{"id":"a0bcd48","name":"Janoah 1","slug":"janoah-1","types":["settlement"],"primaryType":"settlement","longitude":35.36133,"latitude":32.15798,"coordinateType":"point","verseCount":2,"identificationId":"m7e420c","geometryId":null}},{"type":"Feature","geometry":{"type":"Point","coordinates":[35.30259,33.26025]},"properties":{"id":"a4f2291","name":"Janoah 2","slug":"janoah-2","types":["settlement"],"primaryType":"settlement","longitude":35.30259,"latitude":33.26025,"coordinateType":"point","verseCount":1,"identificationId":"ma5abe3","geometryId":null}},{"type":"Feature","geometry":{"type":"Point","coordinates":[35.235272,32.486486]},"properties":{"id":"adb6f6b","name":"Janua","slug":"janua","types":["settlement"],"primaryType":"settlement","longitude":35.235272,"latitude":32.486486,"coordinateType":"point","verseCount":0,"identificationId":"mfde99e","geometryId":null}},{"type":"Feature","geometry":{"type":"Point","coordinates":[35.27535,32.687019]},"properties":{"id":"ab15bb3","name":"Japhia","slug":"japhia","types":["settlement"],"primaryType":"settlement","longitude":35.27535,"latitude":32.687019,"coordinateType":"point","verseCount":1,"identificationId":"mdfc63b","geometryId":null}},{"type":"Feature","geometry":{"type":"Point","coordinates":[34.975,31.7083]},"properties":{"id":"a539e01","name":"Jarmuth 1","slug":"jarmuth-1","types":["settlement"],"primaryType":"settlement","longitude":34.975,"latitude":31.7083,"coordinateType":"point","verseCount":6,"identificationId":"mb00c2d","geometryId":null}},{"type":"Feature","geometry":{"type":"Point","coordinates":[35.521389,32.595556]},"properties":{"id":"a1eb300","name":"Jarmuth 2","slug":"jarmuth-2","types":["settlement"],"primaryType":"settlement","longitude":35.521389,"latitude":32.595556,"coordinateType":"point","verseCount":1,"identificationId":"ada2a0b","geometryId":null}},{"type":"Feature","geometry":{"type":"Point","coordinates":[35.016111,31.3525]},"properties":{"id":"ad6eb0b","name":"Jattir","slug":"jattir","types":["settlement"],"primaryType":"settlement","longitude":35.016111,"latitude":31.3525,"coordinateType":"point","verseCount":6,"identificationId":"m8a3087","geometryId":null}},{"type":"Feature","geometry":{"type":"Point","coordinates":[27.5,38.2]},"properties":{"id":"a116c5c","name":"Javan","slug":"javan","types":["region"],"primaryType":"region","longitude":27.5,"latitude":38.2,"coordinateType":"representative point","verseCount":2,"identificationId":"m8bc671","geometryId":"g8e7709"}},{"type":"Feature","geometry":{"type":"Point","coordinates":[35.830077,31.944471]},"properties":{"id":"a095b6e","name":"Jazer","slug":"jazer","types":["settlement"],"primaryType":"settlement","longitude":35.830077,"latitude":31.944471,"coordinateType":"point","verseCount":13,"identificationId":"mf176a6","geometryId":null}},{"type":"Feature","geometry":{"type":"Point","coordinates":[35.234167,31.776667]},"properties":{"id":"a403c45","name":"Jebus","slug":"jebus","types":["settlement"],"primaryType":"settlement","longitude":35.234167,"latitude":31.776667,"coordinateType":"point","verseCount":7,"identificationId":"a15257a","geometryId":null}},{"type":"Feature","geometry":{"type":"Point","coordinates":[34.890278,32.030833]},"properties":{"id":"aa0ef78","name":"Jehud","slug":"jehud","types":["settlement"],"primaryType":"settlement","longitude":34.890278,"latitude":32.030833,"coordinateType":"point","verseCount":1,"identificationId":"md31523","geometryId":null}},{"type":"Feature","geometry":{"type":"Point","coordinates":[35.444564,31.871719]},"properties":{"id":"a231f80","name":"Jericho 1","slug":"jericho-1","types":["settlement"],"primaryType":"settlement","longitude":35.444564,"latitude":31.871719,"coordinateType":"point","verseCount":63,"identificationId":"m95349d","geometryId":null}},{"type":"Feature","geometry":{"type":"Point","coordinates":[35.436238,31.851872]},"properties":{"id":"aaf03fa","name":"Jericho 2","slug":"jericho-2","types":["settlement"],"primaryType":"settlement","longitude":35.436238,"latitude":31.851872,"coordinateType":"point","verseCount":5,"identificationId":"mdf4652","geometryId":null}},{"type":"Feature","geometry":{"type":"Point","coordinates":[35.309167,31.579722]},"properties":{"id":"a8ccbf2","name":"Jeruel","slug":"jeruel","types":["region"],"primaryType":"region","longitude":35.309167,"latitude":31.579722,"coordinateType":"representative point","verseCount":1,"identificationId":"m9b1996","geometryId":"gf2ea0e"}},{"type":"Feature","geometry":{"type":"Point","coordinates":[35.234167,31.776667]},"properties":{"id":"a15257a","name":"Jerusalem","slug":"jerusalem","types":["settlement"],"primaryType":"settlement","longitude":35.234167,"latitude":31.776667,"coordinateType":"point","verseCount":955,"identificationId":"m66c5b8","geometryId":null}},{"type":"Feature","geometry":{"type":"Point","coordinates":[35.26029,31.99855]},"properties":{"id":"a5f5b06","name":"Jeshanah","slug":"jeshanah","types":["settlement"],"primaryType":"settlement","longitude":35.26029,"latitude":31.99855,"coordinateType":"point","verseCount":1,"identificationId":"ma7df4b","geometryId":null}},{"type":"Feature","geometry":{"type":"Point","coordinates":[35.2228,31.4703]},"properties":{"id":"ad41f6e","name":"Jeshimon","slug":"jeshimon","types":["region"],"primaryType":"region","longitude":35.2228,"latitude":31.4703,"coordinateType":"representative point","verseCount":6,"identificationId":"a28a7df","geometryId":"gffa031"}},{"type":"Feature","geometry":{"type":"Point","coordinates":[34.990278,31.276389]},"properties":{"id":"ab8473d","name":"Jeshua","slug":"jeshua","types":["settlement"],"primaryType":"settlement","longitude":34.990278,"latitude":31.276389,"coordinateType":"point","verseCount":1,"identificationId":"m9d59ae","geometryId":null}},{"type":"Feature","geometry":{"type":"Point","coordinates":[35.09,31.447778]},"properties":{"id":"ad94cc9","name":"Jezreel 1","slug":"jezreel-1","types":["settlement"],"primaryType":"settlement","longitude":35.09,"latitude":31.447778,"coordinateType":"center","verseCount":1,"identificationId":"acc7184","geometryId":"g554d91"}},{"type":"Feature","geometry":{"type":"Point","coordinates":[35.327953,32.557853]},"properties":{"id":"ae0bf4a","name":"Jezreel 2","slug":"jezreel-2","types":["settlement"],"primaryType":"settlement","longitude":35.327953,"latitude":32.557853,"coordinateType":"point","verseCount":29,"identificationId":"mda3bc1","geometryId":null}},{"type":"Feature","geometry":{"type":"Point","coordinates":[35.09,31.447778]},"properties":{"id":"ac644e9","name":"Jezreel 3","slug":"jezreel-3","types":["settlement"],"primaryType":"settlement","longitude":35.09,"latitude":31.447778,"coordinateType":"center","verseCount":6,"identificationId":"ad94cc9","geometryId":"g554d91"}},{"type":"Feature","geometry":{"type":"Point","coordinates":[35.855751,32.013531]},"properties":{"id":"acf6e00","name":"Jogbehah","slug":"jogbehah","types":["settlement"],"primaryType":"settlement","longitude":35.855751,"latitude":32.013531,"coordinateType":"point","verseCount":2,"identificationId":"mb4119d","geometryId":null}},{"type":"Feature","geometry":{"type":"Point","coordinates":[35.118489,31.461967]},"properties":{"id":"a56cad5","name":"Jokdeam","slug":"jokdeam","types":["settlement"],"primaryType":"settlement","longitude":35.118489,"latitude":31.461967,"coordinateType":"point","verseCount":1,"identificationId":"mee0e2f","geometryId":null}},{"type":"Feature","geometry":{"type":"Point","coordinates":[35.48497,32.13993]},"properties":{"id":"ab2e402","name":"Jokmeam 1","slug":"jokmeam-1","types":["settlement"],"primaryType":"settlement","longitude":35.48497,"latitude":32.13993,"coordinateType":"point","verseCount":1,"identificationId":"aaa8b2e","geometryId":null}},{"type":"Feature","geometry":{"type":"Point","coordinates":[35.48497,32.13993]},"properties":{"id":"aaa8b2e","name":"Jokmeam 2","slug":"jokmeam-2","types":["settlement"],"primaryType":"settlement","longitude":35.48497,"latitude":32.13993,"coordinateType":"point","verseCount":1,"identificationId":"med2628","geometryId":null}},{"type":"Feature","geometry":{"type":"Point","coordinates":[35.108266,32.664099]},"properties":{"id":"a5c92e1","name":"Jokneam","slug":"jokneam","types":["settlement"],"primaryType":"settlement","longitude":35.108266,"latitude":32.664099,"coordinateType":"point","verseCount":4,"identificationId":"m5fdc60","geometryId":null}},{"type":"Feature","geometry":{"type":"Point","coordinates":[34.849167,31.565278]},"properties":{"id":"a45dd20","name":"Joktheel 1","slug":"joktheel-1","types":["settlement"],"primaryType":"settlement","longitude":34.849167,"latitude":31.565278,"coordinateType":"center","verseCount":1,"identificationId":"a3cc590","geometryId":"gd370ed"}},{"type":"Feature","geometry":{"type":"Point","coordinates":[34.753039,32.054481]},"properties":{"id":"ae023a9","name":"Joppa","slug":"joppa","types":["settlement"],"primaryType":"settlement","longitude":34.753039,"latitude":32.054481,"coordinateType":"point","verseCount":14,"identificationId":"mcb49f3","geometryId":null}},{"type":"Feature","geometry":{"type":"Point","coordinates":[35.558333,31.761389]},"properties":{"id":"ae686c9","name":"Jordan","slug":"jordan","types":["river"],"primaryType":"river","longitude":35.558333,"latitude":31.761389,"coordinateType":"representative point","verseCount":202,"identificationId":"me7edbd","geometryId":"ga8da80"}},{"type":"Feature","geometry":{"type":"Point","coordinates":[35.57,32.317222]},"properties":{"id":"aa54aa4","name":"Jordan Valley","slug":"jordan-valley","types":["valley"],"primaryType":"valley","longitude":35.57,"latitude":32.317222,"coordinateType":"representative point","verseCount":8,"identificationId":"m8fcc34","geometryId":"gda936b"}},{"type":"Feature","geometry":{"type":"Point","coordinates":[35.118489,31.461967]},"properties":{"id":"a2b389a","name":"Jorkeam","slug":"jorkeam","types":["settlement","special"],"primaryType":"settlement","longitude":35.118489,"latitude":31.461967,"coordinateType":"point","verseCount":1,"identificationId":"a56cad5","geometryId":null}},{"type":"Feature","geometry":{"type":"Point","coordinates":[35.278139,32.831944]},"properties":{"id":"adbbb54","name":"Jotbah","slug":"jotbah","types":["settlement"],"primaryType":"settlement","longitude":35.278139,"latitude":32.831944,"coordinateType":"point","verseCount":1,"identificationId":"m3ddc20","geometryId":null}},{"type":"Feature","geometry":{"type":"Point","coordinates":[34.896882,29.492468]},"properties":{"id":"a7384d7","name":"Jotbathah","slug":"jotbathah","types":["settlement","spring"],"primaryType":"settlement","longitude":34.896882,"latitude":29.492468,"coordinateType":"point","verseCount":3,"identificationId":"m743a5d","geometryId":null}},{"type":"Feature","geometry":{"type":"Point","coordinates":[35.234167,31.776667]},"properties":{"id":"a149f13","name":"Judea 1","slug":"judea-1","types":["region"],"primaryType":"region","longitude":35.234167,"latitude":31.776667,"coordinateType":"representative point","verseCount":52,"identificationId":"a15257a","geometryId":"g55ebd7"}},{"type":"Feature","geometry":{"type":"Point","coordinates":[35.234167,31.776667]},"properties":{"id":"ab86a69","name":"Judea 2","slug":"judea-2","types":["region"],"primaryType":"region","longitude":35.234167,"latitude":31.776667,"coordinateType":"representative point","verseCount":2,"identificationId":"a15257a","geometryId":"gb88bb1"}},{"type":"Feature","geometry":{"type":"Point","coordinates":[35.09,31.447778]},"properties":{"id":"acc7184","name":"Juttah","slug":"juttah","types":["settlement"],"primaryType":"settlement","longitude":35.09,"latitude":31.447778,"coordinateType":"point","verseCount":3,"identificationId":"m161c59","geometryId":null}},{"type":"Feature","geometry":{"type":"Point","coordinates":[34.93235,31.28619]},"properties":{"id":"a2715db","name":"Kabzeel","slug":"kabzeel","types":["settlement"],"primaryType":"settlement","longitude":34.93235,"latitude":31.28619,"coordinateType":"point","verseCount":4,"identificationId":"mef1743","geometryId":null}},{"type":"Feature","geometry":{"type":"Point","coordinates":[36.5196,34.55781]},"properties":{"id":"adc9b5a","name":"Kadesh 2","slug":"kadesh-2","types":["settlement"],"primaryType":"settlement","longitude":36.5196,"latitude":34.55781,"coordinateType":"point","verseCount":1,"identificationId":"m32c21d","geometryId":null}},{"type":"Feature","geometry":{"type":"Point","coordinates":[34.422222,30.648333]},"properties":{"id":"ac2cef0","name":"Kadesh-barnea","slug":"kadesh-barnea","types":["settlement"],"primaryType":"settlement","longitude":34.422222,"latitude":30.648333,"coordinateType":"point","verseCount":24,"identificationId":"m6da23a","geometryId":null}},{"type":"Feature","geometry":{"type":"Point","coordinates":[35.15154,31.49627]},"properties":{"id":"a765bd8","name":"Kain","slug":"kain","types":["settlement","special"],"primaryType":"settlement","longitude":35.15154,"latitude":31.49627,"coordinateType":"point","verseCount":2,"identificationId":"m4f28ee","geometryId":null}},{"type":"Feature","geometry":{"type":"Point","coordinates":[35.7256,32.5876]},"properties":{"id":"a804aeb","name":"Kamon","slug":"kamon","types":["settlement"],"primaryType":"settlement","longitude":35.7256,"latitude":32.5876,"coordinateType":"point","verseCount":1,"identificationId":"ma1df2b","geometryId":null}},{"type":"Feature","geometry":{"type":"Point","coordinates":[34.8954,32.127]},"properties":{"id":"a373106","name":"Kanah 1","slug":"kanah-1","types":["river"],"primaryType":"river","longitude":34.8954,"latitude":32.127,"coordinateType":"representative point","verseCount":2,"identificationId":"m96bbc3","geometryId":"gf2d10c"}},{"type":"Feature","geometry":{"type":"Point","coordinates":[35.299167,33.209167]},"properties":{"id":"ac3233c","name":"Kanah 2","slug":"kanah-2","types":["settlement"],"primaryType":"settlement","longitude":35.299167,"latitude":33.209167,"coordinateType":"point","verseCount":1,"identificationId":"mea50a6","geometryId":null}},{"type":"Feature","geometry":{"type":"Point","coordinates":[34.366667,30.666667]},"properties":{"id":"a438f5e","name":"Karka","slug":"karka","types":["settlement"],"primaryType":"settlement","longitude":34.366667,"latitude":30.666667,"coordinateType":"point","verseCount":1,"identificationId":"mde3fc5","geometryId":null}},{"type":"Feature","geometry":{"type":"Point","coordinates":[37.54278,31.36306]},"properties":{"id":"a0415e8","name":"Karkor","slug":"karkor","types":["settlement","special","valley"],"primaryType":"settlement","longitude":37.54278,"latitude":31.36306,"coordinateType":"point","verseCount":1,"identificationId":"mebc591","geometryId":null}},{"type":"Feature","geometry":{"type":"Point","coordinates":[36.035,32.835833]},"properties":{"id":"adf5c7b","name":"Karnaim","slug":"karnaim","types":["settlement"],"primaryType":"settlement","longitude":36.035,"latitude":32.835833,"coordinateType":"point","verseCount":1,"identificationId":"m092d12","geometryId":null}},{"type":"Feature","geometry":{"type":"Point","coordinates":[35.4625,33.111944]},"properties":{"id":"ac0f6e7","name":"Kartah","slug":"kartah","types":["settlement"],"primaryType":"settlement","longitude":35.4625,"latitude":33.111944,"coordinateType":"point","verseCount":2,"identificationId":"a4959d5","geometryId":null}},{"type":"Feature","geometry":{"type":"Point","coordinates":[35.4625,33.111944]},"properties":{"id":"a4959d5","name":"Kartan","slug":"kartan","types":["settlement"],"primaryType":"settlement","longitude":35.4625,"latitude":33.111944,"coordinateType":"point","verseCount":1,"identificationId":"mcbfe77","geometryId":null}},{"type":"Feature","geometry":{"type":"Point","coordinates":[35.03215,32.62558]},"properties":{"id":"a6536c9","name":"Kattath","slug":"kattath","types":["settlement"],"primaryType":"settlement","longitude":35.03215,"latitude":32.62558,"coordinateType":"point","verseCount":1,"identificationId":"ae5cc46","geometryId":null}},{"type":"Feature","geometry":{"type":"Point","coordinates":[39.868306,29.811417]},"properties":{"id":"a68d1a9","name":"Kedar","slug":"kedar","types":["people group"],"primaryType":"people group","longitude":39.868306,"latitude":29.811417,"coordinateType":"representative point","verseCount":9,"identificationId":"ma4d11e","geometryId":"gd4e2eb"}},{"type":"Feature","geometry":{"type":"Point","coordinates":[35.880262,31.531844]},"properties":{"id":"a416b43","name":"Kedemoth","slug":"kedemoth","types":["settlement"],"primaryType":"settlement","longitude":35.880262,"latitude":31.531844,"coordinateType":"point","verseCount":4,"identificationId":"mbf99a2","geometryId":null}},{"type":"Feature","geometry":{"type":"Point","coordinates":[35.529517,33.111638]},"properties":{"id":"a321cb8","name":"Kedesh 1","slug":"kedesh-1","types":["settlement"],"primaryType":"settlement","longitude":35.529517,"latitude":33.111638,"coordinateType":"point","verseCount":4,"identificationId":"m48684e","geometryId":null}},{"type":"Feature","geometry":{"type":"Point","coordinates":[34.422222,30.648333]},"properties":{"id":"a4fa255","name":"Kedesh 2","slug":"kedesh-2","types":["settlement"],"primaryType":"settlement","longitude":34.422222,"latitude":30.648333,"coordinateType":"point","verseCount":1,"identificationId":"ac2cef0","geometryId":null}},{"type":"Feature","geometry":{"type":"Point","coordinates":[35.393056,32.661389]},"properties":{"id":"adb5ae4","name":"Kedesh 3","slug":"kedesh-3","types":["settlement"],"primaryType":"settlement","longitude":35.393056,"latitude":32.661389,"coordinateType":"point","verseCount":1,"identificationId":"a20364a","geometryId":null}},{"type":"Feature","geometry":{"type":"Point","coordinates":[35.55555,32.735]},"properties":{"id":"ad74690","name":"Kedesh 4","slug":"kedesh-4","types":["settlement"],"primaryType":"settlement","longitude":35.55555,"latitude":32.735,"coordinateType":"point","verseCount":3,"identificationId":"a48191b","geometryId":null}},{"type":"Feature","geometry":{"type":"Point","coordinates":[35.529517,33.111638]},"properties":{"id":"a662eed","name":"Kedesh 5","slug":"kedesh-5","types":["settlement"],"primaryType":"settlement","longitude":35.529517,"latitude":33.111638,"coordinateType":"point","verseCount":2,"identificationId":"a321cb8","geometryId":null}},{"type":"Feature","geometry":{"type":"Point","coordinates":[35.55555,32.735]},"properties":{"id":"a48191b","name":"Kedesh-naphtali","slug":"kedesh-naphtali","types":["settlement"],"primaryType":"settlement","longitude":35.55555,"latitude":32.735,"coordinateType":"point","verseCount":1,"identificationId":"m946fef","geometryId":null}},{"type":"Feature","geometry":{"type":"Point","coordinates":[34.421111,30.193056]},"properties":{"id":"a32d25a","name":"Kehelathah","slug":"kehelathah","types":["campsite","settlement"],"primaryType":"campsite","longitude":34.421111,"latitude":30.193056,"coordinateType":"point","verseCount":2,"identificationId":"ac1fbba","geometryId":null}},{"type":"Feature","geometry":{"type":"Point","coordinates":[35.0036,31.6137]},"properties":{"id":"ad9df93","name":"Keilah","slug":"keilah","types":["settlement"],"primaryType":"settlement","longitude":35.0036,"latitude":31.6137,"coordinateType":"point","verseCount":15,"identificationId":"mb65966","geometryId":null}},{"type":"Feature","geometry":{"type":"Point","coordinates":[36.61899,32.75616]},"properties":{"id":"a4f650b","name":"Kenath","slug":"kenath","types":["settlement"],"primaryType":"settlement","longitude":36.61899,"latitude":32.75616,"coordinateType":"point","verseCount":2,"identificationId":"m612cff","geometryId":null}},{"type":"Feature","geometry":{"type":"Point","coordinates":[35.686111,31.540556]},"properties":{"id":"a2d84de","name":"Kerioth","slug":"kerioth","types":["settlement","special"],"primaryType":"settlement","longitude":35.686111,"latitude":31.540556,"coordinateType":"point","verseCount":3,"identificationId":"m60a34b","geometryId":null}},{"type":"Feature","geometry":{"type":"Point","coordinates":[35.124376,31.344952]},"properties":{"id":"af66926","name":"Kerioth-hezron","slug":"kerioth-hezron","types":["settlement","special"],"primaryType":"settlement","longitude":35.124376,"latitude":31.344952,"coordinateType":"point","verseCount":1,"identificationId":"mf10950","geometryId":null}},{"type":"Feature","geometry":{"type":"Point","coordinates":[34.275439,28.788667]},"properties":{"id":"ae7836a","name":"Kibroth-hattaavah","slug":"kibroth-hattaavah","types":["settlement"],"primaryType":"settlement","longitude":34.275439,"latitude":28.788667,"coordinateType":"point","verseCount":5,"identificationId":"m3eb278","geometryId":null}},{"type":"Feature","geometry":{"type":"Point","coordinates":[35.48497,32.13993]},"properties":{"id":"a5187a4","name":"Kibzaim","slug":"kibzaim","types":["settlement"],"primaryType":"settlement","longitude":35.48497,"latitude":32.13993,"coordinateType":"point","verseCount":1,"identificationId":"aaa8b2e","geometryId":null}},{"type":"Feature","geometry":{"type":"Point","coordinates":[35.24,31.780278]},"properties":{"id":"a553110","name":"Kidron","slug":"kidron","types":["river"],"primaryType":"river","longitude":35.24,"latitude":31.780278,"coordinateType":"representative point","verseCount":14,"identificationId":"ma5f44f","geometryId":"g152693"}},{"type":"Feature","geometry":{"type":"Point","coordinates":[35.165672,31.209188]},"properties":{"id":"ae8f9cf","name":"Kinah","slug":"kinah","types":["settlement"],"primaryType":"settlement","longitude":35.165672,"latitude":31.209188,"coordinateType":"point","verseCount":1,"identificationId":"m9cc606","geometryId":null}},{"type":"Feature","geometry":{"type":"Point","coordinates":[35.9343,31.9547]},"properties":{"id":"a057d59","name":"King’s Highway","slug":"kings-highway","types":["road"],"primaryType":"road","longitude":35.9343,"latitude":31.9547,"coordinateType":"representative point","verseCount":2,"identificationId":"mb3f336","geometryId":"g4cf357"}},{"type":"Feature","geometry":{"type":"Point","coordinates":[35.235985,31.767198]},"properties":{"id":"ac9f98d","name":"King’s Valley","slug":"kings-valley","types":["valley"],"primaryType":"valley","longitude":35.235985,"latitude":31.767198,"coordinateType":"representative point","verseCount":2,"identificationId":"m629bdb","geometryId":"g82affa"}},{"type":"Feature","geometry":{"type":"Point","coordinates":[45.931389,33.123611]},"properties":{"id":"ab92800","name":"Kir 1","slug":"kir-1","types":["mountain range","region","settlement","special","valley"],"primaryType":"settlement","longitude":45.931389,"latitude":33.123611,"coordinateType":"point","verseCount":4,"identificationId":"m5bef14","geometryId":null}},{"type":"Feature","geometry":{"type":"Point","coordinates":[35.701389,31.180556]},"properties":{"id":"a1a57d0","name":"Kir 2","slug":"kir-2","types":["settlement","special"],"primaryType":"settlement","longitude":35.701389,"latitude":31.180556,"coordinateType":"point","verseCount":1,"identificationId":"ab55371","geometryId":null}},{"type":"Feature","geometry":{"type":"Point","coordinates":[35.701389,31.180556]},"properties":{"id":"ab55371","name":"Kir-hareseth","slug":"kir-hareseth","types":["settlement"],"primaryType":"settlement","longitude":35.701389,"latitude":31.180556,"coordinateType":"point","verseCount":5,"identificationId":"mcbaccd","geometryId":null}},{"type":"Feature","geometry":{"type":"Point","coordinates":[35.74386,31.749127]},"properties":{"id":"ad54201","name":"Kiriathaim 1","slug":"kiriathaim-1","types":["settlement"],"primaryType":"settlement","longitude":35.74386,"latitude":31.749127,"coordinateType":"point","verseCount":5,"identificationId":"mdfc4a9","geometryId":null}},{"type":"Feature","geometry":{"type":"Point","coordinates":[35.4625,33.111944]},"properties":{"id":"a8f428d","name":"Kiriathaim 2","slug":"kiriathaim-2","types":["settlement"],"primaryType":"settlement","longitude":35.4625,"latitude":33.111944,"coordinateType":"point","verseCount":1,"identificationId":"a4959d5","geometryId":null}},{"type":"Feature","geometry":{"type":"Point","coordinates":[35.776574,31.502236]},"properties":{"id":"aeb19d6","name":"Kiriath-huzoth","slug":"kiriath-huzoth","types":["settlement","special"],"primaryType":"settlement","longitude":35.776574,"latitude":31.502236,"coordinateType":"center","verseCount":1,"identificationId":"a0d784a","geometryId":"gbf76ad"}},{"type":"Feature","geometry":{"type":"Point","coordinates":[35.10378,31.808957]},"properties":{"id":"a9bba61","name":"Kiriath-jearim","slug":"kiriath-jearim","types":["settlement"],"primaryType":"settlement","longitude":35.10378,"latitude":31.808957,"coordinateType":"point","verseCount":19,"identificationId":"m60ab56","geometryId":null}},{"type":"Feature","geometry":{"type":"Point","coordinates":[35.393056,32.661389]},"properties":{"id":"a20364a","name":"Kishion","slug":"kishion","types":["settlement"],"primaryType":"settlement","longitude":35.393056,"latitude":32.661389,"coordinateType":"point","verseCount":2,"identificationId":"m81b743","geometryId":null}},{"type":"Feature","geometry":{"type":"Point","coordinates":[35.033333,32.816667]},"properties":{"id":"a5a6458","name":"Kishon","slug":"kishon","types":["river"],"primaryType":"river","longitude":35.033333,"latitude":32.816667,"coordinateType":"representative point","verseCount":5,"identificationId":"mbcae83","geometryId":"g44bf0c"}},{"type":"Feature","geometry":{"type":"Point","coordinates":[35.03215,32.62558]},"properties":{"id":"ae5cc46","name":"Kitron","slug":"kitron","types":["settlement"],"primaryType":"settlement","longitude":35.03215,"latitude":32.62558,"coordinateType":"point","verseCount":1,"identificationId":"mf18b52","geometryId":null}},{"type":"Feature","geometry":{"type":"Point","coordinates":[33,35]},"properties":{"id":"aeb46a8","name":"Kittim","slug":"kittim","types":["island"],"primaryType":"island","longitude":33,"latitude":35,"coordinateType":"representative point","verseCount":2,"identificationId":"a2e7601","geometryId":"g58e327"}},{"type":"Feature","geometry":{"type":"Point","coordinates":[47.132096,34.387529]},"properties":{"id":"afe6972","name":"Koa","slug":"koa","types":["region"],"primaryType":"region","longitude":47.132096,"latitude":34.387529,"coordinateType":"representative point","verseCount":1,"identificationId":"a654e6d","geometryId":"g06a14c"}},{"type":"Feature","geometry":{"type":"Point","coordinates":[35.325,37]},"properties":{"id":"af133c0","name":"Kue","slug":"kue","types":["region"],"primaryType":"region","longitude":35.325,"latitude":37,"coordinateType":"representative point","verseCount":2,"identificationId":"m0a8dbd","geometryId":"g830d01"}},{"type":"Feature","geometry":{"type":"Point","coordinates":[35.82104,33.62384]},"properties":{"id":"adb1dcf","name":"Kumidi","slug":"kumidi","types":["settlement"],"primaryType":"settlement","longitude":35.82104,"latitude":33.62384,"coordinateType":"point","verseCount":0,"identificationId":"m3b4604","geometryId":null}},{"type":"Feature","geometry":{"type":"Point","coordinates":[36.75,35.1365]},"properties":{"id":"a8778a3","name":"Laash","slug":"laash","types":["settlement"],"primaryType":"settlement","longitude":36.75,"latitude":35.1365,"coordinateType":"center","verseCount":0,"identificationId":"ac62cbc","geometryId":"gbad669"}},{"type":"Feature","geometry":{"type":"Point","coordinates":[34.704,29.99321]},"properties":{"id":"ad763b1","name":"Laban","slug":"laban","types":["campsite","settlement"],"primaryType":"campsite","longitude":34.704,"latitude":29.99321,"coordinateType":"representative point","verseCount":1,"identificationId":"a3e94bd","geometryId":"g9b58b4"}},{"type":"Feature","geometry":{"type":"Point","coordinates":[34.849167,31.565278]},"properties":{"id":"a3cc590","name":"Lachish","slug":"lachish","types":["settlement"],"primaryType":"settlement","longitude":34.849167,"latitude":31.565278,"coordinateType":"point","verseCount":22,"identificationId":"m31bdd9","geometryId":null}},{"type":"Feature","geometry":{"type":"Point","coordinates":[34.896,31.57183]},"properties":{"id":"a62aa3a","name":"Lahmam","slug":"lahmam","types":["settlement"],"primaryType":"settlement","longitude":34.896,"latitude":31.57183,"coordinateType":"point","verseCount":1,"identificationId":"m5f08dc","geometryId":null}},{"type":"Feature","geometry":{"type":"Point","coordinates":[35.248333,31.798611]},"properties":{"id":"a7e39d2","name":"Laishah","slug":"laishah","types":["settlement"],"primaryType":"settlement","longitude":35.248333,"latitude":31.798611,"coordinateType":"point","verseCount":1,"identificationId":"m286edc","geometryId":null}},{"type":"Feature","geometry":{"type":"Point","coordinates":[35.55186,32.69827]},"properties":{"id":"abe5dde","name":"Lakkum","slug":"lakkum","types":["settlement"],"primaryType":"settlement","longitude":35.55186,"latitude":32.69827,"coordinateType":"point","verseCount":1,"identificationId":"mb35901","geometryId":null}},{"type":"Feature","geometry":{"type":"Point","coordinates":[29.1075,37.835833]},"properties":{"id":"a83fb1e","name":"Laodicea","slug":"laodicea","types":["settlement"],"primaryType":"settlement","longitude":29.1075,"latitude":37.835833,"coordinateType":"point","verseCount":6,"identificationId":"m597755","geometryId":null}},{"type":"Feature","geometry":{"type":"Point","coordinates":[24.811111,34.940556]},"properties":{"id":"a56788c","name":"Lasea","slug":"lasea","types":["settlement"],"primaryType":"settlement","longitude":24.811111,"latitude":34.940556,"coordinateType":"point","verseCount":1,"identificationId":"mb61e8a","geometryId":null}},{"type":"Feature","geometry":{"type":"Point","coordinates":[35.559306,31.597]},"properties":{"id":"adaef13","name":"Lasha","slug":"lasha","types":["region","settlement"],"primaryType":"settlement","longitude":35.559306,"latitude":31.597,"coordinateType":"point","verseCount":1,"identificationId":"me57a9a","geometryId":null}},{"type":"Feature","geometry":{"type":"Point","coordinates":[34.883,32.4]},"properties":{"id":"a8bbf2b","name":"Lasharon","slug":"lasharon","types":["region","settlement"],"primaryType":"region","longitude":34.883,"latitude":32.4,"coordinateType":"representative point","verseCount":1,"identificationId":"a83fd43","geometryId":"g528234"}},{"type":"Feature","geometry":{"type":"Point","coordinates":[35.583611,33.54]},"properties":{"id":"a730058","name":"Lebanon","slug":"lebanon","types":["region"],"primaryType":"region","longitude":35.583611,"latitude":33.54,"coordinateType":"representative point","verseCount":57,"identificationId":"mcf48ef","geometryId":"g32a9d3"}},{"type":"Feature","geometry":{"type":"Point","coordinates":[34.49181,31.00669]},"properties":{"id":"ac3ac4e","name":"Lebaoth","slug":"lebaoth","types":["settlement"],"primaryType":"settlement","longitude":34.49181,"latitude":31.00669,"coordinateType":"point","verseCount":1,"identificationId":"af623fd","geometryId":null}},{"type":"Feature","geometry":{"type":"Point","coordinates":[46.104444,30.962222]},"properties":{"id":"a9de8b7","name":"Leb-kamai","slug":"leb-kamai","types":["region"],"primaryType":"region","longitude":46.104444,"latitude":30.962222,"coordinateType":"representative point","verseCount":1,"identificationId":"a32a4f8","geometryId":"gae312e"}},{"type":"Feature","geometry":{"type":"Point","coordinates":[36.34956,34.19491]},"properties":{"id":"a5eb047","name":"Lebo-hamath","slug":"lebo-hamath","types":["settlement","special"],"primaryType":"settlement","longitude":36.34956,"latitude":34.19491,"coordinateType":"point","verseCount":12,"identificationId":"mb4a1d5","geometryId":null}},{"type":"Feature","geometry":{"type":"Point","coordinates":[35.249795,32.059064]},"properties":{"id":"ab6bb68","name":"Lebonah","slug":"lebonah","types":["settlement"],"primaryType":"settlement","longitude":35.249795,"latitude":32.059064,"coordinateType":"point","verseCount":1,"identificationId":"m2ae686","geometryId":null}},{"type":"Feature","geometry":{"type":"Point","coordinates":[35.207639,31.704306]},"properties":{"id":"a9ea180","name":"Lehem","slug":"lehem","types":["settlement","special"],"primaryType":"settlement","longitude":35.207639,"latitude":31.704306,"coordinateType":"point","verseCount":1,"identificationId":"a112427","geometryId":null}},{"type":"Feature","geometry":{"type":"Point","coordinates":[35.001006,31.748796]},"properties":{"id":"aeeaca0","name":"Lehi","slug":"lehi","types":["settlement","special"],"primaryType":"settlement","longitude":35.001006,"latitude":31.748796,"coordinateType":"point","verseCount":4,"identificationId":"m5c006c","geometryId":null}},{"type":"Feature","geometry":{"type":"Point","coordinates":[34.873472,31.629897]},"properties":{"id":"a97b595","name":"Libnah 1","slug":"libnah-1","types":["settlement"],"primaryType":"settlement","longitude":34.873472,"latitude":31.629897,"coordinateType":"point","verseCount":16,"identificationId":"ma54af7","geometryId":null}},{"type":"Feature","geometry":{"type":"Point","coordinates":[34.704,29.99321]},"properties":{"id":"a3e94bd","name":"Libnah 2","slug":"libnah-2","types":["campsite"],"primaryType":"campsite","longitude":34.704,"latitude":29.99321,"coordinateType":"representative point","verseCount":2,"identificationId":"m98a6fe","geometryId":"g9b58b4"}},{"type":"Feature","geometry":{"type":"Point","coordinates":[21.851229,32.820946]},"properties":{"id":"ac12af9","name":"Libya","slug":"libya","types":["region"],"primaryType":"region","longitude":21.851229,"latitude":32.820946,"coordinateType":"representative point","verseCount":3,"identificationId":"a81cdb5","geometryId":"g47a69b"}},{"type":"Feature","geometry":{"type":"Point","coordinates":[34.9,31.95]},"properties":{"id":"a2c5cc7","name":"Lod","slug":"lod","types":["settlement"],"primaryType":"settlement","longitude":34.9,"latitude":31.95,"coordinateType":"point","verseCount":7,"identificationId":"m2b1a3a","geometryId":null}},{"type":"Feature","geometry":{"type":"Point","coordinates":[35.629916,32.683927]},"properties":{"id":"a376eed","name":"Lo-debar","slug":"lo-debar","types":["settlement"],"primaryType":"settlement","longitude":35.629916,"latitude":32.683927,"coordinateType":"point","verseCount":4,"identificationId":"m26533b","geometryId":null}},{"type":"Feature","geometry":{"type":"Point","coordinates":[35.083611,31.895]},"properties":{"id":"a094036","name":"Lower Beth-horon","slug":"lower-beth-horon","types":["settlement"],"primaryType":"settlement","longitude":35.083611,"latitude":31.895,"coordinateType":"point","verseCount":5,"identificationId":"m1de942","geometryId":null}},{"type":"Feature","geometry":{"type":"Point","coordinates":[35.01485,31.43209]},"properties":{"id":"aacc081","name":"Lower Gulloth","slug":"lower-gulloth","types":["spring"],"primaryType":"spring","longitude":35.01485,"latitude":31.43209,"coordinateType":"center","verseCount":2,"identificationId":"aaa3eca","geometryId":"gb039d6"}},{"type":"Feature","geometry":{"type":"Point","coordinates":[35.234167,31.776667]},"properties":{"id":"a1ae20f","name":"Lower Pool","slug":"lower-pool","types":["pool"],"primaryType":"pool","longitude":35.234167,"latitude":31.776667,"coordinateType":"settlement","verseCount":1,"identificationId":"a15257a","geometryId":null}},{"type":"Feature","geometry":{"type":"Point","coordinates":[28.040278,38.488333]},"properties":{"id":"a38776a","name":"Lud 1","slug":"lud-1","types":["region"],"primaryType":"region","longitude":28.040278,"latitude":38.488333,"coordinateType":"representative point","verseCount":2,"identificationId":"a2d7b73","geometryId":"gcd335e"}},{"type":"Feature","geometry":{"type":"Point","coordinates":[28.040278,38.488333]},"properties":{"id":"a359997","name":"Lud 2","slug":"lud-2","types":["region"],"primaryType":"region","longitude":28.040278,"latitude":38.488333,"coordinateType":"representative point","verseCount":2,"identificationId":"a38776a","geometryId":"gcd335e"}},{"type":"Feature","geometry":{"type":"Point","coordinates":[35.622231,31.13788]},"properties":{"id":"a91d516","name":"Luhith","slug":"luhith","types":["settlement"],"primaryType":"settlement","longitude":35.622231,"latitude":31.13788,"coordinateType":"point","verseCount":2,"identificationId":"m3cab9d","geometryId":null}},{"type":"Feature","geometry":{"type":"Point","coordinates":[35.241389,31.922778]},"properties":{"id":"a397042","name":"Luz 1","slug":"luz-1","types":["settlement"],"primaryType":"settlement","longitude":35.241389,"latitude":31.922778,"coordinateType":"point","verseCount":6,"identificationId":"a64f355","geometryId":null}},{"type":"Feature","geometry":{"type":"Point","coordinates":[35.53556,33.46028]},"properties":{"id":"a422a1f","name":"Luz 2","slug":"luz-2","types":["settlement"],"primaryType":"settlement","longitude":35.53556,"latitude":33.46028,"coordinateType":"point","verseCount":1,"identificationId":"mde4c72","geometryId":null}},{"type":"Feature","geometry":{"type":"Point","coordinates":[33,38]},"properties":{"id":"a3668b6","name":"Lycaonia","slug":"lycaonia","types":["region"],"primaryType":"region","longitude":33,"latitude":38,"coordinateType":"representative point","verseCount":2,"identificationId":"m4b7659","geometryId":"gced2db"}},{"type":"Feature","geometry":{"type":"Point","coordinates":[29.9,36.733333]},"properties":{"id":"a19fd03","name":"Lycia","slug":"lycia","types":["region"],"primaryType":"region","longitude":29.9,"latitude":36.733333,"coordinateType":"representative point","verseCount":1,"identificationId":"m9f6e4f","geometryId":"g58daff"}},{"type":"Feature","geometry":{"type":"Point","coordinates":[28.040278,38.488333]},"properties":{"id":"a2d7b73","name":"Lydia","slug":"lydia","types":["region"],"primaryType":"region","longitude":28.040278,"latitude":38.488333,"coordinateType":"representative point","verseCount":0,"identificationId":"aab4a5f","geometryId":"gcd335e"}},{"type":"Feature","geometry":{"type":"Point","coordinates":[32.3384,37.6017]},"properties":{"id":"af0719d","name":"Lystra","slug":"lystra","types":["settlement"],"primaryType":"settlement","longitude":32.3384,"latitude":37.6017,"coordinateType":"point","verseCount":6,"identificationId":"ma6f6dc","geometryId":null}},{"type":"Feature","geometry":{"type":"Point","coordinates":[35.581007,33.258051]},"properties":{"id":"acae7cb","name":"Maacah","slug":"maacah","types":["region"],"primaryType":"region","longitude":35.581007,"latitude":33.258051,"coordinateType":"representative point","verseCount":8,"identificationId":"abffcaa","geometryId":"ge2a5b0"}},{"type":"Feature","geometry":{"type":"Point","coordinates":[35.11352,31.62071]},"properties":{"id":"ae60c0c","name":"Maarath","slug":"maarath","types":["settlement","special"],"primaryType":"settlement","longitude":35.11352,"latitude":31.62071,"coordinateType":"point","verseCount":1,"identificationId":"m50ec84","geometryId":null}},{"type":"Feature","geometry":{"type":"Point","coordinates":[35.230718,31.823113]},"properties":{"id":"a5e9c87","name":"Maareh-geba","slug":"maareh-geba","types":["natural area"],"primaryType":"natural area","longitude":35.230718,"latitude":31.823113,"coordinateType":"center","verseCount":1,"identificationId":"ac24f5f","geometryId":"gf96939"}},{"type":"Feature","geometry":{"type":"Point","coordinates":[22.54,41.6]},"properties":{"id":"a69e1b8","name":"Macedonia","slug":"macedonia","types":["region"],"primaryType":"region","longitude":22.54,"latitude":41.6,"coordinateType":"representative point","verseCount":24,"identificationId":"me5a5eb","geometryId":"g1a6676"}},{"type":"Feature","geometry":{"type":"Point","coordinates":[34.896797,31.554151]},"properties":{"id":"a3b7885","name":"Machbenah","slug":"machbenah","types":["settlement"],"primaryType":"settlement","longitude":34.896797,"latitude":31.554151,"coordinateType":"point","verseCount":1,"identificationId":"a7ed00e","geometryId":null}},{"type":"Feature","geometry":{"type":"Point","coordinates":[35.110758,31.524672]},"properties":{"id":"ae00861","name":"Machpelah","slug":"machpelah","types":["settlement"],"primaryType":"settlement","longitude":35.110758,"latitude":31.524672,"coordinateType":"point","verseCount":6,"identificationId":"mb956fb","geometryId":null}},{"type":"Feature","geometry":{"type":"Point","coordinates":[35.0122,28.4947]},"properties":{"id":"abf5daf","name":"Madiama","slug":"madiama","types":["settlement"],"primaryType":"settlement","longitude":35.0122,"latitude":28.4947,"coordinateType":"point","verseCount":0,"identificationId":"m963bb7","geometryId":null}},{"type":"Feature","geometry":{"type":"Point","coordinates":[34.928577,31.350265]},"properties":{"id":"a8661e2","name":"Madmannah","slug":"madmannah","types":["settlement"],"primaryType":"settlement","longitude":34.928577,"latitude":31.350265,"coordinateType":"point","verseCount":2,"identificationId":"m5d99f8","geometryId":null}},{"type":"Feature","geometry":{"type":"Point","coordinates":[35.704811,31.291821]},"properties":{"id":"a73a74f","name":"Madmen","slug":"madmen","types":["settlement"],"primaryType":"settlement","longitude":35.704811,"latitude":31.291821,"coordinateType":"point","verseCount":1,"identificationId":"mf517cf","geometryId":null}},{"type":"Feature","geometry":{"type":"Point","coordinates":[35.22322,31.82014]},"properties":{"id":"a67297a","name":"Madmenah","slug":"madmenah","types":["settlement"],"primaryType":"settlement","longitude":35.22322,"latitude":31.82014,"coordinateType":"point","verseCount":1,"identificationId":"m5ebf84","geometryId":null}},{"type":"Feature","geometry":{"type":"Point","coordinates":[35.432354,33.076777]},"properties":{"id":"a6c2936","name":"Madon","slug":"madon","types":["settlement"],"primaryType":"settlement","longitude":35.432354,"latitude":33.076777,"coordinateType":"point","verseCount":2,"identificationId":"acea44c","geometryId":null}},{"type":"Feature","geometry":{"type":"Point","coordinates":[35.513552,32.827069]},"properties":{"id":"ad14067","name":"Magadan","slug":"magadan","types":["settlement"],"primaryType":"settlement","longitude":35.513552,"latitude":32.827069,"coordinateType":"point","verseCount":1,"identificationId":"af75e9e","geometryId":null}},{"type":"Feature","geometry":{"type":"Point","coordinates":[34.95317,31.63816]},"properties":{"id":"ac041e2","name":"Magbish","slug":"magbish","types":["settlement","special"],"primaryType":"settlement","longitude":34.95317,"latitude":31.63816,"coordinateType":"point","verseCount":1,"identificationId":"me2fd7b","geometryId":null}},{"type":"Feature","geometry":{"type":"Point","coordinates":[35.513552,32.827069]},"properties":{"id":"af75e9e","name":"Magdala","slug":"magdala","types":["settlement"],"primaryType":"settlement","longitude":35.513552,"latitude":32.827069,"coordinateType":"point","verseCount":0,"identificationId":"m516e72","geometryId":null}},{"type":"Feature","geometry":{"type":"Point","coordinates":[35.47177,31.96618]},"properties":{"id":"a0d1a62","name":"Magdalsenna","slug":"magdalsenna","types":["settlement"],"primaryType":"settlement","longitude":35.47177,"latitude":31.96618,"coordinateType":"point","verseCount":0,"identificationId":"mcf2b79","geometryId":null}},{"type":"Feature","geometry":{"type":"Point","coordinates":[32.49286,30.96478]},"properties":{"id":"ad876c2","name":"Magdolum","slug":"magdolum","types":["settlement"],"primaryType":"settlement","longitude":32.49286,"latitude":30.96478,"coordinateType":"point","verseCount":0,"identificationId":"m22cdaa","geometryId":null}},{"type":"Feature","geometry":{"type":"Point","coordinates":[28.040278,38.488333]},"properties":{"id":"ae3d487","name":"Magog","slug":"magog","types":["region"],"primaryType":"region","longitude":28.040278,"latitude":38.488333,"coordinateType":"representative point","verseCount":3,"identificationId":"a2d7b73","geometryId":"gcd335e"}},{"type":"Feature","geometry":{"type":"Point","coordinates":[35.243368,33.317804]},"properties":{"id":"ac6f1a8","name":"Mahalab","slug":"mahalab","types":["settlement","special"],"primaryType":"settlement","longitude":35.243368,"latitude":33.317804,"coordinateType":"point","verseCount":1,"identificationId":"a36348c","geometryId":null}},{"type":"Feature","geometry":{"type":"Point","coordinates":[35.68667,32.18575]},"properties":{"id":"ae5bfe9","name":"Mahanaim","slug":"mahanaim","types":["settlement"],"primaryType":"settlement","longitude":35.68667,"latitude":32.18575,"coordinateType":"point","verseCount":16,"identificationId":"m185801","geometryId":null}},{"type":"Feature","geometry":{"type":"Point","coordinates":[34.998916,31.778023]},"properties":{"id":"ab3fd96","name":"Mahaneh-dan 1","slug":"mahaneh-dan-1","types":["campsite","special"],"primaryType":"campsite","longitude":34.998916,"latitude":31.778023,"coordinateType":"representative point","verseCount":1,"identificationId":"m0621fa","geometryId":"g662538"}},{"type":"Feature","geometry":{"type":"Point","coordinates":[34.998916,31.778023]},"properties":{"id":"a67325d","name":"Mahaneh-dan 2","slug":"mahaneh-dan-2","types":["campsite","special"],"primaryType":"campsite","longitude":34.998916,"latitude":31.778023,"coordinateType":"representative point","verseCount":1,"identificationId":"ab3fd96","geometryId":"g662538"}},{"type":"Feature","geometry":{"type":"Point","coordinates":[34.932208,31.827028]},"properties":{"id":"ac2bb0c","name":"Makaz","slug":"makaz","types":["settlement"],"primaryType":"settlement","longitude":34.932208,"latitude":31.827028,"coordinateType":"point","verseCount":1,"identificationId":"m411129","geometryId":null}},{"type":"Feature","geometry":{"type":"Point","coordinates":[34.421111,30.193056]},"properties":{"id":"ac1fbba","name":"Makheloth","slug":"makheloth","types":["campsite"],"primaryType":"campsite","longitude":34.421111,"latitude":30.193056,"coordinateType":"point","verseCount":2,"identificationId":"mf81ba4","geometryId":null}},{"type":"Feature","geometry":{"type":"Point","coordinates":[34.966564,31.534716]},"properties":{"id":"abf8e4e","name":"Makkedah","slug":"makkedah","types":["settlement"],"primaryType":"settlement","longitude":34.966564,"latitude":31.534716,"coordinateType":"point","verseCount":8,"identificationId":"m3c0a28","geometryId":null}},{"type":"Feature","geometry":{"type":"Point","coordinates":[14.411732,35.933464]},"properties":{"id":"a57835d","name":"Malta","slug":"malta","types":["island"],"primaryType":"island","longitude":14.411732,"latitude":35.933464,"coordinateType":"representative point","verseCount":1,"identificationId":"m2672d3","geometryId":"g3589b0"}},{"type":"Feature","geometry":{"type":"Point","coordinates":[35.105336,31.556536]},"properties":{"id":"aeb9e97","name":"Mamre","slug":"mamre","types":["settlement"],"primaryType":"settlement","longitude":35.105336,"latitude":31.556536,"coordinateType":"point","verseCount":6,"identificationId":"m94f792","geometryId":null}},{"type":"Feature","geometry":{"type":"Point","coordinates":[35.18901,31.75367]},"properties":{"id":"a6e2c95","name":"Manahath","slug":"manahath","types":["settlement"],"primaryType":"settlement","longitude":35.18901,"latitude":31.75367,"coordinateType":"point","verseCount":1,"identificationId":"m25d7b7","geometryId":null}},{"type":"Feature","geometry":{"type":"Point","coordinates":[35.133839,31.409448]},"properties":{"id":"a6845b1","name":"Maon","slug":"maon","types":["settlement"],"primaryType":"settlement","longitude":35.133839,"latitude":31.409448,"coordinateType":"point","verseCount":3,"identificationId":"m8bd1e6","geometryId":null}},{"type":"Feature","geometry":{"type":"Point","coordinates":[32.94284,29.34604]},"properties":{"id":"ad3970d","name":"Marah","slug":"marah","types":["body of water","spring"],"primaryType":"spring","longitude":32.94284,"latitude":29.34604,"coordinateType":"point","verseCount":5,"identificationId":"md8dd4a","geometryId":null}},{"type":"Feature","geometry":{"type":"Point","coordinates":[35.16869,32.65426]},"properties":{"id":"ad04336","name":"Mareal","slug":"mareal","types":["settlement"],"primaryType":"settlement","longitude":35.16869,"latitude":32.65426,"coordinateType":"point","verseCount":1,"identificationId":"me83b88","geometryId":null}},{"type":"Feature","geometry":{"type":"Point","coordinates":[34.898241,31.592963]},"properties":{"id":"a5cda86","name":"Mareshah","slug":"mareshah","types":["settlement"],"primaryType":"settlement","longitude":34.898241,"latitude":31.592963,"coordinateType":"point","verseCount":6,"identificationId":"m7bf4f1","geometryId":null}},{"type":"Feature","geometry":{"type":"Point","coordinates":[35.11352,31.62071]},"properties":{"id":"a1ba491","name":"Maroth","slug":"maroth","types":["settlement"],"primaryType":"settlement","longitude":35.11352,"latitude":31.62071,"coordinateType":"point","verseCount":1,"identificationId":"ae60c0c","geometryId":null}},{"type":"Feature","geometry":{"type":"Point","coordinates":[35.463611,29.946944]},"properties":{"id":"a57e0a0","name":"Masrekah","slug":"masrekah","types":["settlement"],"primaryType":"settlement","longitude":35.463611,"latitude":29.946944,"coordinateType":"center","verseCount":2,"identificationId":"mf3eae1","geometryId":"gea3857"}},{"type":"Feature","geometry":{"type":"Point","coordinates":[33.880278,28.623056]},"properties":{"id":"a296e06","name":"Massah","slug":"massah","types":["campsite"],"primaryType":"campsite","longitude":33.880278,"latitude":28.623056,"coordinateType":"center","verseCount":5,"identificationId":"a65db0f","geometryId":"ge3db74"}},{"type":"Feature","geometry":{"type":"Point","coordinates":[35.907928,31.588347]},"properties":{"id":"a033373","name":"Mattanah","slug":"mattanah","types":["settlement","special"],"primaryType":"settlement","longitude":35.907928,"latitude":31.588347,"coordinateType":"point","verseCount":2,"identificationId":"mb2b340","geometryId":null}},{"type":"Feature","geometry":{"type":"Point","coordinates":[35.583611,33.54]},"properties":{"id":"a8c3105","name":"Mearah","slug":"mearah","types":["settlement","special"],"primaryType":"settlement","longitude":35.583611,"latitude":33.54,"coordinateType":"point","verseCount":1,"identificationId":"mcf48ef","geometryId":null}},{"type":"Feature","geometry":{"type":"Point","coordinates":[34.928577,31.350265]},"properties":{"id":"aa87ef6","name":"Meconah","slug":"meconah","types":["settlement"],"primaryType":"settlement","longitude":34.928577,"latitude":31.350265,"coordinateType":"point","verseCount":1,"identificationId":"a8661e2","geometryId":null}},{"type":"Feature","geometry":{"type":"Point","coordinates":[35.79548,31.716107]},"properties":{"id":"af4f21c","name":"Medeba","slug":"medeba","types":["settlement"],"primaryType":"settlement","longitude":35.79548,"latitude":31.716107,"coordinateType":"point","verseCount":5,"identificationId":"m035ff3","geometryId":null}},{"type":"Feature","geometry":{"type":"Point","coordinates":[48.516247,34.8065]},"properties":{"id":"ad2fadf","name":"Media","slug":"media","types":["region"],"primaryType":"region","longitude":48.516247,"latitude":34.8065,"coordinateType":"representative point","verseCount":11,"identificationId":"a212ef7","geometryId":"g64db35"}},{"type":"Feature","geometry":{"type":"Point","coordinates":[35.184444,32.585278]},"properties":{"id":"a8554e3","name":"Megiddo","slug":"megiddo","types":["settlement"],"primaryType":"settlement","longitude":35.184444,"latitude":32.585278,"coordinateType":"point","verseCount":12,"identificationId":"mf52435","geometryId":null}},{"type":"Feature","geometry":{"type":"Point","coordinates":[34.775833,32.103889]},"properties":{"id":"a7d1972","name":"Me-jarkon","slug":"me-jarkon","types":["river","settlement"],"primaryType":"river","longitude":34.775833,"latitude":32.103889,"coordinateType":"representative point","verseCount":1,"identificationId":"mf4bdf8","geometryId":"g652f35"}},{"type":"Feature","geometry":{"type":"Point","coordinates":[31.253,29.8488]},"properties":{"id":"a8ec269","name":"Memphis","slug":"memphis","types":["settlement"],"primaryType":"settlement","longitude":31.253,"latitude":29.8488,"coordinateType":"point","verseCount":8,"identificationId":"m02ea33","geometryId":null}},{"type":"Feature","geometry":{"type":"Point","coordinates":[35.919722,31.499722]},"properties":{"id":"a97cb23","name":"Mephaath","slug":"mephaath","types":["settlement"],"primaryType":"settlement","longitude":35.919722,"latitude":31.499722,"coordinateType":"point","verseCount":4,"identificationId":"m7d00ce","geometryId":null}},{"type":"Feature","geometry":{"type":"Point","coordinates":[44.422222,32.543333]},"properties":{"id":"a8eaad5","name":"Merathaim","slug":"merathaim","types":["settlement"],"primaryType":"settlement","longitude":44.422222,"latitude":32.543333,"coordinateType":"point","verseCount":1,"identificationId":"a217d18","geometryId":null}},{"type":"Feature","geometry":{"type":"Point","coordinates":[34.422222,30.648333]},"properties":{"id":"a505743","name":"Meribah 1","slug":"meribah-1","types":["settlement"],"primaryType":"settlement","longitude":34.422222,"latitude":30.648333,"coordinateType":"point","verseCount":9,"identificationId":"ac2cef0","geometryId":null}},{"type":"Feature","geometry":{"type":"Point","coordinates":[33.880278,28.623056]},"properties":{"id":"a65db0f","name":"Meribah 2","slug":"meribah-2","types":["campsite"],"primaryType":"campsite","longitude":33.880278,"latitude":28.623056,"coordinateType":"center","verseCount":3,"identificationId":"a05ebb7","geometryId":"ge3db74"}},{"type":"Feature","geometry":{"type":"Point","coordinates":[35.432354,33.076777]},"properties":{"id":"acea44c","name":"Merom","slug":"merom","types":["settlement"],"primaryType":"settlement","longitude":35.432354,"latitude":33.076777,"coordinateType":"point","verseCount":0,"identificationId":"m0432ec","geometryId":null}},{"type":"Feature","geometry":{"type":"Point","coordinates":[35.216417,31.885136]},"properties":{"id":"a662bda","name":"Meronoth","slug":"meronoth","types":["settlement"],"primaryType":"settlement","longitude":35.216417,"latitude":31.885136,"coordinateType":"center","verseCount":2,"identificationId":"a736f6c","geometryId":"gce814d"}},{"type":"Feature","geometry":{"type":"Point","coordinates":[35.529871,33.032197]},"properties":{"id":"a8bc4e3","name":"Meroz","slug":"meroz","types":["settlement"],"primaryType":"settlement","longitude":35.529871,"latitude":33.032197,"coordinateType":"point","verseCount":1,"identificationId":"m1a9619","geometryId":null}},{"type":"Feature","geometry":{"type":"Point","coordinates":[41.552048,29.61094]},"properties":{"id":"a6b4fb2","name":"Mesha","slug":"mesha","types":["region","settlement"],"primaryType":"region","longitude":41.552048,"latitude":29.61094,"coordinateType":"representative point","verseCount":1,"identificationId":"m23ce84","geometryId":"g7bb3aa"}},{"type":"Feature","geometry":{"type":"Point","coordinates":[31.994167,39.655]},"properties":{"id":"a5f9092","name":"Meshech","slug":"meshech","types":["region"],"primaryType":"region","longitude":31.994167,"latitude":39.655,"coordinateType":"center","verseCount":7,"identificationId":"m942643","geometryId":"gc12324"}},{"type":"Feature","geometry":{"type":"Point","coordinates":[39.032778,36.864444]},"properties":{"id":"a43f60f","name":"Mesopotamia","slug":"mesopotamia","types":["region"],"primaryType":"region","longitude":39.032778,"latitude":36.864444,"coordinateType":"representative point","verseCount":7,"identificationId":"a6d9af3","geometryId":"g8c2014"}},{"type":"Feature","geometry":{"type":"Point","coordinates":[34.84694,31.69972]},"properties":{"id":"a0a52ec","name":"Metheg-ammah","slug":"metheg-ammah","types":["settlement","special"],"primaryType":"settlement","longitude":34.84694,"latitude":31.69972,"coordinateType":"point","verseCount":1,"identificationId":"a18873f","geometryId":null}},{"type":"Feature","geometry":{"type":"Point","coordinates":[36.050752,31.806601]},"properties":{"id":"a3498b5","name":"Mezahab","slug":"mezahab","types":["settlement","special"],"primaryType":"settlement","longitude":36.050752,"latitude":31.806601,"coordinateType":"point","verseCount":2,"identificationId":"afcb77d","geometryId":null}},{"type":"Feature","geometry":{"type":"Point","coordinates":[35.276858,31.872817]},"properties":{"id":"adea06c","name":"Michmash","slug":"michmash","types":["settlement"],"primaryType":"settlement","longitude":35.276858,"latitude":31.872817,"coordinateType":"point","verseCount":11,"identificationId":"m41fa55","geometryId":null}},{"type":"Feature","geometry":{"type":"Point","coordinates":[35.2672,32.17719]},"properties":{"id":"a2f0a70","name":"Michmethath","slug":"michmethath","types":["mountain","river","settlement","special"],"primaryType":"settlement","longitude":35.2672,"latitude":32.17719,"coordinateType":"point","verseCount":2,"identificationId":"m45592a","geometryId":null}},{"type":"Feature","geometry":{"type":"Point","coordinates":[35.40589,31.74153]},"properties":{"id":"aec139c","name":"Middin","slug":"middin","types":["settlement"],"primaryType":"settlement","longitude":35.40589,"latitude":31.74153,"coordinateType":"point","verseCount":1,"identificationId":"mb1aeb3","geometryId":null}},{"type":"Feature","geometry":{"type":"Point","coordinates":[35.234167,31.776667]},"properties":{"id":"abee1b4","name":"Middle Gate","slug":"middle-gate","types":["gate"],"primaryType":"gate","longitude":35.234167,"latitude":31.776667,"coordinateType":"settlement","verseCount":1,"identificationId":"a15257a","geometryId":null}},{"type":"Feature","geometry":{"type":"Point","coordinates":[35.0122,28.4947]},"properties":{"id":"acc6d8e","name":"Midian","slug":"midian","types":["region"],"primaryType":"region","longitude":35.0122,"latitude":28.4947,"coordinateType":"representative point","verseCount":51,"identificationId":"abf5daf","geometryId":"g4fc33f"}},{"type":"Feature","geometry":{"type":"Point","coordinates":[35.464444,33.221667]},"properties":{"id":"a5f0bc3","name":"Migdal-el","slug":"migdal-el","types":["settlement"],"primaryType":"settlement","longitude":35.464444,"latitude":33.221667,"coordinateType":"point","verseCount":1,"identificationId":"m637584","geometryId":null}},{"type":"Feature","geometry":{"type":"Point","coordinates":[34.90191,31.53721]},"properties":{"id":"a571ca0","name":"Migdal-gad","slug":"migdal-gad","types":["settlement"],"primaryType":"settlement","longitude":34.90191,"latitude":31.53721,"coordinateType":"point","verseCount":1,"identificationId":"m813647","geometryId":null}},{"type":"Feature","geometry":{"type":"Point","coordinates":[32.49286,30.96478]},"properties":{"id":"a411283","name":"Migdol 1","slug":"migdol-1","types":["settlement"],"primaryType":"settlement","longitude":32.49286,"latitude":30.96478,"coordinateType":"point","verseCount":2,"identificationId":"m22cdaa","geometryId":null}},{"type":"Feature","geometry":{"type":"Point","coordinates":[32.49286,30.96478]},"properties":{"id":"aa6d1bd","name":"Migdol 2","slug":"migdol-2","types":["settlement"],"primaryType":"settlement","longitude":32.49286,"latitude":30.96478,"coordinateType":"point","verseCount":2,"identificationId":"m22cdaa","geometryId":null}},{"type":"Feature","geometry":{"type":"Point","coordinates":[32.49286,30.96478]},"properties":{"id":"a15973c","name":"Migdol 3","slug":"migdol-3","types":["settlement"],"primaryType":"settlement","longitude":32.49286,"latitude":30.96478,"coordinateType":"point","verseCount":2,"identificationId":"aa6d1bd","geometryId":null}},{"type":"Feature","geometry":{"type":"Point","coordinates":[35.26807,31.86921]},"properties":{"id":"a4335ba","name":"Migron 1","slug":"migron-1","types":["region","river","settlement","special"],"primaryType":"settlement","longitude":35.26807,"latitude":31.86921,"coordinateType":"point","verseCount":1,"identificationId":"m942792","geometryId":null}},{"type":"Feature","geometry":{"type":"Point","coordinates":[35.26807,31.86921]},"properties":{"id":"ade6a96","name":"Migron 2","slug":"migron-2","types":["river","settlement","special"],"primaryType":"settlement","longitude":35.26807,"latitude":31.86921,"coordinateType":"point","verseCount":1,"identificationId":"a4335ba","geometryId":null}},{"type":"Feature","geometry":{"type":"Point","coordinates":[27.275556,37.531111]},"properties":{"id":"a55027d","name":"Miletus","slug":"miletus","types":["settlement"],"primaryType":"settlement","longitude":27.275556,"latitude":37.531111,"coordinateType":"point","verseCount":3,"identificationId":"mcf7752","geometryId":null}},{"type":"Feature","geometry":{"type":"Point","coordinates":[35.234167,31.776667]},"properties":{"id":"a734b66","name":"Millo","slug":"millo","types":["fortification","settlement"],"primaryType":"fortification","longitude":35.234167,"latitude":31.776667,"coordinateType":"settlement","verseCount":6,"identificationId":"a15257a","geometryId":null}},{"type":"Feature","geometry":{"type":"Point","coordinates":[46.275278,36.570278]},"properties":{"id":"ae1054e","name":"Minni","slug":"minni","types":["region"],"primaryType":"region","longitude":46.275278,"latitude":36.570278,"coordinateType":"center","verseCount":1,"identificationId":"md8e887","geometryId":"gc5c32e"}},{"type":"Feature","geometry":{"type":"Point","coordinates":[35.874681,31.820214]},"properties":{"id":"a222545","name":"Minnith","slug":"minnith","types":["settlement"],"primaryType":"settlement","longitude":35.874681,"latitude":31.820214,"coordinateType":"point","verseCount":2,"identificationId":"m99a8a8","geometryId":null}},{"type":"Feature","geometry":{"type":"Point","coordinates":[35.701389,31.180556]},"properties":{"id":"a7719f8","name":"Misgab","slug":"misgab","types":["settlement","special"],"primaryType":"settlement","longitude":35.701389,"latitude":31.180556,"coordinateType":"representative point","verseCount":1,"identificationId":"aa0b1d6","geometryId":"g228665"}},{"type":"Feature","geometry":{"type":"Point","coordinates":[35.15133,32.872761]},"properties":{"id":"a93f8b6","name":"Mishal","slug":"mishal","types":["settlement"],"primaryType":"settlement","longitude":35.15133,"latitude":32.872761,"coordinateType":"point","verseCount":3,"identificationId":"m46be7f","geometryId":null}},{"type":"Feature","geometry":{"type":"Point","coordinates":[35.245005,33.338397]},"properties":{"id":"a5bf0bd","name":"Misrephoth-maim","slug":"misrephoth-maim","types":["hill","river","settlement","spring"],"primaryType":"river","longitude":35.245005,"latitude":33.338397,"coordinateType":"representative point","verseCount":2,"identificationId":"m1b71cf","geometryId":"gd56f5b"}},{"type":"Feature","geometry":{"type":"Point","coordinates":[34.411111,30.640556]},"properties":{"id":"aa5f658","name":"Mithkah","slug":"mithkah","types":["campsite"],"primaryType":"campsite","longitude":34.411111,"latitude":30.640556,"coordinateType":"center","verseCount":2,"identificationId":"aaa8a88","geometryId":"g6605c8"}},{"type":"Feature","geometry":{"type":"Point","coordinates":[26.547048,39.110475]},"properties":{"id":"a33910d","name":"Mitylene","slug":"mitylene","types":["settlement"],"primaryType":"settlement","longitude":26.547048,"latitude":39.110475,"coordinateType":"point","verseCount":1,"identificationId":"m29fa9d","geometryId":null}},{"type":"Feature","geometry":{"type":"Point","coordinates":[35.77702,32.118511]},"properties":{"id":"a0f8af9","name":"Mizpah 1","slug":"mizpah-1","types":["settlement"],"primaryType":"settlement","longitude":35.77702,"latitude":32.118511,"coordinateType":"point","verseCount":5,"identificationId":"m8cb9fa","geometryId":null}},{"type":"Feature","geometry":{"type":"Point","coordinates":[35.85,33.4]},"properties":{"id":"aad0fa0","name":"Mizpah 2","slug":"mizpah-2","types":["region","river","settlement"],"primaryType":"settlement","longitude":35.85,"latitude":33.4,"coordinateType":"center","verseCount":1,"identificationId":"a341fe8","geometryId":"ge85699"}},{"type":"Feature","geometry":{"type":"Point","coordinates":[35.216417,31.885136]},"properties":{"id":"a736f6c","name":"Mizpah 3","slug":"mizpah-3","types":["settlement"],"primaryType":"settlement","longitude":35.216417,"latitude":31.885136,"coordinateType":"point","verseCount":32,"identificationId":"mfe37a0","geometryId":null}},{"type":"Feature","geometry":{"type":"Point","coordinates":[35.77702,32.118511]},"properties":{"id":"a694ea2","name":"Mizpah 4","slug":"mizpah-4","types":["stone heap"],"primaryType":"stone heap","longitude":35.77702,"latitude":32.118511,"coordinateType":"point","verseCount":3,"identificationId":"a0f8af9","geometryId":null}},{"type":"Feature","geometry":{"type":"Point","coordinates":[35.216417,31.885136]},"properties":{"id":"afc2466","name":"Mizpeh 1","slug":"mizpeh-1","types":["settlement"],"primaryType":"settlement","longitude":35.216417,"latitude":31.885136,"coordinateType":"point","verseCount":1,"identificationId":"a736f6c","geometryId":null}},{"type":"Feature","geometry":{"type":"Point","coordinates":[34.7583,31.50259]},"properties":{"id":"a67990c","name":"Mizpeh 2","slug":"mizpeh-2","types":["settlement"],"primaryType":"settlement","longitude":34.7583,"latitude":31.50259,"coordinateType":"point","verseCount":1,"identificationId":"m79536a","geometryId":null}},{"type":"Feature","geometry":{"type":"Point","coordinates":[35.701389,31.180556]},"properties":{"id":"ac702f1","name":"Mizpeh 3","slug":"mizpeh-3","types":["settlement"],"primaryType":"settlement","longitude":35.701389,"latitude":31.180556,"coordinateType":"point","verseCount":1,"identificationId":"ab55371","geometryId":null}},{"type":"Feature","geometry":{"type":"Point","coordinates":[35.701389,31.180556]},"properties":{"id":"aa0b1d6","name":"Moab 1","slug":"moab-1","types":["region"],"primaryType":"region","longitude":35.701389,"latitude":31.180556,"coordinateType":"representative point","verseCount":162,"identificationId":"ab55371","geometryId":"g228665"}},{"type":"Feature","geometry":{"type":"Point","coordinates":[35.67368,31.84018]},"properties":{"id":"aca767b","name":"Moab 2","slug":"moab-2","types":["region"],"primaryType":"region","longitude":35.67368,"latitude":31.84018,"coordinateType":"representative point","verseCount":12,"identificationId":"af64fb3","geometryId":"g182eb5"}},{"type":"Feature","geometry":{"type":"Point","coordinates":[34.92141,31.2573]},"properties":{"id":"a03a5d0","name":"Moladah","slug":"moladah","types":["settlement"],"primaryType":"settlement","longitude":34.92141,"latitude":31.2573,"coordinateType":"point","verseCount":4,"identificationId":"m112962","geometryId":null}},{"type":"Feature","geometry":{"type":"Point","coordinates":[35.281944,32.213611]},"properties":{"id":"a38ad9f","name":"Moreh 1","slug":"moreh-1","types":["tree"],"primaryType":"tree","longitude":35.281944,"latitude":32.213611,"coordinateType":"center","verseCount":2,"identificationId":"adf74d4","geometryId":"g80c72e"}},{"type":"Feature","geometry":{"type":"Point","coordinates":[35.34873,32.61764]},"properties":{"id":"a772880","name":"Moreh 2","slug":"moreh-2","types":["hill"],"primaryType":"hill","longitude":35.34873,"latitude":32.61764,"coordinateType":"point","verseCount":1,"identificationId":"m43ae95","geometryId":null}},{"type":"Feature","geometry":{"type":"Point","coordinates":[34.916611,31.633361]},"properties":{"id":"a6ac675","name":"Moresheth-gath","slug":"moresheth-gath","types":["settlement"],"primaryType":"settlement","longitude":34.916611,"latitude":31.633361,"coordinateType":"point","verseCount":3,"identificationId":"m2b72a1","geometryId":null}},{"type":"Feature","geometry":{"type":"Point","coordinates":[35.235556,31.777778]},"properties":{"id":"adaf385","name":"Moriah","slug":"moriah","types":["region"],"primaryType":"region","longitude":35.235556,"latitude":31.777778,"coordinateType":"center","verseCount":1,"identificationId":"aac1fcf","geometryId":"gc73d90"}},{"type":"Feature","geometry":{"type":"Point","coordinates":[35.234167,31.776667]},"properties":{"id":"abcd5f2","name":"Mortar","slug":"mortar","types":["district in settlement"],"primaryType":"district in settlement","longitude":35.234167,"latitude":31.776667,"coordinateType":"settlement","verseCount":1,"identificationId":"a15257a","geometryId":null}},{"type":"Feature","geometry":{"type":"Point","coordinates":[35.056872,30.832057]},"properties":{"id":"a88331e","name":"Moseroth","slug":"moseroth","types":["campsite"],"primaryType":"campsite","longitude":35.056872,"latitude":30.832057,"coordinateType":"center","verseCount":3,"identificationId":"ad8027f","geometryId":"gd19085"}},{"type":"Feature","geometry":{"type":"Point","coordinates":[35.235556,31.777778]},"properties":{"id":"a9acaaf","name":"Most Holy Place 2","slug":"most-holy-place-2","types":["altar"],"primaryType":"altar","longitude":35.235556,"latitude":31.777778,"coordinateType":"point","verseCount":24,"identificationId":"ab60a74","geometryId":null}},{"type":"Feature","geometry":{"type":"Point","coordinates":[34.785833,31.841389]},"properties":{"id":"ac2b4ef","name":"Mount Baalah","slug":"mount-baalah","types":["hill","mountain"],"primaryType":"hill","longitude":34.785833,"latitude":31.841389,"coordinateType":"point","verseCount":1,"identificationId":"ma56250","geometryId":null}},{"type":"Feature","geometry":{"type":"Point","coordinates":[35.85,33.4]},"properties":{"id":"ac8955e","name":"Mount Baal-hermon","slug":"mount-baal-hermon","types":["mountain"],"primaryType":"mountain","longitude":35.85,"latitude":33.4,"coordinateType":"point","verseCount":1,"identificationId":"a341fe8","geometryId":null}},{"type":"Feature","geometry":{"type":"Point","coordinates":[36.733333,32.666667]},"properties":{"id":"aac759d","name":"Mount Bashan","slug":"mount-bashan","types":["mountain"],"primaryType":"mountain","longitude":36.733333,"latitude":32.666667,"coordinateType":"point","verseCount":1,"identificationId":"a93ed69","geometryId":null}},{"type":"Feature","geometry":{"type":"Point","coordinates":[35.023333,32.6725]},"properties":{"id":"a3e21c6","name":"Mount Carmel","slug":"mount-carmel","types":["mountain"],"primaryType":"mountain","longitude":35.023333,"latitude":32.6725,"coordinateType":"point","verseCount":18,"identificationId":"mf9b7d7","geometryId":null}},{"type":"Feature","geometry":{"type":"Point","coordinates":[35.2733,32.234]},"properties":{"id":"aa5cc66","name":"Mount Ebal","slug":"mount-ebal","types":["mountain"],"primaryType":"mountain","longitude":35.2733,"latitude":32.234,"coordinateType":"point","verseCount":5,"identificationId":"mc1032c","geometryId":null}},{"type":"Feature","geometry":{"type":"Point","coordinates":[35.241389,31.922778]},"properties":{"id":"ac0d1a5","name":"Mount Ephraim","slug":"mount-ephraim","types":["region"],"primaryType":"region","longitude":35.241389,"latitude":31.922778,"coordinateType":"representative point","verseCount":3,"identificationId":"a64f355","geometryId":"g4ddbf8"}},{"type":"Feature","geometry":{"type":"Point","coordinates":[35.144167,31.796944]},"properties":{"id":"a75aff4","name":"Mount Ephron","slug":"mount-ephron","types":["mountain"],"primaryType":"mountain","longitude":35.144167,"latitude":31.796944,"coordinateType":"point","verseCount":1,"identificationId":"m90275b","geometryId":null}},{"type":"Feature","geometry":{"type":"Point","coordinates":[35.3166,30.1843]},"properties":{"id":"a8e843f","name":"Mount Esau","slug":"mount-esau","types":["mountain range"],"primaryType":"mountain range","longitude":35.3166,"latitude":30.1843,"coordinateType":"representative point","verseCount":4,"identificationId":"ae981db","geometryId":"g0ed146"}},{"type":"Feature","geometry":{"type":"Point","coordinates":[35.272778,32.199444]},"properties":{"id":"a30e967","name":"Mount Gerizim","slug":"mount-gerizim","types":["mountain"],"primaryType":"mountain","longitude":35.272778,"latitude":32.199444,"coordinateType":"point","verseCount":5,"identificationId":"m846c1f","geometryId":null}},{"type":"Feature","geometry":{"type":"Point","coordinates":[35.414444,32.433889]},"properties":{"id":"acf57c5","name":"Mount Gilboa","slug":"mount-gilboa","types":["mountain"],"primaryType":"mountain","longitude":35.414444,"latitude":32.433889,"coordinateType":"point","verseCount":8,"identificationId":"m1232ec","geometryId":null}},{"type":"Feature","geometry":{"type":"Point","coordinates":[35.414444,32.433889]},"properties":{"id":"a954735","name":"Mount Gilead","slug":"mount-gilead","types":["mountain"],"primaryType":"mountain","longitude":35.414444,"latitude":32.433889,"coordinateType":"point","verseCount":1,"identificationId":"acf57c5","geometryId":null}},{"type":"Feature","geometry":{"type":"Point","coordinates":[34.8287,30.9144]},"properties":{"id":"a11fadd","name":"Mount Halak","slug":"mount-halak","types":["mountain"],"primaryType":"mountain","longitude":34.8287,"latitude":30.9144,"coordinateType":"point","verseCount":2,"identificationId":"m026471","geometryId":null}},{"type":"Feature","geometry":{"type":"Point","coordinates":[34.974744,31.750621]},"properties":{"id":"aeea26d","name":"Mount Heres","slug":"mount-heres","types":["settlement"],"primaryType":"settlement","longitude":34.974744,"latitude":31.750621,"coordinateType":"point","verseCount":1,"identificationId":"ad6cc26","geometryId":null}},{"type":"Feature","geometry":{"type":"Point","coordinates":[35.85,33.4]},"properties":{"id":"a341fe8","name":"Mount Hermon","slug":"mount-hermon","types":["mountain"],"primaryType":"mountain","longitude":35.85,"latitude":33.4,"coordinateType":"point","verseCount":16,"identificationId":"mc78c4d","geometryId":null}},{"type":"Feature","geometry":{"type":"Point","coordinates":[35.056872,30.832057]},"properties":{"id":"ad8027f","name":"Mount Hor 1","slug":"mount-hor-1","types":["mountain"],"primaryType":"mountain","longitude":35.056872,"latitude":30.832057,"coordinateType":"point","verseCount":10,"identificationId":"m700b87","geometryId":null}},{"type":"Feature","geometry":{"type":"Point","coordinates":[35.85,33.4]},"properties":{"id":"a62fa2d","name":"Mount Hor 2","slug":"mount-hor-2","types":["mountain"],"primaryType":"mountain","longitude":35.85,"latitude":33.4,"coordinateType":"point","verseCount":2,"identificationId":"a341fe8","geometryId":null}},{"type":"Feature","geometry":{"type":"Point","coordinates":[33.973333,28.539722]},"properties":{"id":"a9bb03e","name":"Mount Horeb","slug":"mount-horeb","types":["mountain"],"primaryType":"mountain","longitude":33.973333,"latitude":28.539722,"coordinateType":"point","verseCount":17,"identificationId":"abfba2a","geometryId":null}},{"type":"Feature","geometry":{"type":"Point","coordinates":[35.051111,31.781111]},"properties":{"id":"a3587ba","name":"Mount Jearim","slug":"mount-jearim","types":["mountain"],"primaryType":"mountain","longitude":35.051111,"latitude":31.781111,"coordinateType":"center","verseCount":1,"identificationId":"a42c452","geometryId":"g906b0a"}},{"type":"Feature","geometry":{"type":"Point","coordinates":[36.116389,34.299722]},"properties":{"id":"ac54760","name":"Mount Lebanon","slug":"mount-lebanon","types":["mountain range"],"primaryType":"mountain range","longitude":36.116389,"latitude":34.299722,"coordinateType":"representative point","verseCount":1,"identificationId":"m846f8b","geometryId":"g4f5a46"}},{"type":"Feature","geometry":{"type":"Point","coordinates":[35.85,33.4]},"properties":{"id":"a597123","name":"Mount Mizar","slug":"mount-mizar","types":["hill","mountain","settlement","special","wadi"],"primaryType":"hill","longitude":35.85,"latitude":33.4,"coordinateType":"center","verseCount":1,"identificationId":"a341fe8","geometryId":"ge85699"}},{"type":"Feature","geometry":{"type":"Point","coordinates":[35.235556,31.777778]},"properties":{"id":"aac1fcf","name":"Mount Moriah","slug":"mount-moriah","types":["hill"],"primaryType":"hill","longitude":35.235556,"latitude":31.777778,"coordinateType":"point","verseCount":1,"identificationId":"m6a8ed6","geometryId":null}},{"type":"Feature","geometry":{"type":"Point","coordinates":[35.75,31.766667]},"properties":{"id":"aefaa2d","name":"Mount Nebo","slug":"mount-nebo","types":["mountain"],"primaryType":"mountain","longitude":35.75,"latitude":31.766667,"coordinateType":"point","verseCount":2,"identificationId":"m25a76c","geometryId":null}},{"type":"Feature","geometry":{"type":"Point","coordinates":[35.245686,31.777946]},"properties":{"id":"ac2c4c5","name":"Mount of Olives","slug":"mount-of-olives","types":["hill"],"primaryType":"hill","longitude":35.245686,"latitude":31.777946,"coordinateType":"point","verseCount":18,"identificationId":"me461ba","geometryId":null}},{"type":"Feature","geometry":{"type":"Point","coordinates":[33.973333,28.539722]},"properties":{"id":"af693b8","name":"Mount Paran","slug":"mount-paran","types":["mountain","special"],"primaryType":"mountain","longitude":33.973333,"latitude":28.539722,"coordinateType":"point","verseCount":2,"identificationId":"abfba2a","geometryId":null}},{"type":"Feature","geometry":{"type":"Point","coordinates":[35.204735,31.785217]},"properties":{"id":"a991067","name":"Mount Perazim","slug":"mount-perazim","types":["mountain"],"primaryType":"mountain","longitude":35.204735,"latitude":31.785217,"coordinateType":"center","verseCount":1,"identificationId":"a6bf059","geometryId":"g191a38"}},{"type":"Feature","geometry":{"type":"Point","coordinates":[35.3166,30.1843]},"properties":{"id":"ae981db","name":"Mount Seir 1","slug":"mount-seir-1","types":["mountain range"],"primaryType":"mountain range","longitude":35.3166,"latitude":30.1843,"coordinateType":"representative point","verseCount":34,"identificationId":"m681aef","geometryId":"g0ed146"}},{"type":"Feature","geometry":{"type":"Point","coordinates":[35.0653,31.7966]},"properties":{"id":"a36c283","name":"Mount Seir 2","slug":"mount-seir-2","types":["mountain"],"primaryType":"mountain","longitude":35.0653,"latitude":31.7966,"coordinateType":"point","verseCount":1,"identificationId":"m3918d8","geometryId":null}},{"type":"Feature","geometry":{"type":"Point","coordinates":[34.30356,30.50662]},"properties":{"id":"a39fe14","name":"Mount Shepher","slug":"mount-shepher","types":["mountain"],"primaryType":"mountain","longitude":34.30356,"latitude":30.50662,"coordinateType":"center","verseCount":2,"identificationId":"a73af5f","geometryId":"geb1359"}},{"type":"Feature","geometry":{"type":"Point","coordinates":[33.973333,28.539722]},"properties":{"id":"abfba2a","name":"Mount Sinai","slug":"mount-sinai","types":["mountain"],"primaryType":"mountain","longitude":33.973333,"latitude":28.539722,"coordinateType":"point","verseCount":30,"identificationId":"mb374b4","geometryId":null}},{"type":"Feature","geometry":{"type":"Point","coordinates":[35.392917,32.68625]},"properties":{"id":"acd63ee","name":"Mount Tabor","slug":"mount-tabor","types":["mountain"],"primaryType":"mountain","longitude":35.392917,"latitude":32.68625,"coordinateType":"point","verseCount":9,"identificationId":"m8e169f","geometryId":null}},{"type":"Feature","geometry":{"type":"Point","coordinates":[35.2733,32.234]},"properties":{"id":"a884255","name":"Mount Zalmon","slug":"mount-zalmon","types":["mountain"],"primaryType":"mountain","longitude":35.2733,"latitude":32.234,"coordinateType":"point","verseCount":1,"identificationId":"aa5cc66","geometryId":null}},{"type":"Feature","geometry":{"type":"Point","coordinates":[35.2117,31.90879]},"properties":{"id":"a5a92d1","name":"Mount Zemaraim","slug":"mount-zemaraim","types":["mountain"],"primaryType":"mountain","longitude":35.2117,"latitude":31.90879,"coordinateType":"center","verseCount":1,"identificationId":"a811a10","geometryId":"g49c056"}},{"type":"Feature","geometry":{"type":"Point","coordinates":[35.228611,31.771667]},"properties":{"id":"abd9596","name":"Mount Zion","slug":"mount-zion","types":["hill"],"primaryType":"hill","longitude":35.228611,"latitude":31.771667,"coordinateType":"point","verseCount":25,"identificationId":"m0252b4","geometryId":null}},{"type":"Feature","geometry":{"type":"Point","coordinates":[35.16419,31.79289]},"properties":{"id":"af35635","name":"Mozah","slug":"mozah","types":["settlement"],"primaryType":"settlement","longitude":35.16419,"latitude":31.79289,"coordinateType":"point","verseCount":1,"identificationId":"m639fec","geometryId":null}},{"type":"Feature","geometry":{"type":"Point","coordinates":[35.234167,31.776667]},"properties":{"id":"aa9e65f","name":"Muster Gate","slug":"muster-gate","types":["gate"],"primaryType":"gate","longitude":35.234167,"latitude":31.776667,"coordinateType":"settlement","verseCount":1,"identificationId":"a15257a","geometryId":null}},{"type":"Feature","geometry":{"type":"Point","coordinates":[29.985278,36.259167]},"properties":{"id":"aa4b3e2","name":"Myra","slug":"myra","types":["settlement"],"primaryType":"settlement","longitude":29.985278,"latitude":36.259167,"coordinateType":"point","verseCount":1,"identificationId":"m189d38","geometryId":null}},{"type":"Feature","geometry":{"type":"Point","coordinates":[28.5,40]},"properties":{"id":"a2d9bc8","name":"Mysia","slug":"mysia","types":["region"],"primaryType":"region","longitude":28.5,"latitude":40,"coordinateType":"representative point","verseCount":2,"identificationId":"m58cfaf","geometryId":"g3a5d8d"}},{"type":"Feature","geometry":{"type":"Point","coordinates":[34.849167,31.565278]},"properties":{"id":"ae7bd8b","name":"Naamah 1","slug":"naamah-1","types":["settlement"],"primaryType":"settlement","longitude":34.849167,"latitude":31.565278,"coordinateType":"center","verseCount":1,"identificationId":"a3cc590","geometryId":"g9bea84"}},{"type":"Feature","geometry":{"type":"Point","coordinates":[44.206389,15.348333]},"properties":{"id":"ac6b210","name":"Naamah 2","slug":"naamah-2","types":["mountain","region","settlement"],"primaryType":"region","longitude":44.206389,"latitude":15.348333,"coordinateType":"representative point","verseCount":4,"identificationId":"a81ab85","geometryId":"g718940"}},{"type":"Feature","geometry":{"type":"Point","coordinates":[35.42475,31.893472]},"properties":{"id":"a179865","name":"Naarah","slug":"naarah","types":["settlement"],"primaryType":"settlement","longitude":35.42475,"latitude":31.893472,"coordinateType":"point","verseCount":1,"identificationId":"a9f5289","geometryId":null}},{"type":"Feature","geometry":{"type":"Point","coordinates":[35.42475,31.893472]},"properties":{"id":"a9f5289","name":"Naaran","slug":"naaran","types":["settlement"],"primaryType":"settlement","longitude":35.42475,"latitude":31.893472,"coordinateType":"point","verseCount":1,"identificationId":"mc3126b","geometryId":null}},{"type":"Feature","geometry":{"type":"Point","coordinates":[35.19695,32.67914]},"properties":{"id":"ac69561","name":"Nahalal","slug":"nahalal","types":["settlement"],"primaryType":"settlement","longitude":35.19695,"latitude":32.67914,"coordinateType":"point","verseCount":3,"identificationId":"m601c7a","geometryId":null}},{"type":"Feature","geometry":{"type":"Point","coordinates":[35.567222,31.618056]},"properties":{"id":"a8dafd6","name":"Nahaliel","slug":"nahaliel","types":["campsite"],"primaryType":"campsite","longitude":35.567222,"latitude":31.618056,"coordinateType":"representative point","verseCount":1,"identificationId":"m656d70","geometryId":"g6634e8"}},{"type":"Feature","geometry":{"type":"Point","coordinates":[39.032778,36.864444]},"properties":{"id":"aff43ac","name":"Nahor","slug":"nahor","types":["settlement","special"],"primaryType":"settlement","longitude":39.032778,"latitude":36.864444,"coordinateType":"center","verseCount":1,"identificationId":"ac6cefa","geometryId":"g3f5a24"}},{"type":"Feature","geometry":{"type":"Point","coordinates":[39.032778,36.864444]},"properties":{"id":"ac6cefa","name":"Nahuru","slug":"nahuru","types":["settlement"],"primaryType":"settlement","longitude":39.032778,"latitude":36.864444,"coordinateType":"center","verseCount":0,"identificationId":"a6d9af3","geometryId":"g3f5a24"}},{"type":"Feature","geometry":{"type":"Point","coordinates":[35.350139,32.630694]},"properties":{"id":"aee679c","name":"Nain","slug":"nain","types":["settlement"],"primaryType":"settlement","longitude":35.350139,"latitude":32.630694,"coordinateType":"point","verseCount":1,"identificationId":"m0b02a7","geometryId":null}},{"type":"Feature","geometry":{"type":"Point","coordinates":[35.23161,31.85434]},"properties":{"id":"ae1c9ea","name":"Naioth","slug":"naioth","types":["settlement","special"],"primaryType":"settlement","longitude":35.23161,"latitude":31.85434,"coordinateType":"center","verseCount":6,"identificationId":"a90f6e1","geometryId":"g0461a5"}},{"type":"Feature","geometry":{"type":"Point","coordinates":[34.916364,32.617428]},"properties":{"id":"ad05040","name":"Naphoth-dor","slug":"naphoth-dor","types":["region","settlement"],"primaryType":"settlement","longitude":34.916364,"latitude":32.617428,"coordinateType":"point","verseCount":4,"identificationId":"a70c56b","geometryId":null}},{"type":"Feature","geometry":{"type":"Point","coordinates":[35.29769,32.70214]},"properties":{"id":"af5884f","name":"Nazareth","slug":"nazareth","types":["settlement"],"primaryType":"settlement","longitude":35.29769,"latitude":32.70214,"coordinateType":"point","verseCount":32,"identificationId":"mb3f688","geometryId":null}},{"type":"Feature","geometry":{"type":"Point","coordinates":[35.423456,32.804203]},"properties":{"id":"a2a77d2","name":"Neah","slug":"neah","types":["settlement","valley"],"primaryType":"settlement","longitude":35.423456,"latitude":32.804203,"coordinateType":"point","verseCount":2,"identificationId":"mcc38e2","geometryId":null}},{"type":"Feature","geometry":{"type":"Point","coordinates":[24.415,40.935]},"properties":{"id":"a6a7150","name":"Neapolis","slug":"neapolis","types":["settlement"],"primaryType":"settlement","longitude":24.415,"latitude":40.935,"coordinateType":"point","verseCount":1,"identificationId":"m156588","geometryId":null}},{"type":"Feature","geometry":{"type":"Point","coordinates":[34.9589,31.986436]},"properties":{"id":"acd682e","name":"Neballat","slug":"neballat","types":["settlement"],"primaryType":"settlement","longitude":34.9589,"latitude":31.986436,"coordinateType":"point","verseCount":1,"identificationId":"mb0b80f","geometryId":null}},{"type":"Feature","geometry":{"type":"Point","coordinates":[35.74386,31.749127]},"properties":{"id":"ab5bd29","name":"Nebo 1","slug":"nebo-1","types":["settlement"],"primaryType":"settlement","longitude":35.74386,"latitude":31.749127,"coordinateType":"point","verseCount":7,"identificationId":"mdfc4a9","geometryId":null}},{"type":"Feature","geometry":{"type":"Point","coordinates":[35.036733,31.607211]},"properties":{"id":"accdd09","name":"Nebo 2","slug":"nebo-2","types":["settlement"],"primaryType":"settlement","longitude":35.036733,"latitude":31.607211,"coordinateType":"point","verseCount":2,"identificationId":"m6b442d","geometryId":null}},{"type":"Feature","geometry":{"type":"Point","coordinates":[35.036733,31.607211]},"properties":{"id":"ac51ba3","name":"Nebo 3","slug":"nebo-3","types":["settlement","special"],"primaryType":"settlement","longitude":35.036733,"latitude":31.607211,"coordinateType":"point","verseCount":1,"identificationId":"accdd09","geometryId":null}},{"type":"Feature","geometry":{"type":"Point","coordinates":[34.840833,31.244722]},"properties":{"id":"a1cb244","name":"Negeb","slug":"negeb","types":["region"],"primaryType":"region","longitude":34.840833,"latitude":31.244722,"coordinateType":"representative point","verseCount":43,"identificationId":"ad2f6c2","geometryId":"gf328fd"}},{"type":"Feature","geometry":{"type":"Point","coordinates":[36.240833,32.75]},"properties":{"id":"a071cb2","name":"Nehelam","slug":"nehelam","types":["settlement","special"],"primaryType":"settlement","longitude":36.240833,"latitude":32.75,"coordinateType":"point","verseCount":3,"identificationId":"aeb09c0","geometryId":null}},{"type":"Feature","geometry":{"type":"Point","coordinates":[35.2219,32.8926]},"properties":{"id":"ab571de","name":"Neiel","slug":"neiel","types":["settlement","valley"],"primaryType":"settlement","longitude":35.2219,"latitude":32.8926,"coordinateType":"point","verseCount":1,"identificationId":"m056b9b","geometryId":null}},{"type":"Feature","geometry":{"type":"Point","coordinates":[35.196606,31.794392]},"properties":{"id":"ac1fef1","name":"Nephtoah","slug":"nephtoah","types":["spring"],"primaryType":"spring","longitude":35.196606,"latitude":31.794392,"coordinateType":"point","verseCount":2,"identificationId":"m0ad6d5","geometryId":null}},{"type":"Feature","geometry":{"type":"Point","coordinates":[34.933932,31.678795]},"properties":{"id":"aaa0f54","name":"Netaim","slug":"netaim","types":["settlement"],"primaryType":"settlement","longitude":34.933932,"latitude":31.678795,"coordinateType":"point","verseCount":1,"identificationId":"mf63dc1","geometryId":null}},{"type":"Feature","geometry":{"type":"Point","coordinates":[35.22103,31.66765]},"properties":{"id":"a9ad5ae","name":"Netophah","slug":"netophah","types":["settlement"],"primaryType":"settlement","longitude":35.22103,"latitude":31.66765,"coordinateType":"point","verseCount":8,"identificationId":"m66ea0c","geometryId":null}},{"type":"Feature","geometry":{"type":"Point","coordinates":[35.234167,31.776667]},"properties":{"id":"aa85961","name":"New Gate","slug":"new-gate","types":["gate"],"primaryType":"gate","longitude":35.234167,"latitude":31.776667,"coordinateType":"settlement","verseCount":2,"identificationId":"a15257a","geometryId":null}},{"type":"Feature","geometry":{"type":"Point","coordinates":[35.00979,31.58586]},"properties":{"id":"aafe3bd","name":"Nezib","slug":"nezib","types":["settlement"],"primaryType":"settlement","longitude":35.00979,"latitude":31.58586,"coordinateType":"point","verseCount":1,"identificationId":"me70c0c","geometryId":null}},{"type":"Feature","geometry":{"type":"Point","coordinates":[35.38143,31.69945]},"properties":{"id":"ad96dd4","name":"Nibshan","slug":"nibshan","types":["settlement"],"primaryType":"settlement","longitude":35.38143,"latitude":31.69945,"coordinateType":"point","verseCount":1,"identificationId":"m7c1213","geometryId":null}},{"type":"Feature","geometry":{"type":"Point","coordinates":[20.73736,39.023485]},"properties":{"id":"af43cde","name":"Nicopolis","slug":"nicopolis","types":["settlement"],"primaryType":"settlement","longitude":20.73736,"latitude":39.023485,"coordinateType":"point","verseCount":1,"identificationId":"ma7fa5c","geometryId":null}},{"type":"Feature","geometry":{"type":"Point","coordinates":[30.3667,31.4653]},"properties":{"id":"a012705","name":"Nile","slug":"nile","types":["river"],"primaryType":"river","longitude":30.3667,"latitude":31.4653,"coordinateType":"representative point","verseCount":45,"identificationId":"m91acfa","geometryId":"gbd7010"}},{"type":"Feature","geometry":{"type":"Point","coordinates":[35.63872,31.909106]},"properties":{"id":"a314731","name":"Nimrah","slug":"nimrah","types":["settlement"],"primaryType":"settlement","longitude":35.63872,"latitude":31.909106,"coordinateType":"point","verseCount":1,"identificationId":"af66b89","geometryId":null}},{"type":"Feature","geometry":{"type":"Point","coordinates":[35.526667,31.133611]},"properties":{"id":"ace3edc","name":"Nimrim","slug":"nimrim","types":["wadi"],"primaryType":"wadi","longitude":35.526667,"latitude":31.133611,"coordinateType":"representative point","verseCount":2,"identificationId":"m182c86","geometryId":"gb2492d"}},{"type":"Feature","geometry":{"type":"Point","coordinates":[43.1528,36.3594]},"properties":{"id":"a8518f1","name":"Nimrod","slug":"nimrod","types":["region"],"primaryType":"region","longitude":43.1528,"latitude":36.3594,"coordinateType":"representative point","verseCount":1,"identificationId":"a3d1321","geometryId":"g76b6c9"}},{"type":"Feature","geometry":{"type":"Point","coordinates":[43.1528,36.3594]},"properties":{"id":"a70fd5d","name":"Nineveh","slug":"nineveh","types":["settlement"],"primaryType":"settlement","longitude":43.1528,"latitude":36.3594,"coordinateType":"point","verseCount":30,"identificationId":"m52bd87","geometryId":null}},{"type":"Feature","geometry":{"type":"Point","coordinates":[35.244167,31.7925]},"properties":{"id":"afdda14","name":"Nob","slug":"nob","types":["settlement"],"primaryType":"settlement","longitude":35.244167,"latitude":31.7925,"coordinateType":"point","verseCount":7,"identificationId":"m09483e","geometryId":null}},{"type":"Feature","geometry":{"type":"Point","coordinates":[36.61899,32.75616]},"properties":{"id":"aa23a3e","name":"Nobah 1","slug":"nobah-1","types":["settlement"],"primaryType":"settlement","longitude":36.61899,"latitude":32.75616,"coordinateType":"point","verseCount":1,"identificationId":"a4f650b","geometryId":null}},{"type":"Feature","geometry":{"type":"Point","coordinates":[36.61899,32.75616]},"properties":{"id":"a9bf50d","name":"Nobah 2","slug":"nobah-2","types":["settlement"],"primaryType":"settlement","longitude":36.61899,"latitude":32.75616,"coordinateType":"point","verseCount":1,"identificationId":"aa23a3e","geometryId":null}},{"type":"Feature","geometry":{"type":"Point","coordinates":[35.701389,31.180556]},"properties":{"id":"aed6b0e","name":"Nophah","slug":"nophah","types":["settlement","special"],"primaryType":"settlement","longitude":35.701389,"latitude":31.180556,"coordinateType":"representative point","verseCount":1,"identificationId":"aa0b1d6","geometryId":"g228665"}},{"type":"Feature","geometry":{"type":"Point","coordinates":[36.171743,36.226691]},"properties":{"id":"a244929","name":"North","slug":"north","types":["region"],"primaryType":"region","longitude":36.171743,"latitude":36.226691,"coordinateType":"representative point","verseCount":10,"identificationId":"ae41ab4","geometryId":"g044645"}},{"type":"Feature","geometry":{"type":"Point","coordinates":[35.234167,31.776667]},"properties":{"id":"aa4589b","name":"North Gate","slug":"north-gate","types":["gate"],"primaryType":"gate","longitude":35.234167,"latitude":31.776667,"coordinateType":"settlement","verseCount":1,"identificationId":"a15257a","geometryId":null}},{"type":"Feature","geometry":{"type":"Point","coordinates":[37.046667,35.740556]},"properties":{"id":"ab66f81","name":"Nuhashe","slug":"nuhashe","types":["region"],"primaryType":"region","longitude":37.046667,"latitude":35.740556,"coordinateType":"representative point","verseCount":0,"identificationId":"m742783","geometryId":"g9ca219"}},{"type":"Feature","geometry":{"type":"Point","coordinates":[35.19,30.616667]},"properties":{"id":"a0ef1e1","name":"Oboth","slug":"oboth","types":["campsite"],"primaryType":"campsite","longitude":35.19,"latitude":30.616667,"coordinateType":"point","verseCount":4,"identificationId":"mdc9182","geometryId":null}},{"type":"Feature","geometry":{"type":"Point","coordinates":[35.234167,31.776667]},"properties":{"id":"a51e3b0","name":"Old Pool","slug":"old-pool","types":["pool"],"primaryType":"pool","longitude":35.234167,"latitude":31.776667,"coordinateType":"settlement","verseCount":1,"identificationId":"a15257a","geometryId":null}},{"type":"Feature","geometry":{"type":"Point","coordinates":[34.868056,32.027222]},"properties":{"id":"ae6bfe2","name":"Ono","slug":"ono","types":["settlement"],"primaryType":"settlement","longitude":34.868056,"latitude":32.027222,"coordinateType":"point","verseCount":5,"identificationId":"m2635fb","geometryId":null}},{"type":"Feature","geometry":{"type":"Point","coordinates":[35.236222,31.775333]},"properties":{"id":"af96edd","name":"Ophel","slug":"ophel","types":["hill"],"primaryType":"hill","longitude":35.236222,"latitude":31.775333,"coordinateType":"point","verseCount":5,"identificationId":"m17d528","geometryId":null}},{"type":"Feature","geometry":{"type":"Point","coordinates":[42.5,18.216667]},"properties":{"id":"a104820","name":"Ophir","slug":"ophir","types":["island","mine","region","settlement"],"primaryType":"region","longitude":42.5,"latitude":18.216667,"coordinateType":"representative point","verseCount":10,"identificationId":"m224548","geometryId":"gdd394c"}},{"type":"Feature","geometry":{"type":"Point","coordinates":[35.215556,31.961944]},"properties":{"id":"a1f2174","name":"Ophni","slug":"ophni","types":["settlement","special"],"primaryType":"settlement","longitude":35.215556,"latitude":31.961944,"coordinateType":"point","verseCount":1,"identificationId":"mda9249","geometryId":null}},{"type":"Feature","geometry":{"type":"Point","coordinates":[35.300278,31.954444]},"properties":{"id":"a53b82d","name":"Ophrah 1","slug":"ophrah-1","types":["settlement"],"primaryType":"settlement","longitude":35.300278,"latitude":31.954444,"coordinateType":"point","verseCount":2,"identificationId":"m590c60","geometryId":null}},{"type":"Feature","geometry":{"type":"Point","coordinates":[35.29,32.6057]},"properties":{"id":"abd637f","name":"Ophrah 2","slug":"ophrah-2","types":["settlement"],"primaryType":"settlement","longitude":35.29,"latitude":32.6057,"coordinateType":"point","verseCount":5,"identificationId":"m58175b","geometryId":null}},{"type":"Feature","geometry":{"type":"Point","coordinates":[39.032778,36.864444]},"properties":{"id":"a8ec7ba","name":"Paddan-aram","slug":"paddan-aram","types":["region","settlement"],"primaryType":"region","longitude":39.032778,"latitude":36.864444,"coordinateType":"representative point","verseCount":11,"identificationId":"a3c7b44","geometryId":"g8c2014"}},{"type":"Feature","geometry":{"type":"Point","coordinates":[31,37]},"properties":{"id":"aa95188","name":"Pamphylia","slug":"pamphylia","types":["region"],"primaryType":"region","longitude":31,"latitude":37,"coordinateType":"representative point","verseCount":5,"identificationId":"m734ef6","geometryId":"g0c3f61"}},{"type":"Feature","geometry":{"type":"Point","coordinates":[32.404167,34.755667]},"properties":{"id":"a314765","name":"Paphos","slug":"paphos","types":["settlement"],"primaryType":"settlement","longitude":32.404167,"latitude":34.755667,"coordinateType":"point","verseCount":2,"identificationId":"m039ea4","geometryId":null}},{"type":"Feature","geometry":{"type":"Point","coordinates":[35.31048,31.8348]},"properties":{"id":"a2ec6b7","name":"Parah","slug":"parah","types":["settlement"],"primaryType":"settlement","longitude":35.31048,"latitude":31.8348,"coordinateType":"point","verseCount":1,"identificationId":"m629d7c","geometryId":null}},{"type":"Feature","geometry":{"type":"Point","coordinates":[34.776667,30.303218]},"properties":{"id":"aa6b19b","name":"Paran","slug":"paran","types":["region"],"primaryType":"region","longitude":34.776667,"latitude":30.303218,"coordinateType":"representative point","verseCount":8,"identificationId":"md3087e","geometryId":"g0f45b2"}},{"type":"Feature","geometry":{"type":"Point","coordinates":[35.234167,31.776667]},"properties":{"id":"ab1d701","name":"Parbar","slug":"parbar","types":["structure"],"primaryType":"structure","longitude":35.234167,"latitude":31.776667,"coordinateType":"settlement","verseCount":1,"identificationId":"a15257a","geometryId":null}},{"type":"Feature","geometry":{"type":"Point","coordinates":[43.711389,16.871944]},"properties":{"id":"a938779","name":"Parvaim","slug":"parvaim","types":["settlement","special"],"primaryType":"settlement","longitude":43.711389,"latitude":16.871944,"coordinateType":"point","verseCount":1,"identificationId":"m8e724c","geometryId":null}},{"type":"Feature","geometry":{"type":"Point","coordinates":[29.314167,36.260278]},"properties":{"id":"ade301b","name":"Patara","slug":"patara","types":["settlement"],"primaryType":"settlement","longitude":29.314167,"latitude":36.260278,"coordinateType":"point","verseCount":1,"identificationId":"mcb8622","geometryId":null}},{"type":"Feature","geometry":{"type":"Point","coordinates":[32.7,24.1]},"properties":{"id":"aab30ec","name":"Pathros","slug":"pathros","types":["region"],"primaryType":"region","longitude":32.7,"latitude":24.1,"coordinateType":"representative point","verseCount":5,"identificationId":"ma16f57","geometryId":"g4f25ac"}},{"type":"Feature","geometry":{"type":"Point","coordinates":[26.541667,37.325]},"properties":{"id":"a8f60f3","name":"Patmos","slug":"patmos","types":["island"],"primaryType":"island","longitude":26.541667,"latitude":37.325,"coordinateType":"representative point","verseCount":1,"identificationId":"m5c4548","geometryId":"g414e9c"}},{"type":"Feature","geometry":{"type":"Point","coordinates":[35.19,31.121389]},"properties":{"id":"a880de2","name":"Pau","slug":"pau","types":["settlement"],"primaryType":"settlement","longitude":35.19,"latitude":31.121389,"coordinateType":"representative point","verseCount":2,"identificationId":"m16aeb0","geometryId":"ge74207"}},{"type":"Feature","geometry":{"type":"Point","coordinates":[47.44964,31.36112]},"properties":{"id":"a4b9865","name":"Pekod","slug":"pekod","types":["region"],"primaryType":"region","longitude":47.44964,"latitude":31.36112,"coordinateType":"representative point","verseCount":2,"identificationId":"m778101","geometryId":"gbb2516"}},{"type":"Feature","geometry":{"type":"Point","coordinates":[32.546139,31.042512]},"properties":{"id":"aa32a17","name":"Pelusium","slug":"pelusium","types":["settlement"],"primaryType":"settlement","longitude":32.546139,"latitude":31.042512,"coordinateType":"point","verseCount":2,"identificationId":"m6da49d","geometryId":null}},{"type":"Feature","geometry":{"type":"Point","coordinates":[35.69211,32.187016]},"properties":{"id":"a8a9ff9","name":"Penuel","slug":"penuel","types":["settlement"],"primaryType":"settlement","longitude":35.69211,"latitude":32.187016,"coordinateType":"point","verseCount":6,"identificationId":"m222ca7","geometryId":null}},{"type":"Feature","geometry":{"type":"Point","coordinates":[35.234167,31.776667]},"properties":{"id":"a6f94a6","name":"People’s Gate","slug":"peoples-gate","types":["gate"],"primaryType":"gate","longitude":35.234167,"latitude":31.776667,"coordinateType":"settlement","verseCount":1,"identificationId":"a15257a","geometryId":null}},{"type":"Feature","geometry":{"type":"Point","coordinates":[35.738498,31.777021]},"properties":{"id":"a9ef72b","name":"Peor","slug":"peor","types":["mountain"],"primaryType":"mountain","longitude":35.738498,"latitude":31.777021,"coordinateType":"center","verseCount":8,"identificationId":"af3ce34","geometryId":"g8758d8"}},{"type":"Feature","geometry":{"type":"Point","coordinates":[35.234167,31.776667]},"properties":{"id":"ae67841","name":"Perez-uzzah","slug":"perez-uzzah","types":["settlement"],"primaryType":"settlement","longitude":35.234167,"latitude":31.776667,"coordinateType":"center","verseCount":2,"identificationId":"a15257a","geometryId":"gedafbc"}},{"type":"Feature","geometry":{"type":"Point","coordinates":[30.853686,36.960353]},"properties":{"id":"aff04b8","name":"Perga","slug":"perga","types":["settlement"],"primaryType":"settlement","longitude":30.853686,"latitude":36.960353,"coordinateType":"point","verseCount":3,"identificationId":"me63472","geometryId":null}},{"type":"Feature","geometry":{"type":"Point","coordinates":[27.18421,39.13216]},"properties":{"id":"a75d2c1","name":"Pergamum","slug":"pergamum","types":["settlement"],"primaryType":"settlement","longitude":27.18421,"latitude":39.13216,"coordinateType":"point","verseCount":2,"identificationId":"m16099a","geometryId":null}},{"type":"Feature","geometry":{"type":"Point","coordinates":[48.516247,34.8065]},"properties":{"id":"ab9696f","name":"Persia","slug":"persia","types":["region"],"primaryType":"region","longitude":48.516247,"latitude":34.8065,"coordinateType":"representative point","verseCount":27,"identificationId":"a212ef7","geometryId":"g0e6b24"}},{"type":"Feature","geometry":{"type":"Point","coordinates":[38.0865,36.7014]},"properties":{"id":"aa9e754","name":"Pethor","slug":"pethor","types":["settlement"],"primaryType":"settlement","longitude":38.0865,"latitude":36.7014,"coordinateType":"point","verseCount":2,"identificationId":"a63c21e","geometryId":null}},{"type":"Feature","geometry":{"type":"Point","coordinates":[36.055535,33.31362]},"properties":{"id":"a8d054a","name":"Pharpar","slug":"pharpar","types":["river"],"primaryType":"river","longitude":36.055535,"latitude":33.31362,"coordinateType":"representative point","verseCount":1,"identificationId":"m6dfa22","geometryId":"gc59e55"}},{"type":"Feature","geometry":{"type":"Point","coordinates":[28.516667,38.35]},"properties":{"id":"a1c7cc1","name":"Philadelphia","slug":"philadelphia","types":["settlement"],"primaryType":"settlement","longitude":28.516667,"latitude":38.35,"coordinateType":"point","verseCount":2,"identificationId":"m91dd93","geometryId":null}},{"type":"Feature","geometry":{"type":"Point","coordinates":[24.284576,41.012072]},"properties":{"id":"a49e1d0","name":"Philippi","slug":"philippi","types":["settlement"],"primaryType":"settlement","longitude":24.284576,"latitude":41.012072,"coordinateType":"point","verseCount":4,"identificationId":"mec5201","geometryId":null}},{"type":"Feature","geometry":{"type":"Point","coordinates":[34.545833,31.663889]},"properties":{"id":"ac71e65","name":"Philistia","slug":"philistia","types":["region"],"primaryType":"region","longitude":34.545833,"latitude":31.663889,"coordinateType":"representative point","verseCount":22,"identificationId":"ac87d4c","geometryId":"g746ae5"}},{"type":"Feature","geometry":{"type":"Point","coordinates":[35.196111,33.270833]},"properties":{"id":"a33d53e","name":"Phoenicia","slug":"phoenicia","types":["region"],"primaryType":"region","longitude":35.196111,"latitude":33.270833,"coordinateType":"representative point","verseCount":4,"identificationId":"a160272","geometryId":"g11a0a9"}},{"type":"Feature","geometry":{"type":"Point","coordinates":[24.072222,35.2]},"properties":{"id":"a9ee958","name":"Phoenix","slug":"phoenix","types":["settlement"],"primaryType":"settlement","longitude":24.072222,"latitude":35.2,"coordinateType":"point","verseCount":1,"identificationId":"m297f75","geometryId":null}},{"type":"Feature","geometry":{"type":"Point","coordinates":[31,39]},"properties":{"id":"ab8ae56","name":"Phrygia","slug":"phrygia","types":["region"],"primaryType":"region","longitude":31,"latitude":39,"coordinateType":"representative point","verseCount":3,"identificationId":"m76ec6b","geometryId":"gbb47f1"}},{"type":"Feature","geometry":{"type":"Point","coordinates":[31.51,30.572778]},"properties":{"id":"a2cd991","name":"Pi-beseth","slug":"pi-beseth","types":["settlement"],"primaryType":"settlement","longitude":31.51,"latitude":30.572778,"coordinateType":"point","verseCount":1,"identificationId":"m518e57","geometryId":null}},{"type":"Feature","geometry":{"type":"Point","coordinates":[32.171389,30.860556]},"properties":{"id":"ababfd2","name":"Pi-hahiroth","slug":"pi-hahiroth","types":["mountain","natural area","settlement"],"primaryType":"natural area","longitude":32.171389,"latitude":30.860556,"coordinateType":"center","verseCount":4,"identificationId":"a22663b","geometryId":"g2248f4"}},{"type":"Feature","geometry":{"type":"Point","coordinates":[35.165833,32.190556]},"properties":{"id":"a40647c","name":"Pirathon","slug":"pirathon","types":["settlement"],"primaryType":"settlement","longitude":35.165833,"latitude":32.190556,"coordinateType":"point","verseCount":5,"identificationId":"mcff45c","geometryId":null}},{"type":"Feature","geometry":{"type":"Point","coordinates":[35.725556,31.767778]},"properties":{"id":"afd9259","name":"Pisgah","slug":"pisgah","types":["mountain","mountain range","special"],"primaryType":"mountain","longitude":35.725556,"latitude":31.767778,"coordinateType":"point","verseCount":8,"identificationId":"m07d05e","geometryId":null}},{"type":"Feature","geometry":{"type":"Point","coordinates":[42.416389,17.119722]},"properties":{"id":"a19b076","name":"Pishon","slug":"pishon","types":["body of water","river","special"],"primaryType":"river","longitude":42.416389,"latitude":17.119722,"coordinateType":"representative point","verseCount":1,"identificationId":"m81b8c3","geometryId":"g501c1b"}},{"type":"Feature","geometry":{"type":"Point","coordinates":[31.189167,38.306111]},"properties":{"id":"a55aded","name":"Pisidia","slug":"pisidia","types":["region"],"primaryType":"region","longitude":31.189167,"latitude":38.306111,"coordinateType":"representative point","verseCount":2,"identificationId":"a6c704a","geometryId":"gf10b01"}},{"type":"Feature","geometry":{"type":"Point","coordinates":[31.963611,30.5475]},"properties":{"id":"a3870fe","name":"Pithom","slug":"pithom","types":["settlement"],"primaryType":"settlement","longitude":31.963611,"latitude":30.5475,"coordinateType":"point","verseCount":1,"identificationId":"m6badf8","geometryId":null}},{"type":"Feature","geometry":{"type":"Point","coordinates":[38.0865,36.7014]},"properties":{"id":"a63c21e","name":"Pitru","slug":"pitru","types":["settlement"],"primaryType":"settlement","longitude":38.0865,"latitude":36.7014,"coordinateType":"point","verseCount":0,"identificationId":"m2d73de","geometryId":null}},{"type":"Feature","geometry":{"type":"Point","coordinates":[37.83,40.68]},"properties":{"id":"a83a43e","name":"Pontus","slug":"pontus","types":["region"],"primaryType":"region","longitude":37.83,"latitude":40.68,"coordinateType":"representative point","verseCount":3,"identificationId":"m220f70","geometryId":"ga08869"}},{"type":"Feature","geometry":{"type":"Point","coordinates":[35.234167,31.776667]},"properties":{"id":"a70e895","name":"Potsherd Gate","slug":"potsherd-gate","types":["gate"],"primaryType":"gate","longitude":35.234167,"latitude":31.776667,"coordinateType":"settlement","verseCount":1,"identificationId":"a15257a","geometryId":null}},{"type":"Feature","geometry":{"type":"Point","coordinates":[35.0692,32.9214]},"properties":{"id":"abc2af0","name":"Ptolemais","slug":"ptolemais","types":["settlement"],"primaryType":"settlement","longitude":35.0692,"latitude":32.9214,"coordinateType":"point","verseCount":1,"identificationId":"mc58154","geometryId":null}},{"type":"Feature","geometry":{"type":"Point","coordinates":[35.493647,30.62775]},"properties":{"id":"a9ecc26","name":"Punon","slug":"punon","types":["settlement"],"primaryType":"settlement","longitude":35.493647,"latitude":30.62775,"coordinateType":"point","verseCount":2,"identificationId":"mfed480","geometryId":null}},{"type":"Feature","geometry":{"type":"Point","coordinates":[43.148056,11.595]},"properties":{"id":"a737810","name":"Punt","slug":"punt","types":["region"],"primaryType":"region","longitude":43.148056,"latitude":11.595,"coordinateType":"representative point","verseCount":0,"identificationId":"mf4f903","geometryId":"g43da41"}},{"type":"Feature","geometry":{"type":"Point","coordinates":[21.851229,32.820946]},"properties":{"id":"ad0520f","name":"Put","slug":"put","types":["region","settlement"],"primaryType":"region","longitude":21.851229,"latitude":32.820946,"coordinateType":"representative point","verseCount":6,"identificationId":"ac12af9","geometryId":"g47a69b"}},{"type":"Feature","geometry":{"type":"Point","coordinates":[14.120556,40.826111]},"properties":{"id":"a4488e9","name":"Puteoli","slug":"puteoli","types":["settlement"],"primaryType":"settlement","longitude":14.120556,"latitude":40.826111,"coordinateType":"point","verseCount":1,"identificationId":"m45cb10","geometryId":null}},{"type":"Feature","geometry":{"type":"Point","coordinates":[44.179373,17.477271]},"properties":{"id":"a57bb2e","name":"Raamah","slug":"raamah","types":["settlement"],"primaryType":"settlement","longitude":44.179373,"latitude":17.477271,"coordinateType":"point","verseCount":1,"identificationId":"a9664ba","geometryId":null}},{"type":"Feature","geometry":{"type":"Point","coordinates":[35.9343,31.9547]},"properties":{"id":"ae067b5","name":"Rabbah 1","slug":"rabbah-1","types":["settlement"],"primaryType":"settlement","longitude":35.9343,"latitude":31.9547,"coordinateType":"point","verseCount":17,"identificationId":"m0c1bc5","geometryId":null}},{"type":"Feature","geometry":{"type":"Point","coordinates":[34.987606,31.827039]},"properties":{"id":"a28d652","name":"Rabbah 2","slug":"rabbah-2","types":["settlement"],"primaryType":"settlement","longitude":34.987606,"latitude":31.827039,"coordinateType":"point","verseCount":1,"identificationId":"m0a99ab","geometryId":null}},{"type":"Feature","geometry":{"type":"Point","coordinates":[35.377531,32.697284]},"properties":{"id":"a13ffd4","name":"Rabbith","slug":"rabbith","types":["settlement"],"primaryType":"settlement","longitude":35.377531,"latitude":32.697284,"coordinateType":"point","verseCount":1,"identificationId":"a6a5e97","geometryId":null}},{"type":"Feature","geometry":{"type":"Point","coordinates":[35.132952,31.422876]},"properties":{"id":"a446973","name":"Racal","slug":"racal","types":["settlement"],"primaryType":"settlement","longitude":35.132952,"latitude":31.422876,"coordinateType":"point","verseCount":1,"identificationId":"a053f15","geometryId":null}},{"type":"Feature","geometry":{"type":"Point","coordinates":[44.179373,17.477271]},"properties":{"id":"a9664ba","name":"Ragmat","slug":"ragmat","types":["settlement"],"primaryType":"settlement","longitude":44.179373,"latitude":17.477271,"coordinateType":"point","verseCount":0,"identificationId":"me0b42d","geometryId":null}},{"type":"Feature","geometry":{"type":"Point","coordinates":[35.525833,32.806389]},"properties":{"id":"a204528","name":"Rakkath","slug":"rakkath","types":["settlement"],"primaryType":"settlement","longitude":35.525833,"latitude":32.806389,"coordinateType":"point","verseCount":1,"identificationId":"mfe591e","geometryId":null}},{"type":"Feature","geometry":{"type":"Point","coordinates":[34.787262,32.130826]},"properties":{"id":"aa3e5ae","name":"Rakkon","slug":"rakkon","types":["river","settlement","special"],"primaryType":"settlement","longitude":34.787262,"latitude":32.130826,"coordinateType":"point","verseCount":1,"identificationId":"mf8282c","geometryId":null}},{"type":"Feature","geometry":{"type":"Point","coordinates":[35.23161,31.85434]},"properties":{"id":"a6d57ed","name":"Ramah 1","slug":"ramah-1","types":["settlement"],"primaryType":"settlement","longitude":35.23161,"latitude":31.85434,"coordinateType":"point","verseCount":16,"identificationId":"m67501d","geometryId":null}},{"type":"Feature","geometry":{"type":"Point","coordinates":[35.3106,33.1108]},"properties":{"id":"a664d03","name":"Ramah 2","slug":"ramah-2","types":["settlement"],"primaryType":"settlement","longitude":35.3106,"latitude":33.1108,"coordinateType":"point","verseCount":1,"identificationId":"m669e21","geometryId":null}},{"type":"Feature","geometry":{"type":"Point","coordinates":[35.401126,32.926152]},"properties":{"id":"a010244","name":"Ramah 3","slug":"ramah-3","types":["settlement"],"primaryType":"settlement","longitude":35.401126,"latitude":32.926152,"coordinateType":"point","verseCount":1,"identificationId":"m92f044","geometryId":null}},{"type":"Feature","geometry":{"type":"Point","coordinates":[35.23161,31.85434]},"properties":{"id":"a90f6e1","name":"Ramah 4","slug":"ramah-4","types":["settlement"],"primaryType":"settlement","longitude":35.23161,"latitude":31.85434,"coordinateType":"point","verseCount":13,"identificationId":"a6d57ed","geometryId":null}},{"type":"Feature","geometry":{"type":"Point","coordinates":[36.014988,32.499852]},"properties":{"id":"ad27541","name":"Ramah 5","slug":"ramah-5","types":["settlement"],"primaryType":"settlement","longitude":36.014988,"latitude":32.499852,"coordinateType":"point","verseCount":2,"identificationId":"a2fe63c","geometryId":null}},{"type":"Feature","geometry":{"type":"Point","coordinates":[34.911322,30.991038]},"properties":{"id":"aaa4c6e","name":"Ramah 6","slug":"ramah-6","types":["settlement","special"],"primaryType":"settlement","longitude":34.911322,"latitude":30.991038,"coordinateType":"point","verseCount":1,"identificationId":"a03cc2d","geometryId":null}},{"type":"Feature","geometry":{"type":"Point","coordinates":[35.23161,31.85434]},"properties":{"id":"a75be6f","name":"Ramah 7","slug":"ramah-7","types":["settlement"],"primaryType":"settlement","longitude":35.23161,"latitude":31.85434,"coordinateType":"point","verseCount":1,"identificationId":"a6d57ed","geometryId":null}},{"type":"Feature","geometry":{"type":"Point","coordinates":[35.230718,31.823113]},"properties":{"id":"a15bdfd","name":"Ramah 8","slug":"ramah-8","types":["hill"],"primaryType":"hill","longitude":35.230718,"latitude":31.823113,"coordinateType":"center","verseCount":1,"identificationId":"ac24f5f","geometryId":"g608f70"}},{"type":"Feature","geometry":{"type":"Point","coordinates":[35.23161,31.85434]},"properties":{"id":"ad42cdc","name":"Ramah 9","slug":"ramah-9","types":["settlement","special"],"primaryType":"settlement","longitude":35.23161,"latitude":31.85434,"coordinateType":"point","verseCount":1,"identificationId":"a6d57ed","geometryId":null}},{"type":"Feature","geometry":{"type":"Point","coordinates":[35.23161,31.85434]},"properties":{"id":"a54ef72","name":"Ramathaim-zophim","slug":"ramathaim-zophim","types":["settlement"],"primaryType":"settlement","longitude":35.23161,"latitude":31.85434,"coordinateType":"point","verseCount":1,"identificationId":"a90f6e1","geometryId":null}},{"type":"Feature","geometry":{"type":"Point","coordinates":[35.001006,31.748796]},"properties":{"id":"a601121","name":"Ramath-lehi","slug":"ramath-lehi","types":["settlement","special"],"primaryType":"settlement","longitude":35.001006,"latitude":31.748796,"coordinateType":"point","verseCount":1,"identificationId":"aeeaca0","geometryId":null}},{"type":"Feature","geometry":{"type":"Point","coordinates":[35.77702,32.118511]},"properties":{"id":"a63c954","name":"Ramath-mizpeh","slug":"ramath-mizpeh","types":["settlement"],"primaryType":"settlement","longitude":35.77702,"latitude":32.118511,"coordinateType":"point","verseCount":1,"identificationId":"m8cb9fa","geometryId":null}},{"type":"Feature","geometry":{"type":"Point","coordinates":[31.834217,30.79937]},"properties":{"id":"a079b21","name":"Rameses","slug":"rameses","types":["settlement"],"primaryType":"settlement","longitude":31.834217,"latitude":30.79937,"coordinateType":"point","verseCount":5,"identificationId":"m53b227","geometryId":null}},{"type":"Feature","geometry":{"type":"Point","coordinates":[35.521389,32.595556]},"properties":{"id":"ada2a0b","name":"Ramoth 1","slug":"ramoth-1","types":["settlement"],"primaryType":"settlement","longitude":35.521389,"latitude":32.595556,"coordinateType":"point","verseCount":1,"identificationId":"mea83bf","geometryId":null}},{"type":"Feature","geometry":{"type":"Point","coordinates":[35.165672,31.209188]},"properties":{"id":"ab049cf","name":"Ramoth 2","slug":"ramoth-2","types":["settlement","special"],"primaryType":"settlement","longitude":35.165672,"latitude":31.209188,"coordinateType":"point","verseCount":1,"identificationId":"aaa4c6e","geometryId":null}},{"type":"Feature","geometry":{"type":"Point","coordinates":[36.014988,32.499852]},"properties":{"id":"a95147f","name":"Ramoth 3","slug":"ramoth-3","types":["settlement"],"primaryType":"settlement","longitude":36.014988,"latitude":32.499852,"coordinateType":"point","verseCount":4,"identificationId":"a2fe63c","geometryId":null}},{"type":"Feature","geometry":{"type":"Point","coordinates":[36.014988,32.499852]},"properties":{"id":"a2fe63c","name":"Ramoth-gilead","slug":"ramoth-gilead","types":["settlement"],"primaryType":"settlement","longitude":36.014988,"latitude":32.499852,"coordinateType":"point","verseCount":20,"identificationId":"mba2ff1","geometryId":null}},{"type":"Feature","geometry":{"type":"Point","coordinates":[35.207639,31.704306]},"properties":{"id":"a53c3ce","name":"Recah","slug":"recah","types":["settlement","special"],"primaryType":"settlement","longitude":35.207639,"latitude":31.704306,"coordinateType":"center","verseCount":1,"identificationId":"a112427","geometryId":"gdf3ad7"}},{"type":"Feature","geometry":{"type":"Point","coordinates":[33,28.75]},"properties":{"id":"a3d18b2","name":"Red Sea 1","slug":"red-sea-1","types":["body of water","river"],"primaryType":"body of water","longitude":33,"latitude":28.75,"coordinateType":"representative point","verseCount":21,"identificationId":"mec75f5","geometryId":"ga31771"}},{"type":"Feature","geometry":{"type":"Point","coordinates":[34.75,28.75]},"properties":{"id":"ad64d75","name":"Red Sea 2","slug":"red-sea-2","types":["body of water"],"primaryType":"body of water","longitude":34.75,"latitude":28.75,"coordinateType":"representative point","verseCount":5,"identificationId":"ma80c62","geometryId":"g802604"}},{"type":"Feature","geometry":{"type":"Point","coordinates":[33,28.75]},"properties":{"id":"a3ba698","name":"Red Sea 3","slug":"red-sea-3","types":["body of water","river"],"primaryType":"body of water","longitude":33,"latitude":28.75,"coordinateType":"representative point","verseCount":3,"identificationId":"mec75f5","geometryId":"ga31771"}},{"type":"Feature","geometry":{"type":"Point","coordinates":[36.145278,34.008889]},"properties":{"id":"ae4cd38","name":"Rehob 1","slug":"rehob-1","types":["settlement"],"primaryType":"settlement","longitude":36.145278,"latitude":34.008889,"coordinateType":"representative point","verseCount":2,"identificationId":"ad44b24","geometryId":"g803e7e"}},{"type":"Feature","geometry":{"type":"Point","coordinates":[35.290833,33.114444]},"properties":{"id":"aaf5fef","name":"Rehob 2","slug":"rehob-2","types":["settlement"],"primaryType":"settlement","longitude":35.290833,"latitude":33.114444,"coordinateType":"point","verseCount":1,"identificationId":"m925533","geometryId":null}},{"type":"Feature","geometry":{"type":"Point","coordinates":[35.169444,32.901389]},"properties":{"id":"ab71288","name":"Rehob 3","slug":"rehob-3","types":["settlement"],"primaryType":"settlement","longitude":35.169444,"latitude":32.901389,"coordinateType":"point","verseCount":4,"identificationId":"m0cfe50","geometryId":null}},{"type":"Feature","geometry":{"type":"Point","coordinates":[34.565833,31.031111]},"properties":{"id":"ab1d954","name":"Rehoboth 1","slug":"rehoboth-1","types":["well"],"primaryType":"well","longitude":34.565833,"latitude":31.031111,"coordinateType":"point","verseCount":1,"identificationId":"m984753","geometryId":null}},{"type":"Feature","geometry":{"type":"Point","coordinates":[35.610889,30.93318]},"properties":{"id":"a17e154","name":"Rehoboth 2","slug":"rehoboth-2","types":["settlement"],"primaryType":"settlement","longitude":35.610889,"latitude":30.93318,"coordinateType":"point","verseCount":2,"identificationId":"m701cd0","geometryId":null}},{"type":"Feature","geometry":{"type":"Point","coordinates":[43.1528,36.3594]},"properties":{"id":"a260ff1","name":"Rehoboth-Ir","slug":"rehoboth-ir","types":["district in settlement","settlement"],"primaryType":"district in settlement","longitude":43.1528,"latitude":36.3594,"coordinateType":"settlement","verseCount":1,"identificationId":"a70fd5d","geometryId":null}},{"type":"Feature","geometry":{"type":"Point","coordinates":[35.192222,31.870556]},"properties":{"id":"a1b5486","name":"Rekem","slug":"rekem","types":["settlement"],"primaryType":"settlement","longitude":35.192222,"latitude":31.870556,"coordinateType":"center","verseCount":1,"identificationId":"a21b934","geometryId":"g8090d9"}},{"type":"Feature","geometry":{"type":"Point","coordinates":[35.521389,32.595556]},"properties":{"id":"ae259d9","name":"Remeth","slug":"remeth","types":["settlement"],"primaryType":"settlement","longitude":35.521389,"latitude":32.595556,"coordinateType":"point","verseCount":1,"identificationId":"ada2a0b","geometryId":null}},{"type":"Feature","geometry":{"type":"Point","coordinates":[33.880278,28.623056]},"properties":{"id":"a05ebb7","name":"Rephidim","slug":"rephidim","types":["campsite"],"primaryType":"campsite","longitude":33.880278,"latitude":28.623056,"coordinateType":"representative point","verseCount":5,"identificationId":"md06df2","geometryId":"g1fd506"}},{"type":"Feature","geometry":{"type":"Point","coordinates":[43.31452,36.1437]},"properties":{"id":"abd8ada","name":"Resen","slug":"resen","types":["settlement","special"],"primaryType":"settlement","longitude":43.31452,"latitude":36.1437,"coordinateType":"point","verseCount":1,"identificationId":"m253caf","geometryId":null}},{"type":"Feature","geometry":{"type":"Point","coordinates":[38.756389,35.627778]},"properties":{"id":"aefdac1","name":"Rezeph","slug":"rezeph","types":["settlement"],"primaryType":"settlement","longitude":38.756389,"latitude":35.627778,"coordinateType":"point","verseCount":2,"identificationId":"m4b3ec6","geometryId":null}},{"type":"Feature","geometry":{"type":"Point","coordinates":[15.64412,38.1088]},"properties":{"id":"a63bb26","name":"Rhegium","slug":"rhegium","types":["settlement"],"primaryType":"settlement","longitude":15.64412,"latitude":38.1088,"coordinateType":"point","verseCount":1,"identificationId":"m366576","geometryId":null}},{"type":"Feature","geometry":{"type":"Point","coordinates":[28.2109,36.4402]},"properties":{"id":"a4218ee","name":"Rhodes 1","slug":"rhodes-1","types":["island","settlement"],"primaryType":"island","longitude":28.2109,"latitude":36.4402,"coordinateType":"representative point","verseCount":1,"identificationId":"m0d73da","geometryId":"gb01779"}},{"type":"Feature","geometry":{"type":"Point","coordinates":[28.2109,36.4402]},"properties":{"id":"a8c207b","name":"Rhodes 2","slug":"rhodes-2","types":["island"],"primaryType":"island","longitude":28.2109,"latitude":36.4402,"coordinateType":"representative point","verseCount":1,"identificationId":"m0d73da","geometryId":"gb01779"}},{"type":"Feature","geometry":{"type":"Point","coordinates":[36.572623,34.459547]},"properties":{"id":"ab2bde8","name":"Riblah 1","slug":"riblah-1","types":["settlement"],"primaryType":"settlement","longitude":36.572623,"latitude":34.459547,"coordinateType":"point","verseCount":11,"identificationId":"me46ed1","geometryId":null}},{"type":"Feature","geometry":{"type":"Point","coordinates":[36.366111,33.536944]},"properties":{"id":"ac95bd8","name":"Riblah 2","slug":"riblah-2","types":["settlement"],"primaryType":"settlement","longitude":36.366111,"latitude":33.536944,"coordinateType":"point","verseCount":1,"identificationId":"mcaea80","geometryId":null}},{"type":"Feature","geometry":{"type":"Point","coordinates":[35.305139,31.84762]},"properties":{"id":"a45acc3","name":"Rimmon 1","slug":"rimmon-1","types":["natural area"],"primaryType":"natural area","longitude":35.305139,"latitude":31.84762,"coordinateType":"point","verseCount":4,"identificationId":"mf177df","geometryId":null}},{"type":"Feature","geometry":{"type":"Point","coordinates":[34.86564,31.38333]},"properties":{"id":"a8da370","name":"Rimmon 2","slug":"rimmon-2","types":["settlement"],"primaryType":"settlement","longitude":34.86564,"latitude":31.38333,"coordinateType":"point","verseCount":4,"identificationId":"mfa3426","geometryId":null}},{"type":"Feature","geometry":{"type":"Point","coordinates":[35.310556,32.788056]},"properties":{"id":"a813f22","name":"Rimmon 3","slug":"rimmon-3","types":["settlement"],"primaryType":"settlement","longitude":35.310556,"latitude":32.788056,"coordinateType":"point","verseCount":1,"identificationId":"m97c628","geometryId":null}},{"type":"Feature","geometry":{"type":"Point","coordinates":[35.310556,32.788056]},"properties":{"id":"a655b28","name":"Rimmono","slug":"rimmono","types":["settlement"],"primaryType":"settlement","longitude":35.310556,"latitude":32.788056,"coordinateType":"point","verseCount":1,"identificationId":"a813f22","geometryId":null}},{"type":"Feature","geometry":{"type":"Point","coordinates":[34.65429,29.54022]},"properties":{"id":"ac79b33","name":"Rimmon-perez","slug":"rimmon-perez","types":["campsite"],"primaryType":"campsite","longitude":34.65429,"latitude":29.54022,"coordinateType":"representative point","verseCount":2,"identificationId":"m249c41","geometryId":"gc31d21"}},{"type":"Feature","geometry":{"type":"Point","coordinates":[35.248,28.026]},"properties":{"id":"af04ad9","name":"Rissah","slug":"rissah","types":["campsite"],"primaryType":"campsite","longitude":35.248,"latitude":28.026,"coordinateType":"point","verseCount":2,"identificationId":"mcc5f77","geometryId":null}},{"type":"Feature","geometry":{"type":"Point","coordinates":[34.1255,29.03369]},"properties":{"id":"a2e73ba","name":"Rithmah","slug":"rithmah","types":["campsite"],"primaryType":"campsite","longitude":34.1255,"latitude":29.03369,"coordinateType":"representative point","verseCount":2,"identificationId":"ma064a5","geometryId":"g5a8de8"}},{"type":"Feature","geometry":{"type":"Point","coordinates":[47.442,31.0043]},"properties":{"id":"a669096","name":"River 2","slug":"river-2","types":["river"],"primaryType":"river","longitude":47.442,"latitude":31.0043,"coordinateType":"representative point","verseCount":1,"identificationId":"a62dec4","geometryId":"g8bbbc3"}},{"type":"Feature","geometry":{"type":"Point","coordinates":[35.48533,31.02701]},"properties":{"id":"a3bb384","name":"River 3","slug":"river-3","types":["river","special"],"primaryType":"river","longitude":35.48533,"latitude":31.02701,"coordinateType":"representative point","verseCount":2,"identificationId":"ab5161f","geometryId":"gc495b5"}},{"type":"Feature","geometry":{"type":"Point","coordinates":[35.232889,31.451513]},"properties":{"id":"a897bdb","name":"Rock of Escape","slug":"rock-of-escape","types":["natural area"],"primaryType":"natural area","longitude":35.232889,"latitude":31.451513,"coordinateType":"representative point","verseCount":1,"identificationId":"m322666","geometryId":"g1911ef"}},{"type":"Feature","geometry":{"type":"Point","coordinates":[35.780628,32.527889]},"properties":{"id":"a7d0e71","name":"Rogelim","slug":"rogelim","types":["settlement"],"primaryType":"settlement","longitude":35.780628,"latitude":32.527889,"coordinateType":"point","verseCount":2,"identificationId":"mb277f4","geometryId":null}},{"type":"Feature","geometry":{"type":"Point","coordinates":[12.4852,41.8922]},"properties":{"id":"afc8e7a","name":"Rome","slug":"rome","types":["settlement"],"primaryType":"settlement","longitude":12.4852,"latitude":41.8922,"coordinateType":"point","verseCount":15,"identificationId":"mb083bc","geometryId":null}},{"type":"Feature","geometry":{"type":"Point","coordinates":[35.29321,32.78892]},"properties":{"id":"a0009b3","name":"Rumah","slug":"rumah","types":["settlement"],"primaryType":"settlement","longitude":35.29321,"latitude":32.78892,"coordinateType":"point","verseCount":1,"identificationId":"mdb97ba","geometryId":null}},{"type":"Feature","geometry":{"type":"Point","coordinates":[36.139722,33.550833]},"properties":{"id":"af9e903","name":"Sahar","slug":"sahar","types":["settlement","special"],"primaryType":"settlement","longitude":36.139722,"latitude":33.550833,"coordinateType":"point","verseCount":1,"identificationId":"m521458","geometryId":null}},{"type":"Feature","geometry":{"type":"Point","coordinates":[33.901944,35.184944]},"properties":{"id":"afa863b","name":"Salamis","slug":"salamis","types":["settlement"],"primaryType":"settlement","longitude":33.901944,"latitude":35.184944,"coordinateType":"point","verseCount":1,"identificationId":"md31e56","geometryId":null}},{"type":"Feature","geometry":{"type":"Point","coordinates":[36.7105,32.4939]},"properties":{"id":"ac3bc41","name":"Salecah","slug":"salecah","types":["settlement"],"primaryType":"settlement","longitude":36.7105,"latitude":32.4939,"coordinateType":"point","verseCount":4,"identificationId":"me01c5c","geometryId":null}},{"type":"Feature","geometry":{"type":"Point","coordinates":[35.234167,31.776667]},"properties":{"id":"aad7e4e","name":"Salem","slug":"salem","types":["settlement"],"primaryType":"settlement","longitude":35.234167,"latitude":31.776667,"coordinateType":"point","verseCount":4,"identificationId":"a15257a","geometryId":null}},{"type":"Feature","geometry":{"type":"Point","coordinates":[35.526389,32.399167]},"properties":{"id":"a86e0b0","name":"Salim","slug":"salim","types":["settlement","wadi"],"primaryType":"settlement","longitude":35.526389,"latitude":32.399167,"coordinateType":"point","verseCount":1,"identificationId":"m860ae3","geometryId":null}},{"type":"Feature","geometry":{"type":"Point","coordinates":[26.31155,35.31603]},"properties":{"id":"a1c44ea","name":"Salmone","slug":"salmone","types":["promontory"],"primaryType":"promontory","longitude":26.31155,"latitude":35.31603,"coordinateType":"representative point","verseCount":1,"identificationId":"mf98a4e","geometryId":"gdfd7f3"}},{"type":"Feature","geometry":{"type":"Point","coordinates":[16.483056,43.539444]},"properties":{"id":"a49cd82","name":"Salona","slug":"salona","types":["settlement"],"primaryType":"settlement","longitude":16.483056,"latitude":43.539444,"coordinateType":"point","verseCount":0,"identificationId":"m232ed8","geometryId":null}},{"type":"Feature","geometry":{"type":"Point","coordinates":[35.5,31.5]},"properties":{"id":"abed304","name":"Salt Sea","slug":"salt-sea","types":["body of water"],"primaryType":"body of water","longitude":35.5,"latitude":31.5,"coordinateType":"representative point","verseCount":21,"identificationId":"m7d469b","geometryId":"g2e7540"}},{"type":"Feature","geometry":{"type":"Point","coordinates":[35.195,32.276111]},"properties":{"id":"a041bb3","name":"Samaria 1","slug":"samaria-1","types":["settlement"],"primaryType":"settlement","longitude":35.195,"latitude":32.276111,"coordinateType":"point","verseCount":113,"identificationId":"me64af8","geometryId":null}},{"type":"Feature","geometry":{"type":"Point","coordinates":[35.195,32.276111]},"properties":{"id":"a282dce","name":"Samaria 2","slug":"samaria-2","types":["region"],"primaryType":"region","longitude":35.195,"latitude":32.276111,"coordinateType":"representative point","verseCount":13,"identificationId":"a041bb3","geometryId":"gf5df80"}},{"type":"Feature","geometry":{"type":"Point","coordinates":[26.8333,37.75]},"properties":{"id":"acf6ec0","name":"Samos","slug":"samos","types":["island"],"primaryType":"island","longitude":26.8333,"latitude":37.75,"coordinateType":"representative point","verseCount":1,"identificationId":"m509072","geometryId":"gc89871"}},{"type":"Feature","geometry":{"type":"Point","coordinates":[25.583333,40.45]},"properties":{"id":"a68750d","name":"Samothrace","slug":"samothrace","types":["island"],"primaryType":"island","longitude":25.583333,"latitude":40.45,"coordinateType":"representative point","verseCount":1,"identificationId":"md84660","geometryId":"g22abed"}},{"type":"Feature","geometry":{"type":"Point","coordinates":[34.9014,31.3445]},"properties":{"id":"aeedde4","name":"Sansannah","slug":"sansannah","types":["settlement"],"primaryType":"settlement","longitude":34.9014,"latitude":31.3445,"coordinateType":"point","verseCount":1,"identificationId":"m222887","geometryId":null}},{"type":"Feature","geometry":{"type":"Point","coordinates":[32,39]},"properties":{"id":"acf15b3","name":"Saparda","slug":"saparda","types":["settlement"],"primaryType":"settlement","longitude":32,"latitude":39,"coordinateType":"representative point","verseCount":0,"identificationId":"m276e13","geometryId":"g1d7e26"}},{"type":"Feature","geometry":{"type":"Point","coordinates":[45.230833,32.126111]},"properties":{"id":"a9042c4","name":"Saparre","slug":"saparre","types":["settlement"],"primaryType":"settlement","longitude":45.230833,"latitude":32.126111,"coordinateType":"center","verseCount":0,"identificationId":"m496ea5","geometryId":"g64a5ee"}},{"type":"Feature","geometry":{"type":"Point","coordinates":[28.040278,38.488333]},"properties":{"id":"aab4a5f","name":"Sardis","slug":"sardis","types":["settlement"],"primaryType":"settlement","longitude":28.040278,"latitude":38.488333,"coordinateType":"point","verseCount":3,"identificationId":"mb0ee42","geometryId":null}},{"type":"Feature","geometry":{"type":"Point","coordinates":[35.234202,32.660363]},"properties":{"id":"ab5b542","name":"Sarid","slug":"sarid","types":["settlement"],"primaryType":"settlement","longitude":35.234202,"latitude":32.660363,"coordinateType":"point","verseCount":2,"identificationId":"m4381c8","geometryId":null}},{"type":"Feature","geometry":{"type":"Point","coordinates":[34.12056,44.94278]},"properties":{"id":"a8d18cf","name":"Scythia","slug":"scythia","types":["region"],"primaryType":"region","longitude":34.12056,"latitude":44.94278,"coordinateType":"representative point","verseCount":0,"identificationId":"m772f28","geometryId":"gd33034"}},{"type":"Feature","geometry":{"type":"Point","coordinates":[32.377778,30.338333]},"properties":{"id":"a702ab6","name":"Sea of Egypt","slug":"sea-of-egypt","types":["body of water","river"],"primaryType":"body of water","longitude":32.377778,"latitude":30.338333,"coordinateType":"representative point","verseCount":1,"identificationId":"a3d18b2","geometryId":"g05d4c2"}},{"type":"Feature","geometry":{"type":"Point","coordinates":[35.590033,32.818906]},"properties":{"id":"a562fcc","name":"Sea of Galilee","slug":"sea-of-galilee","types":["body of water"],"primaryType":"body of water","longitude":35.590033,"latitude":32.818906,"coordinateType":"representative point","verseCount":10,"identificationId":"m0438ff","geometryId":"geaba15"}},{"type":"Feature","geometry":{"type":"Point","coordinates":[35.734976,32.006398]},"properties":{"id":"ad259d1","name":"Sea of Jazer","slug":"sea-of-jazer","types":["body of water","settlement"],"primaryType":"settlement","longitude":35.734976,"latitude":32.006398,"coordinateType":"point","verseCount":1,"identificationId":"a095b6e","geometryId":null}},{"type":"Feature","geometry":{"type":"Point","coordinates":[35.391592,31.71684]},"properties":{"id":"af74b9f","name":"Secacah","slug":"secacah","types":["settlement"],"primaryType":"settlement","longitude":35.391592,"latitude":31.71684,"coordinateType":"point","verseCount":1,"identificationId":"m771704","geometryId":null}},{"type":"Feature","geometry":{"type":"Point","coordinates":[35.234167,31.776667]},"properties":{"id":"a5ab519","name":"Second Quarter","slug":"second-quarter","types":["district in settlement"],"primaryType":"district in settlement","longitude":35.234167,"latitude":31.776667,"coordinateType":"settlement","verseCount":4,"identificationId":"a15257a","geometryId":null}},{"type":"Feature","geometry":{"type":"Point","coordinates":[35.144736,31.937378]},"properties":{"id":"a4052df","name":"Secu","slug":"secu","types":["settlement"],"primaryType":"settlement","longitude":35.144736,"latitude":31.937378,"coordinateType":"point","verseCount":1,"identificationId":"ma386d1","geometryId":null}},{"type":"Feature","geometry":{"type":"Point","coordinates":[35.3332,31.9878]},"properties":{"id":"a1aff30","name":"Seirah","slug":"seirah","types":["natural area","special"],"primaryType":"natural area","longitude":35.3332,"latitude":31.9878,"coordinateType":"representative point","verseCount":2,"identificationId":"m01c51b","geometryId":"g9675dd"}},{"type":"Feature","geometry":{"type":"Point","coordinates":[35.574455,30.78087]},"properties":{"id":"a98b02e","name":"Sela 1","slug":"sela-1","types":["settlement"],"primaryType":"settlement","longitude":35.574455,"latitude":30.78087,"coordinateType":"point","verseCount":2,"identificationId":"af8ce6a","geometryId":null}},{"type":"Feature","geometry":{"type":"Point","coordinates":[35.574455,30.78087]},"properties":{"id":"af8ce6a","name":"Sela 2","slug":"sela-2","types":["settlement"],"primaryType":"settlement","longitude":35.574455,"latitude":30.78087,"coordinateType":"point","verseCount":2,"identificationId":"m51eef7","geometryId":null}},{"type":"Feature","geometry":{"type":"Point","coordinates":[35.574455,30.78087]},"properties":{"id":"a6343cc","name":"Sela 3","slug":"sela-3","types":["settlement"],"primaryType":"settlement","longitude":35.574455,"latitude":30.78087,"coordinateType":"point","verseCount":1,"identificationId":"m51eef7","geometryId":null}},{"type":"Feature","geometry":{"type":"Point","coordinates":[35.922,36.124]},"properties":{"id":"a6d306d","name":"Seleucia","slug":"seleucia","types":["settlement"],"primaryType":"settlement","longitude":35.922,"latitude":36.124,"coordinateType":"point","verseCount":1,"identificationId":"m094b0c","geometryId":null}},{"type":"Feature","geometry":{"type":"Point","coordinates":[35.39974,31.9472]},"properties":{"id":"ac5ba1a","name":"Senaah","slug":"senaah","types":["settlement","special"],"primaryType":"settlement","longitude":35.39974,"latitude":31.9472,"coordinateType":"point","verseCount":3,"identificationId":"a0d1a62","geometryId":null}},{"type":"Feature","geometry":{"type":"Point","coordinates":[35.286169,31.853094]},"properties":{"id":"a311f80","name":"Seneh","slug":"seneh","types":["cliff"],"primaryType":"cliff","longitude":35.286169,"latitude":31.853094,"coordinateType":"point","verseCount":1,"identificationId":"mff65d3","geometryId":null}},{"type":"Feature","geometry":{"type":"Point","coordinates":[35.85,33.4]},"properties":{"id":"ad27e17","name":"Senir","slug":"senir","types":["mountain"],"primaryType":"mountain","longitude":35.85,"latitude":33.4,"coordinateType":"point","verseCount":4,"identificationId":"a341fe8","geometryId":null}},{"type":"Feature","geometry":{"type":"Point","coordinates":[44.402874,14.213898]},"properties":{"id":"a3cae2c","name":"Sephar","slug":"sephar","types":["settlement"],"primaryType":"settlement","longitude":44.402874,"latitude":14.213898,"coordinateType":"point","verseCount":1,"identificationId":"m9f98b7","geometryId":null}},{"type":"Feature","geometry":{"type":"Point","coordinates":[28.040278,38.488333]},"properties":{"id":"a0a98de","name":"Sepharad","slug":"sepharad","types":["settlement"],"primaryType":"settlement","longitude":28.040278,"latitude":38.488333,"coordinateType":"point","verseCount":1,"identificationId":"aab4a5f","geometryId":null}},{"type":"Feature","geometry":{"type":"Point","coordinates":[36.636361,34.401068]},"properties":{"id":"a282c15","name":"Sepharvaim","slug":"sepharvaim","types":["settlement"],"primaryType":"settlement","longitude":36.636361,"latitude":34.401068,"coordinateType":"representative point","verseCount":6,"identificationId":"ab5d319","geometryId":"g2611ea"}},{"type":"Feature","geometry":{"type":"Point","coordinates":[35.235985,31.767198]},"properties":{"id":"a8bb3d8","name":"Serpent’s Stone","slug":"serpents-stone","types":["rock"],"primaryType":"rock","longitude":35.235985,"latitude":31.767198,"coordinateType":"center","verseCount":1,"identificationId":"af9cfc9","geometryId":"g0745d6"}},{"type":"Feature","geometry":{"type":"Point","coordinates":[34.98714,31.86981]},"properties":{"id":"ae89331","name":"Shaalbim","slug":"shaalbim","types":["settlement"],"primaryType":"settlement","longitude":34.98714,"latitude":31.86981,"coordinateType":"point","verseCount":3,"identificationId":"m97b90d","geometryId":null}},{"type":"Feature","geometry":{"type":"Point","coordinates":[34.98714,31.86981]},"properties":{"id":"a1303a4","name":"Shaalbon","slug":"shaalbon","types":["settlement"],"primaryType":"settlement","longitude":34.98714,"latitude":31.86981,"coordinateType":"point","verseCount":2,"identificationId":"ae89331","geometryId":null}},{"type":"Feature","geometry":{"type":"Point","coordinates":[35.300278,31.954444]},"properties":{"id":"ab6f1f0","name":"Shaalim","slug":"shaalim","types":["region"],"primaryType":"region","longitude":35.300278,"latitude":31.954444,"coordinateType":"center","verseCount":1,"identificationId":"ad16b1e","geometryId":"geb09fe"}},{"type":"Feature","geometry":{"type":"Point","coordinates":[35.02757,31.7355]},"properties":{"id":"a28da66","name":"Shaaraim 1","slug":"shaaraim-1","types":["settlement"],"primaryType":"settlement","longitude":35.02757,"latitude":31.7355,"coordinateType":"point","verseCount":2,"identificationId":"mf5e945","geometryId":null}},{"type":"Feature","geometry":{"type":"Point","coordinates":[34.4041,31.467]},"properties":{"id":"a488856","name":"Shaaraim 2","slug":"shaaraim-2","types":["settlement"],"primaryType":"settlement","longitude":34.4041,"latitude":31.467,"coordinateType":"point","verseCount":1,"identificationId":"a887d36","geometryId":null}},{"type":"Feature","geometry":{"type":"Point","coordinates":[35.3666,32.54175]},"properties":{"id":"a5b01f4","name":"Shahazumah","slug":"shahazumah","types":["settlement"],"primaryType":"settlement","longitude":35.3666,"latitude":32.54175,"coordinateType":"point","verseCount":1,"identificationId":"m743096","geometryId":null}},{"type":"Feature","geometry":{"type":"Point","coordinates":[35.044167,32.1525]},"properties":{"id":"a25f8e2","name":"Shalishah","slug":"shalishah","types":["region"],"primaryType":"region","longitude":35.044167,"latitude":32.1525,"coordinateType":"center","verseCount":1,"identificationId":"ad3d9fc","geometryId":"gb336ef"}},{"type":"Feature","geometry":{"type":"Point","coordinates":[35.234167,31.776667]},"properties":{"id":"a5d4629","name":"Shallecheth","slug":"shallecheth","types":["gate"],"primaryType":"gate","longitude":35.234167,"latitude":31.776667,"coordinateType":"settlement","verseCount":1,"identificationId":"a15257a","geometryId":null}},{"type":"Feature","geometry":{"type":"Point","coordinates":[34.9318,31.4184]},"properties":{"id":"a846a2a","name":"Shamir 1","slug":"shamir-1","types":["settlement"],"primaryType":"settlement","longitude":34.9318,"latitude":31.4184,"coordinateType":"point","verseCount":1,"identificationId":"m82e254","geometryId":null}},{"type":"Feature","geometry":{"type":"Point","coordinates":[35.195,32.276111]},"properties":{"id":"af6476f","name":"Shamir 2","slug":"shamir-2","types":["settlement"],"primaryType":"settlement","longitude":35.195,"latitude":32.276111,"coordinateType":"point","verseCount":2,"identificationId":"a041bb3","geometryId":null}},{"type":"Feature","geometry":{"type":"Point","coordinates":[34.704236,31.713231]},"properties":{"id":"a7b3f5d","name":"Shaphir","slug":"shaphir","types":["settlement","special"],"primaryType":"settlement","longitude":34.704236,"latitude":31.713231,"coordinateType":"point","verseCount":1,"identificationId":"m876cb0","geometryId":null}},{"type":"Feature","geometry":{"type":"Point","coordinates":[34.883,32.4]},"properties":{"id":"a83fd43","name":"Sharon 1","slug":"sharon-1","types":["region"],"primaryType":"region","longitude":34.883,"latitude":32.4,"coordinateType":"representative point","verseCount":6,"identificationId":"m010fd0","geometryId":"g528234"}},{"type":"Feature","geometry":{"type":"Point","coordinates":[35.9343,31.9547]},"properties":{"id":"aa4e69f","name":"Sharon 2","slug":"sharon-2","types":["region"],"primaryType":"region","longitude":35.9343,"latitude":31.9547,"coordinateType":"representative point","verseCount":1,"identificationId":"m315baa","geometryId":"g357ac3"}},{"type":"Feature","geometry":{"type":"Point","coordinates":[34.4041,31.467]},"properties":{"id":"a887d36","name":"Sharuhen","slug":"sharuhen","types":["settlement"],"primaryType":"settlement","longitude":34.4041,"latitude":31.467,"coordinateType":"point","verseCount":1,"identificationId":"m88e0f9","geometryId":null}},{"type":"Feature","geometry":{"type":"Point","coordinates":[35.686111,31.540556]},"properties":{"id":"a86d49f","name":"Shaveh-kiriathaim","slug":"shaveh-kiriathaim","types":["natural area"],"primaryType":"natural area","longitude":35.686111,"latitude":31.540556,"coordinateType":"center","verseCount":1,"identificationId":"ad54201","geometryId":"ga09df3"}},{"type":"Feature","geometry":{"type":"Point","coordinates":[44.206389,15.348333]},"properties":{"id":"a81ab85","name":"Sheba 1","slug":"sheba-1","types":["region"],"primaryType":"region","longitude":44.206389,"latitude":15.348333,"coordinateType":"representative point","verseCount":18,"identificationId":"m06de45","geometryId":"g718940"}},{"type":"Feature","geometry":{"type":"Point","coordinates":[34.840833,31.244722]},"properties":{"id":"ae44746","name":"Sheba 2","slug":"sheba-2","types":["settlement"],"primaryType":"settlement","longitude":34.840833,"latitude":31.244722,"coordinateType":"point","verseCount":1,"identificationId":"ad2f6c2","geometryId":null}},{"type":"Feature","geometry":{"type":"Point","coordinates":[35.310588,31.907274]},"properties":{"id":"ac53696","name":"Shebarim","slug":"shebarim","types":["natural area","special"],"primaryType":"natural area","longitude":35.310588,"latitude":31.907274,"coordinateType":"point","verseCount":1,"identificationId":"m30646c","geometryId":null}},{"type":"Feature","geometry":{"type":"Point","coordinates":[35.281944,32.213611]},"properties":{"id":"adf74d4","name":"Shechem","slug":"shechem","types":["settlement"],"primaryType":"settlement","longitude":35.281944,"latitude":32.213611,"coordinateType":"point","verseCount":45,"identificationId":"m657590","geometryId":null}},{"type":"Feature","geometry":{"type":"Point","coordinates":[35.234167,31.776667]},"properties":{"id":"aa3d425","name":"Sheep Gate","slug":"sheep-gate","types":["gate"],"primaryType":"gate","longitude":35.234167,"latitude":31.776667,"coordinateType":"settlement","verseCount":4,"identificationId":"a15257a","geometryId":null}},{"type":"Feature","geometry":{"type":"Point","coordinates":[34.840833,31.244722]},"properties":{"id":"a55136c","name":"Shema","slug":"shema","types":["settlement"],"primaryType":"settlement","longitude":34.840833,"latitude":31.244722,"coordinateType":"point","verseCount":1,"identificationId":"ae44746","geometryId":null}},{"type":"Feature","geometry":{"type":"Point","coordinates":[35.26029,31.99855]},"properties":{"id":"a78f72b","name":"Shen","slug":"shen","types":["settlement","special"],"primaryType":"settlement","longitude":35.26029,"latitude":31.99855,"coordinateType":"point","verseCount":1,"identificationId":"a5f5b06","geometryId":null}},{"type":"Feature","geometry":{"type":"Point","coordinates":[36.38715,34.39674]},"properties":{"id":"a9ba60c","name":"Shepham","slug":"shepham","types":["settlement"],"primaryType":"settlement","longitude":36.38715,"latitude":34.39674,"coordinateType":"center","verseCount":3,"identificationId":"ac95bd8","geometryId":"ga6d7f9"}},{"type":"Feature","geometry":{"type":"Point","coordinates":[34.875,31.691667]},"properties":{"id":"af084cf","name":"Shephelah","slug":"shephelah","types":["region"],"primaryType":"region","longitude":34.875,"latitude":31.691667,"coordinateType":"representative point","verseCount":19,"identificationId":"m6cfb9a","geometryId":"g9764d8"}},{"type":"Feature","geometry":{"type":"Point","coordinates":[44.422222,32.543333]},"properties":{"id":"ab58876","name":"Sheshach","slug":"sheshach","types":["settlement"],"primaryType":"settlement","longitude":44.422222,"latitude":32.543333,"coordinateType":"point","verseCount":2,"identificationId":"a217d18","geometryId":null}},{"type":"Feature","geometry":{"type":"Point","coordinates":[32.546139,31.042512]},"properties":{"id":"a305f43","name":"Shihor 1","slug":"shihor-1","types":["river","special"],"primaryType":"river","longitude":32.546139,"latitude":31.042512,"coordinateType":"representative point","verseCount":2,"identificationId":"mfd46de","geometryId":"gaff0f6"}},{"type":"Feature","geometry":{"type":"Point","coordinates":[32.546139,31.042512]},"properties":{"id":"a475518","name":"Shihor 2","slug":"shihor-2","types":["river","special"],"primaryType":"river","longitude":32.546139,"latitude":31.042512,"coordinateType":"representative point","verseCount":1,"identificationId":"a305f43","geometryId":"gaff0f6"}},{"type":"Feature","geometry":{"type":"Point","coordinates":[35.033333,32.816667]},"properties":{"id":"ac6b338","name":"Shihor-libnath","slug":"shihor-libnath","types":["natural area","region","river","settlement"],"primaryType":"natural area","longitude":35.033333,"latitude":32.816667,"coordinateType":"point","verseCount":1,"identificationId":"m8ad145","geometryId":null}},{"type":"Feature","geometry":{"type":"Point","coordinates":[34.812,31.821483]},"properties":{"id":"afd2396","name":"Shikkeron","slug":"shikkeron","types":["settlement"],"primaryType":"settlement","longitude":34.812,"latitude":31.821483,"coordinateType":"point","verseCount":1,"identificationId":"m6129e7","geometryId":null}},{"type":"Feature","geometry":{"type":"Point","coordinates":[34.4041,31.467]},"properties":{"id":"a8fe47a","name":"Shilhim","slug":"shilhim","types":["settlement"],"primaryType":"settlement","longitude":34.4041,"latitude":31.467,"coordinateType":"point","verseCount":1,"identificationId":"a887d36","geometryId":null}},{"type":"Feature","geometry":{"type":"Point","coordinates":[35.235,31.770556]},"properties":{"id":"ae71673","name":"Shiloah","slug":"shiloah","types":["pool"],"primaryType":"pool","longitude":35.235,"latitude":31.770556,"coordinateType":"point","verseCount":1,"identificationId":"a294859","geometryId":null}},{"type":"Feature","geometry":{"type":"Point","coordinates":[35.289536,32.055703]},"properties":{"id":"aa4680a","name":"Shiloh","slug":"shiloh","types":["settlement"],"primaryType":"settlement","longitude":35.289536,"latitude":32.055703,"coordinateType":"point","verseCount":37,"identificationId":"m12f296","geometryId":null}},{"type":"Feature","geometry":{"type":"Point","coordinates":[35.213333,32.703889]},"properties":{"id":"a072bae","name":"Shimron","slug":"shimron","types":["settlement"],"primaryType":"settlement","longitude":35.213333,"latitude":32.703889,"coordinateType":"point","verseCount":2,"identificationId":"m15d67c","geometryId":null}},{"type":"Feature","geometry":{"type":"Point","coordinates":[35.213333,32.703889]},"properties":{"id":"ae20466","name":"Shimron-meron","slug":"shimron-meron","types":["settlement"],"primaryType":"settlement","longitude":35.213333,"latitude":32.703889,"coordinateType":"point","verseCount":1,"identificationId":"a072bae","geometryId":null}},{"type":"Feature","geometry":{"type":"Point","coordinates":[44.422222,32.543333]},"properties":{"id":"af725b1","name":"Shinar","slug":"shinar","types":["region"],"primaryType":"region","longitude":44.422222,"latitude":32.543333,"coordinateType":"representative point","verseCount":8,"identificationId":"a8394b8","geometryId":"g523915"}},{"type":"Feature","geometry":{"type":"Point","coordinates":[35.506944,32.654167]},"properties":{"id":"a03f6cf","name":"Shion","slug":"shion","types":["settlement"],"primaryType":"settlement","longitude":35.506944,"latitude":32.654167,"coordinateType":"point","verseCount":1,"identificationId":"m346d1b","geometryId":null}},{"type":"Feature","geometry":{"type":"Point","coordinates":[35.67368,31.84018]},"properties":{"id":"af64fb3","name":"Shittim","slug":"shittim","types":["campsite"],"primaryType":"campsite","longitude":35.67368,"latitude":31.84018,"coordinateType":"point","verseCount":5,"identificationId":"m37a078","geometryId":null}},{"type":"Feature","geometry":{"type":"Point","coordinates":[47.4421,31.0043]},"properties":{"id":"aa3bc1e","name":"Shoa","slug":"shoa","types":["people group"],"primaryType":"people group","longitude":47.4421,"latitude":31.0043,"coordinateType":"center","verseCount":1,"identificationId":"abef753","geometryId":"g50e9e7"}},{"type":"Feature","geometry":{"type":"Point","coordinates":[35.300278,31.954444]},"properties":{"id":"ad16b1e","name":"Shual","slug":"shual","types":["region"],"primaryType":"region","longitude":35.300278,"latitude":31.954444,"coordinateType":"center","verseCount":1,"identificationId":"a53b82d","geometryId":"geb09fe"}},{"type":"Feature","geometry":{"type":"Point","coordinates":[35.334306,32.605633]},"properties":{"id":"ac86af5","name":"Shunem","slug":"shunem","types":["settlement"],"primaryType":"settlement","longitude":35.334306,"latitude":32.605633,"coordinateType":"point","verseCount":9,"identificationId":"m5f63a8","geometryId":null}},{"type":"Feature","geometry":{"type":"Point","coordinates":[32.956667,30.493333]},"properties":{"id":"acdbce0","name":"Shur","slug":"shur","types":["region","settlement"],"primaryType":"region","longitude":32.956667,"latitude":30.493333,"coordinateType":"representative point","verseCount":6,"identificationId":"m15a08e","geometryId":"g3d355b"}},{"type":"Feature","geometry":{"type":"Point","coordinates":[35.761314,31.782365]},"properties":{"id":"aa10f27","name":"Sibmah","slug":"sibmah","types":["settlement"],"primaryType":"settlement","longitude":35.761314,"latitude":31.782365,"coordinateType":"point","verseCount":6,"identificationId":"md4d924","geometryId":null}},{"type":"Feature","geometry":{"type":"Point","coordinates":[36.636361,34.401068]},"properties":{"id":"ab5d319","name":"Sibraim","slug":"sibraim","types":["settlement"],"primaryType":"settlement","longitude":36.636361,"latitude":34.401068,"coordinateType":"representative point","verseCount":1,"identificationId":"mdc2906","geometryId":"g2611ea"}},{"type":"Feature","geometry":{"type":"Point","coordinates":[35.371944,33.560985]},"properties":{"id":"a98e4d7","name":"Sidon","slug":"sidon","types":["settlement"],"primaryType":"settlement","longitude":35.371944,"latitude":33.560985,"coordinateType":"point","verseCount":37,"identificationId":"mfccaed","geometryId":null}},{"type":"Feature","geometry":{"type":"Point","coordinates":[35.234167,31.776667]},"properties":{"id":"ab56451","name":"Silla","slug":"silla","types":["fortification","settlement"],"primaryType":"settlement","longitude":35.234167,"latitude":31.776667,"coordinateType":"settlement","verseCount":1,"identificationId":"a734b66","geometryId":null}},{"type":"Feature","geometry":{"type":"Point","coordinates":[35.235,31.770556]},"properties":{"id":"a294859","name":"Siloam","slug":"siloam","types":["pool"],"primaryType":"pool","longitude":35.235,"latitude":31.770556,"coordinateType":"point","verseCount":5,"identificationId":"m068207","geometryId":null}},{"type":"Feature","geometry":{"type":"Point","coordinates":[33.536667,29.147778]},"properties":{"id":"a0f54e4","name":"Sin","slug":"sin","types":["region"],"primaryType":"region","longitude":33.536667,"latitude":29.147778,"coordinateType":"representative point","verseCount":4,"identificationId":"mc53c05","geometryId":"g49e180"}},{"type":"Feature","geometry":{"type":"Point","coordinates":[35.067075,31.400792]},"properties":{"id":"a077262","name":"Siphmoth","slug":"siphmoth","types":["settlement"],"primaryType":"settlement","longitude":35.067075,"latitude":31.400792,"coordinateType":"center","verseCount":1,"identificationId":"ad68510","geometryId":"g87591a"}},{"type":"Feature","geometry":{"type":"Point","coordinates":[35.098819,31.541919]},"properties":{"id":"a63b8c7","name":"Sirah","slug":"sirah","types":["well"],"primaryType":"well","longitude":35.098819,"latitude":31.541919,"coordinateType":"point","verseCount":1,"identificationId":"m9a6508","geometryId":null}},{"type":"Feature","geometry":{"type":"Point","coordinates":[34.565833,31.031111]},"properties":{"id":"aa454f7","name":"Sitnah","slug":"sitnah","types":["well"],"primaryType":"well","longitude":34.565833,"latitude":31.031111,"coordinateType":"center","verseCount":1,"identificationId":"ab1d954","geometryId":"g88a716"}},{"type":"Feature","geometry":{"type":"Point","coordinates":[27.137778,38.418889]},"properties":{"id":"a2e65fb","name":"Smyrna","slug":"smyrna","types":["settlement"],"primaryType":"settlement","longitude":27.137778,"latitude":38.418889,"coordinateType":"point","verseCount":2,"identificationId":"m1876bb","geometryId":null}},{"type":"Feature","geometry":{"type":"Point","coordinates":[34.9749,31.6822]},"properties":{"id":"a39a6b9","name":"Socoh 1","slug":"socoh-1","types":["settlement"],"primaryType":"settlement","longitude":34.9749,"latitude":31.6822,"coordinateType":"point","verseCount":4,"identificationId":"md2430d","geometryId":null}},{"type":"Feature","geometry":{"type":"Point","coordinates":[35.00614,31.400871]},"properties":{"id":"ac9c090","name":"Socoh 2","slug":"socoh-2","types":["settlement"],"primaryType":"settlement","longitude":35.00614,"latitude":31.400871,"coordinateType":"point","verseCount":1,"identificationId":"mbd896c","geometryId":null}},{"type":"Feature","geometry":{"type":"Point","coordinates":[35.03202,32.3421]},"properties":{"id":"a64ff72","name":"Socoh 3","slug":"socoh-3","types":["settlement"],"primaryType":"settlement","longitude":35.03202,"latitude":32.3421,"coordinateType":"point","verseCount":1,"identificationId":"m6c43bf","geometryId":null}},{"type":"Feature","geometry":{"type":"Point","coordinates":[35.449223,31.20849]},"properties":{"id":"a0aa664","name":"Sodom","slug":"sodom","types":["settlement"],"primaryType":"settlement","longitude":35.449223,"latitude":31.20849,"coordinateType":"representative point","verseCount":50,"identificationId":"a4a5cce","geometryId":"g9db00b"}},{"type":"Feature","geometry":{"type":"Point","coordinates":[35.234167,31.776667]},"properties":{"id":"a47c817","name":"Solomon’s Portico","slug":"solomons-portico","types":["structure"],"primaryType":"structure","longitude":35.234167,"latitude":31.776667,"coordinateType":"settlement","verseCount":3,"identificationId":"a15257a","geometryId":null}},{"type":"Feature","geometry":{"type":"Point","coordinates":[34.840833,31.244722]},"properties":{"id":"a2d4170","name":"South 1","slug":"south-1","types":["region"],"primaryType":"region","longitude":34.840833,"latitude":31.244722,"coordinateType":"representative point","verseCount":1,"identificationId":"a1cb244","geometryId":"gf328fd"}},{"type":"Feature","geometry":{"type":"Point","coordinates":[44.206389,15.348333]},"properties":{"id":"a422f1c","name":"South 2","slug":"south-2","types":["region"],"primaryType":"region","longitude":44.206389,"latitude":15.348333,"coordinateType":"representative point","verseCount":2,"identificationId":"a81ab85","geometryId":"g718940"}},{"type":"Feature","geometry":{"type":"Point","coordinates":[29.8965,31.1825]},"properties":{"id":"a1c0469","name":"South 3","slug":"south-3","types":["region"],"primaryType":"region","longitude":29.8965,"latitude":31.1825,"coordinateType":"representative point","verseCount":12,"identificationId":"aee7248","geometryId":"gd70643"}},{"type":"Feature","geometry":{"type":"Point","coordinates":[35.234167,31.776667]},"properties":{"id":"a092025","name":"South Gate","slug":"south-gate","types":["gate"],"primaryType":"gate","longitude":35.234167,"latitude":31.776667,"coordinateType":"settlement","verseCount":1,"identificationId":"a15257a","geometryId":null}},{"type":"Feature","geometry":{"type":"Point","coordinates":[-4.35,40.21]},"properties":{"id":"a3f0f69","name":"Spain","slug":"spain","types":["region"],"primaryType":"region","longitude":-4.35,"latitude":40.21,"coordinateType":"representative point","verseCount":2,"identificationId":"m6581f3","geometryId":"g504a8f"}},{"type":"Feature","geometry":{"type":"Point","coordinates":[22.423611,37.081944]},"properties":{"id":"a7aafda","name":"Sparta","slug":"sparta","types":["settlement"],"primaryType":"settlement","longitude":22.423611,"latitude":37.081944,"coordinateType":"point","verseCount":0,"identificationId":"me25924","geometryId":null}},{"type":"Feature","geometry":{"type":"Point","coordinates":[36.311389,33.509167]},"properties":{"id":"af23dbb","name":"Straight Street","slug":"straight-street","types":["road"],"primaryType":"road","longitude":36.311389,"latitude":33.509167,"coordinateType":"representative point","verseCount":1,"identificationId":"mb2d6b9","geometryId":"gbe0d9c"}},{"type":"Feature","geometry":{"type":"Point","coordinates":[35.62118,32.1966]},"properties":{"id":"a0905b5","name":"Succoth 1","slug":"succoth-1","types":["settlement"],"primaryType":"settlement","longitude":35.62118,"latitude":32.1966,"coordinateType":"point","verseCount":10,"identificationId":"m1123d9","geometryId":null}},{"type":"Feature","geometry":{"type":"Point","coordinates":[32.099,30.5527]},"properties":{"id":"aa28709","name":"Succoth 2","slug":"succoth-2","types":["settlement"],"primaryType":"settlement","longitude":32.099,"latitude":30.5527,"coordinateType":"point","verseCount":4,"identificationId":"mf20d69","geometryId":null}},{"type":"Feature","geometry":{"type":"Point","coordinates":[34.75,28.75]},"properties":{"id":"af725bb","name":"Suph","slug":"suph","types":["body of water","settlement"],"primaryType":"body of water","longitude":34.75,"latitude":28.75,"coordinateType":"representative point","verseCount":1,"identificationId":"ad64d75","geometryId":"g802604"}},{"type":"Feature","geometry":{"type":"Point","coordinates":[35.81749,31.665609]},"properties":{"id":"a88bcb2","name":"Suphah","slug":"suphah","types":["body of water","settlement"],"primaryType":"settlement","longitude":35.81749,"latitude":31.665609,"coordinateType":"point","verseCount":1,"identificationId":"m012b38","geometryId":null}},{"type":"Feature","geometry":{"type":"Point","coordinates":[35.234167,31.776667]},"properties":{"id":"aadfb8f","name":"Sur","slug":"sur","types":["gate"],"primaryType":"gate","longitude":35.234167,"latitude":31.776667,"coordinateType":"settlement","verseCount":1,"identificationId":"a753c3b","geometryId":null}},{"type":"Feature","geometry":{"type":"Point","coordinates":[48.25778,32.18922]},"properties":{"id":"a033b84","name":"Susa","slug":"susa","types":["settlement"],"primaryType":"settlement","longitude":48.25778,"latitude":32.18922,"coordinateType":"point","verseCount":20,"identificationId":"m9cb1d4","geometryId":null}},{"type":"Feature","geometry":{"type":"Point","coordinates":[47.4421,31.0043]},"properties":{"id":"abef753","name":"Sutu","slug":"sutu","types":["people group"],"primaryType":"people group","longitude":47.4421,"latitude":31.0043,"coordinateType":"center","verseCount":0,"identificationId":"mf63b4b","geometryId":"g50e9e7"}},{"type":"Feature","geometry":{"type":"Point","coordinates":[35.28897,32.21776]},"properties":{"id":"a27b472","name":"Sychar","slug":"sychar","types":["settlement"],"primaryType":"settlement","longitude":35.28897,"latitude":32.21776,"coordinateType":"point","verseCount":1,"identificationId":"mb04b16","geometryId":null}},{"type":"Feature","geometry":{"type":"Point","coordinates":[32.899731,24.088919]},"properties":{"id":"a8a6a5b","name":"Syene","slug":"syene","types":["settlement"],"primaryType":"settlement","longitude":32.899731,"latitude":24.088919,"coordinateType":"point","verseCount":3,"identificationId":"m726943","geometryId":null}},{"type":"Feature","geometry":{"type":"Point","coordinates":[15.293056,37.063889]},"properties":{"id":"a1e3697","name":"Syracuse","slug":"syracuse","types":["settlement"],"primaryType":"settlement","longitude":15.293056,"latitude":37.063889,"coordinateType":"point","verseCount":1,"identificationId":"m4f5a82","geometryId":null}},{"type":"Feature","geometry":{"type":"Point","coordinates":[36.30639,33.511112]},"properties":{"id":"a159fa4","name":"Syria 1","slug":"syria-1","types":["region"],"primaryType":"region","longitude":36.30639,"latitude":33.511112,"coordinateType":"representative point","verseCount":89,"identificationId":"a69c1d4","geometryId":"g15edcb"}},{"type":"Feature","geometry":{"type":"Point","coordinates":[36.30639,33.511112]},"properties":{"id":"a890adf","name":"Syria 2","slug":"syria-2","types":["region"],"primaryType":"region","longitude":36.30639,"latitude":33.511112,"coordinateType":"representative point","verseCount":8,"identificationId":"a69c1d4","geometryId":"g841f86"}},{"type":"Feature","geometry":{"type":"Point","coordinates":[18,31.5]},"properties":{"id":"ad36371","name":"Syrtis","slug":"syrtis","types":["body of water"],"primaryType":"body of water","longitude":18,"latitude":31.5,"coordinateType":"representative point","verseCount":1,"identificationId":"m0c0286","geometryId":"g5f9991"}},{"type":"Feature","geometry":{"type":"Point","coordinates":[35.219122,32.521526]},"properties":{"id":"a6f05f6","name":"Taanach","slug":"taanach","types":["settlement"],"primaryType":"settlement","longitude":35.219122,"latitude":32.521526,"coordinateType":"point","verseCount":7,"identificationId":"m8e8c6d","geometryId":null}},{"type":"Feature","geometry":{"type":"Point","coordinates":[35.370933,32.176348]},"properties":{"id":"a5d37f9","name":"Taanath-shiloh","slug":"taanath-shiloh","types":["settlement"],"primaryType":"settlement","longitude":35.370933,"latitude":32.176348,"coordinateType":"point","verseCount":1,"identificationId":"mb1e1d7","geometryId":null}},{"type":"Feature","geometry":{"type":"Point","coordinates":[35.618929,32.286841]},"properties":{"id":"ab5c435","name":"Tabbath","slug":"tabbath","types":["settlement"],"primaryType":"settlement","longitude":35.618929,"latitude":32.286841,"coordinateType":"point","verseCount":1,"identificationId":"m4e6d80","geometryId":null}},{"type":"Feature","geometry":{"type":"Point","coordinates":[35.272778,32.199444]},"properties":{"id":"a5948b2","name":"Tabbur-erez","slug":"tabbur-erez","types":["mountain"],"primaryType":"mountain","longitude":35.272778,"latitude":32.199444,"coordinateType":"point","verseCount":1,"identificationId":"a30e967","geometryId":null}},{"type":"Feature","geometry":{"type":"Point","coordinates":[34.275439,28.788667]},"properties":{"id":"a028191","name":"Taberah","slug":"taberah","types":["campsite"],"primaryType":"campsite","longitude":34.275439,"latitude":28.788667,"coordinateType":"center","verseCount":2,"identificationId":"ae7836a","geometryId":"gafc298"}},{"type":"Feature","geometry":{"type":"Point","coordinates":[35.324193,32.683367]},"properties":{"id":"af614df","name":"Tabor 2","slug":"tabor-2","types":["mountain","settlement"],"primaryType":"settlement","longitude":35.324193,"latitude":32.683367,"coordinateType":"point","verseCount":1,"identificationId":"a898f06","geometryId":null}},{"type":"Feature","geometry":{"type":"Point","coordinates":[35.241389,31.922778]},"properties":{"id":"a8530e9","name":"Tabor 3","slug":"tabor-3","types":["tree"],"primaryType":"tree","longitude":35.241389,"latitude":31.922778,"coordinateType":"center","verseCount":1,"identificationId":"a64f355","geometryId":"gca0bc2"}},{"type":"Feature","geometry":{"type":"Point","coordinates":[38.274,34.547]},"properties":{"id":"ad797fe","name":"Tadmor","slug":"tadmor","types":["settlement"],"primaryType":"settlement","longitude":38.274,"latitude":34.547,"coordinateType":"point","verseCount":1,"identificationId":"m6d87c0","geometryId":null}},{"type":"Feature","geometry":{"type":"Point","coordinates":[34.411111,30.640556]},"properties":{"id":"abe40d1","name":"Tahath","slug":"tahath","types":["campsite"],"primaryType":"campsite","longitude":34.411111,"latitude":30.640556,"coordinateType":"center","verseCount":2,"identificationId":"a944b90","geometryId":"g6605c8"}},{"type":"Feature","geometry":{"type":"Point","coordinates":[32.171389,30.860556]},"properties":{"id":"adb008c","name":"Tahpanhes","slug":"tahpanhes","types":["settlement"],"primaryType":"settlement","longitude":32.171389,"latitude":30.860556,"coordinateType":"point","verseCount":7,"identificationId":"mb2507f","geometryId":null}},{"type":"Feature","geometry":{"type":"Point","coordinates":[35.2459,30.8087]},"properties":{"id":"ab066d7","name":"Tamar 1","slug":"tamar-1","types":["settlement"],"primaryType":"settlement","longitude":35.2459,"latitude":30.8087,"coordinateType":"point","verseCount":1,"identificationId":"a5947d7","geometryId":null}},{"type":"Feature","geometry":{"type":"Point","coordinates":[35.2459,30.8087]},"properties":{"id":"a5947d7","name":"Tamar 2","slug":"tamar-2","types":["settlement"],"primaryType":"settlement","longitude":35.2459,"latitude":30.8087,"coordinateType":"point","verseCount":3,"identificationId":"m27a1e0","geometryId":null}},{"type":"Feature","geometry":{"type":"Point","coordinates":[35.23007,32.10415]},"properties":{"id":"a03be2e","name":"Tappuah 1","slug":"tappuah-1","types":["settlement"],"primaryType":"settlement","longitude":35.23007,"latitude":32.10415,"coordinateType":"point","verseCount":3,"identificationId":"m94367d","geometryId":null}},{"type":"Feature","geometry":{"type":"Point","coordinates":[34.996,31.695528]},"properties":{"id":"a2e9e40","name":"Tappuah 2","slug":"tappuah-2","types":["settlement"],"primaryType":"settlement","longitude":34.996,"latitude":31.695528,"coordinateType":"point","verseCount":1,"identificationId":"m23ba30","geometryId":null}},{"type":"Feature","geometry":{"type":"Point","coordinates":[35.236,31.84746]},"properties":{"id":"acfcf28","name":"Taralah","slug":"taralah","types":["settlement"],"primaryType":"settlement","longitude":35.236,"latitude":31.84746,"coordinateType":"point","verseCount":1,"identificationId":"m0431fc","geometryId":null}},{"type":"Feature","geometry":{"type":"Point","coordinates":[-6.944167,37.271944]},"properties":{"id":"a5f43dd","name":"Tarshish 1","slug":"tarshish-1","types":["island","region","settlement","special"],"primaryType":"settlement","longitude":-6.944167,"latitude":37.271944,"coordinateType":"point","verseCount":16,"identificationId":"a86d7c7","geometryId":null}},{"type":"Feature","geometry":{"type":"Point","coordinates":[-6.944167,37.271944]},"properties":{"id":"af79c1d","name":"Tarshish 2","slug":"tarshish-2","types":["island","region","settlement","special"],"primaryType":"settlement","longitude":-6.944167,"latitude":37.271944,"coordinateType":"point","verseCount":5,"identificationId":"a5f43dd","geometryId":null}},{"type":"Feature","geometry":{"type":"Point","coordinates":[34.892056,36.913028]},"properties":{"id":"a666ea0","name":"Tarsus","slug":"tarsus","types":["settlement"],"primaryType":"settlement","longitude":34.892056,"latitude":36.913028,"coordinateType":"point","verseCount":5,"identificationId":"mc9df1a","geometryId":null}},{"type":"Feature","geometry":{"type":"Point","coordinates":[-6.944167,37.271944]},"properties":{"id":"a86d7c7","name":"Tartessos","slug":"tartessos","types":["settlement"],"primaryType":"settlement","longitude":-6.944167,"latitude":37.271944,"coordinateType":"point","verseCount":0,"identificationId":"m910aae","geometryId":null}},{"type":"Feature","geometry":{"type":"Point","coordinates":[37.2775,38.7225]},"properties":{"id":"acfe0a6","name":"Tegarama","slug":"tegarama","types":["settlement"],"primaryType":"settlement","longitude":37.2775,"latitude":38.7225,"coordinateType":"point","verseCount":0,"identificationId":"m81af16","geometryId":null}},{"type":"Feature","geometry":{"type":"Point","coordinates":[35.21048,31.63247]},"properties":{"id":"a2e3aa0","name":"Tekoa","slug":"tekoa","types":["settlement"],"primaryType":"settlement","longitude":35.21048,"latitude":31.63247,"coordinateType":"point","verseCount":14,"identificationId":"m24a982","geometryId":null}},{"type":"Feature","geometry":{"type":"Point","coordinates":[45.230833,32.126111]},"properties":{"id":"a10147d","name":"Tel-abib","slug":"tel-abib","types":["settlement"],"primaryType":"settlement","longitude":45.230833,"latitude":32.126111,"coordinateType":"center","verseCount":1,"identificationId":"m496ea5","geometryId":"g64a5ee"}},{"type":"Feature","geometry":{"type":"Point","coordinates":[38.0865,36.7014]},"properties":{"id":"a0e11c1","name":"Telassar","slug":"telassar","types":["settlement"],"primaryType":"settlement","longitude":38.0865,"latitude":36.7014,"coordinateType":"point","verseCount":2,"identificationId":"m2d73de","geometryId":null}},{"type":"Feature","geometry":{"type":"Point","coordinates":[34.91217,31.142053]},"properties":{"id":"a6ef6a9","name":"Telem","slug":"telem","types":["settlement"],"primaryType":"settlement","longitude":34.91217,"latitude":31.142053,"coordinateType":"point","verseCount":2,"identificationId":"m71be41","geometryId":null}},{"type":"Feature","geometry":{"type":"Point","coordinates":[45.230833,32.126111]},"properties":{"id":"a0c97c0","name":"Tel-harsha","slug":"tel-harsha","types":["settlement"],"primaryType":"settlement","longitude":45.230833,"latitude":32.126111,"coordinateType":"center","verseCount":2,"identificationId":"m496ea5","geometryId":"g64a5ee"}},{"type":"Feature","geometry":{"type":"Point","coordinates":[45.230833,32.126111]},"properties":{"id":"a2b5ee9","name":"Tel-melah","slug":"tel-melah","types":["settlement"],"primaryType":"settlement","longitude":45.230833,"latitude":32.126111,"coordinateType":"center","verseCount":2,"identificationId":"m496ea5","geometryId":"g64a5ee"}},{"type":"Feature","geometry":{"type":"Point","coordinates":[38.551626,27.629703]},"properties":{"id":"acd48d6","name":"Tema","slug":"tema","types":["settlement"],"primaryType":"settlement","longitude":38.551626,"latitude":27.629703,"coordinateType":"point","verseCount":3,"identificationId":"ma06c71","geometryId":null}},{"type":"Feature","geometry":{"type":"Point","coordinates":[35.603919,30.745843]},"properties":{"id":"a831506","name":"Teman","slug":"teman","types":["region","settlement"],"primaryType":"region","longitude":35.603919,"latitude":30.745843,"coordinateType":"center","verseCount":6,"identificationId":"a871210","geometryId":"g87ae9f"}},{"type":"Feature","geometry":{"type":"Point","coordinates":[34.411111,30.640556]},"properties":{"id":"a944b90","name":"Terah","slug":"terah","types":["campsite"],"primaryType":"campsite","longitude":34.411111,"latitude":30.640556,"coordinateType":"center","verseCount":2,"identificationId":"aa5f658","geometryId":"g6605c8"}},{"type":"Feature","geometry":{"type":"Point","coordinates":[38.16667,35.95]},"properties":{"id":"aa4fca2","name":"Thapsacus","slug":"thapsacus","types":["settlement"],"primaryType":"settlement","longitude":38.16667,"latitude":35.95,"coordinateType":"point","verseCount":0,"identificationId":"m22ee15","geometryId":null}},{"type":"Feature","geometry":{"type":"Point","coordinates":[32.610278,25.720556]},"properties":{"id":"a9674fc","name":"Thebes","slug":"thebes","types":["settlement"],"primaryType":"settlement","longitude":32.610278,"latitude":25.720556,"coordinateType":"point","verseCount":6,"identificationId":"mf51729","geometryId":null}},{"type":"Feature","geometry":{"type":"Point","coordinates":[35.368611,32.322222]},"properties":{"id":"a5d1690","name":"Thebez","slug":"thebez","types":["settlement"],"primaryType":"settlement","longitude":35.368611,"latitude":32.322222,"coordinateType":"point","verseCount":2,"identificationId":"m4ff96d","geometryId":null}},{"type":"Feature","geometry":{"type":"Point","coordinates":[45.283333,31.316667]},"properties":{"id":"a2ebfdf","name":"Thelme","slug":"thelme","types":["settlement"],"primaryType":"settlement","longitude":45.283333,"latitude":31.316667,"coordinateType":"point","verseCount":0,"identificationId":"m2f36e0","geometryId":null}},{"type":"Feature","geometry":{"type":"Point","coordinates":[35.234167,31.776667]},"properties":{"id":"a012194","name":"The Lord Is There","slug":"the-lord-is-there","types":["settlement"],"primaryType":"settlement","longitude":35.234167,"latitude":31.776667,"coordinateType":"point","verseCount":1,"identificationId":"a15257a","geometryId":null}},{"type":"Feature","geometry":{"type":"Point","coordinates":[35.235556,31.777778]},"properties":{"id":"a559399","name":"The Lord Will Provide","slug":"the-lord-will-provide","types":["hill","settlement","tree"],"primaryType":"hill","longitude":35.235556,"latitude":31.777778,"coordinateType":"point","verseCount":1,"identificationId":"aac1fcf","geometryId":null}},{"type":"Feature","geometry":{"type":"Point","coordinates":[22.945767,40.637771]},"properties":{"id":"afa9d8e","name":"Thessalonica","slug":"thessalonica","types":["settlement"],"primaryType":"settlement","longitude":22.945767,"latitude":40.637771,"coordinateType":"point","verseCount":9,"identificationId":"mdadcc0","geometryId":null}},{"type":"Feature","geometry":{"type":"Point","coordinates":[35.539722,33.028611]},"properties":{"id":"aac5280","name":"Thisbe","slug":"thisbe","types":["settlement","special"],"primaryType":"settlement","longitude":35.539722,"latitude":33.028611,"coordinateType":"representative point","verseCount":0,"identificationId":"m4bcf97","geometryId":"gf4b73b"}},{"type":"Feature","geometry":{"type":"Point","coordinates":[12.873889,41.561944]},"properties":{"id":"afef438","name":"Three Taverns","slug":"three-taverns","types":["settlement"],"primaryType":"settlement","longitude":12.873889,"latitude":41.561944,"coordinateType":"point","verseCount":1,"identificationId":"m8996a4","geometryId":null}},{"type":"Feature","geometry":{"type":"Point","coordinates":[27.83655,38.92021]},"properties":{"id":"a94b661","name":"Thyatira","slug":"thyatira","types":["settlement"],"primaryType":"settlement","longitude":27.83655,"latitude":38.92021,"coordinateType":"point","verseCount":4,"identificationId":"m4e3e3e","geometryId":null}},{"type":"Feature","geometry":{"type":"Point","coordinates":[35.544167,32.773611]},"properties":{"id":"ac9adc9","name":"Tiberias","slug":"tiberias","types":["settlement"],"primaryType":"settlement","longitude":35.544167,"latitude":32.773611,"coordinateType":"point","verseCount":1,"identificationId":"mc8c3f1","geometryId":null}},{"type":"Feature","geometry":{"type":"Point","coordinates":[36.415556,34.363889]},"properties":{"id":"a7cdf52","name":"Tibhath","slug":"tibhath","types":["settlement","special"],"primaryType":"settlement","longitude":36.415556,"latitude":34.363889,"coordinateType":"representative point","verseCount":2,"identificationId":"mf37ea0","geometryId":"gbef0d0"}},{"type":"Feature","geometry":{"type":"Point","coordinates":[47.4421,31.0043]},"properties":{"id":"a38ebfd","name":"Tigris","slug":"tigris","types":["river"],"primaryType":"river","longitude":47.4421,"latitude":31.0043,"coordinateType":"representative point","verseCount":2,"identificationId":"mc49ef3","geometryId":"gb238a8"}},{"type":"Feature","geometry":{"type":"Point","coordinates":[34.910297,31.784831]},"properties":{"id":"a21f909","name":"Timnah 1","slug":"timnah-1","types":["settlement"],"primaryType":"settlement","longitude":34.910297,"latitude":31.784831,"coordinateType":"point","verseCount":9,"identificationId":"mc7f587","geometryId":null}},{"type":"Feature","geometry":{"type":"Point","coordinates":[35.133839,31.409448]},"properties":{"id":"ae3f164","name":"Timnah 2","slug":"timnah-2","types":["settlement"],"primaryType":"settlement","longitude":35.133839,"latitude":31.409448,"coordinateType":"center","verseCount":1,"identificationId":"a6845b1","geometryId":"g492b6c"}},{"type":"Feature","geometry":{"type":"Point","coordinates":[35.133839,31.409448]},"properties":{"id":"a17c178","name":"Timnah 3","slug":"timnah-3","types":["settlement"],"primaryType":"settlement","longitude":35.133839,"latitude":31.409448,"coordinateType":"center","verseCount":3,"identificationId":"ae3f164","geometryId":"g492b6c"}},{"type":"Feature","geometry":{"type":"Point","coordinates":[35.10729,32.00806]},"properties":{"id":"a6e6528","name":"Timnath-heres","slug":"timnath-heres","types":["settlement"],"primaryType":"settlement","longitude":35.10729,"latitude":32.00806,"coordinateType":"point","verseCount":3,"identificationId":"me233de","geometryId":null}},{"type":"Feature","geometry":{"type":"Point","coordinates":[38.16667,35.95]},"properties":{"id":"aab8f2d","name":"Tiphsah 1","slug":"tiphsah-1","types":["settlement"],"primaryType":"settlement","longitude":38.16667,"latitude":35.95,"coordinateType":"point","verseCount":1,"identificationId":"aa4fca2","geometryId":null}},{"type":"Feature","geometry":{"type":"Point","coordinates":[35.23007,32.10415]},"properties":{"id":"abf2443","name":"Tiphsah 2","slug":"tiphsah-2","types":["settlement"],"primaryType":"settlement","longitude":35.23007,"latitude":32.10415,"coordinateType":"point","verseCount":1,"identificationId":"a03be2e","geometryId":null}},{"type":"Feature","geometry":{"type":"Point","coordinates":[35.3378,32.2874]},"properties":{"id":"a80d317","name":"Tirzah","slug":"tirzah","types":["settlement"],"primaryType":"settlement","longitude":35.3378,"latitude":32.2874,"coordinateType":"point","verseCount":13,"identificationId":"ma594e8","geometryId":null}},{"type":"Feature","geometry":{"type":"Point","coordinates":[35.539722,33.028611]},"properties":{"id":"a4199a1","name":"Tishbe","slug":"tishbe","types":["settlement","special"],"primaryType":"settlement","longitude":35.539722,"latitude":33.028611,"coordinateType":"representative point","verseCount":4,"identificationId":"aac5280","geometryId":"gf4b73b"}},{"type":"Feature","geometry":{"type":"Point","coordinates":[32.3669,30.9352]},"properties":{"id":"aab527c","name":"Tjaru","slug":"tjaru","types":["settlement"],"primaryType":"settlement","longitude":32.3669,"latitude":30.9352,"coordinateType":"point","verseCount":0,"identificationId":"mff5782","geometryId":null}},{"type":"Feature","geometry":{"type":"Point","coordinates":[36.243889,32.563333]},"properties":{"id":"aaff3e1","name":"Tob","slug":"tob","types":["settlement"],"primaryType":"settlement","longitude":36.243889,"latitude":32.563333,"coordinateType":"point","verseCount":4,"identificationId":"m43153c","geometryId":null}},{"type":"Feature","geometry":{"type":"Point","coordinates":[34.8783,31.61593]},"properties":{"id":"a23a2e6","name":"Tochen","slug":"tochen","types":["settlement"],"primaryType":"settlement","longitude":34.8783,"latitude":31.61593,"coordinateType":"point","verseCount":1,"identificationId":"a82f7b4","geometryId":null}},{"type":"Feature","geometry":{"type":"Point","coordinates":[35.604167,30.8375]},"properties":{"id":"a7ecf6c","name":"Tophel","slug":"tophel","types":["settlement"],"primaryType":"settlement","longitude":35.604167,"latitude":30.8375,"coordinateType":"point","verseCount":1,"identificationId":"m2558cc","geometryId":null}},{"type":"Feature","geometry":{"type":"Point","coordinates":[35.228056,31.769167]},"properties":{"id":"ad81b79","name":"Topheth","slug":"topheth","types":["altar"],"primaryType":"altar","longitude":35.228056,"latitude":31.769167,"coordinateType":"representative point","verseCount":9,"identificationId":"a37c8e6","geometryId":"g35f425"}},{"type":"Feature","geometry":{"type":"Point","coordinates":[35.234303,31.780094]},"properties":{"id":"af58391","name":"Tower of Hananel","slug":"tower-of-hananel","types":["structure"],"primaryType":"structure","longitude":35.234303,"latitude":31.780094,"coordinateType":"point","verseCount":4,"identificationId":"mf569cb","geometryId":null}},{"type":"Feature","geometry":{"type":"Point","coordinates":[35.281944,32.213611]},"properties":{"id":"a939939","name":"Tower of Shechem","slug":"tower-of-shechem","types":["structure"],"primaryType":"structure","longitude":35.281944,"latitude":32.213611,"coordinateType":"settlement","verseCount":3,"identificationId":"adf74d4","geometryId":null}},{"type":"Feature","geometry":{"type":"Point","coordinates":[35.234303,31.780094]},"properties":{"id":"a50eea4","name":"Tower of the Hundred","slug":"tower-of-the-hundred","types":["structure"],"primaryType":"structure","longitude":35.234303,"latitude":31.780094,"coordinateType":"center","verseCount":2,"identificationId":"af58391","geometryId":"g464579"}},{"type":"Feature","geometry":{"type":"Point","coordinates":[35.234167,31.776667]},"properties":{"id":"a721f7f","name":"Tower of the Ovens","slug":"tower-of-the-ovens","types":["structure"],"primaryType":"structure","longitude":35.234167,"latitude":31.776667,"coordinateType":"settlement","verseCount":2,"identificationId":"a15257a","geometryId":null}},{"type":"Feature","geometry":{"type":"Point","coordinates":[36.455383,32.9695]},"properties":{"id":"a85a60a","name":"Trachonitis","slug":"trachonitis","types":["region"],"primaryType":"region","longitude":36.455383,"latitude":32.9695,"coordinateType":"representative point","verseCount":1,"identificationId":"m555d8f","geometryId":"gb23fb1"}},{"type":"Feature","geometry":{"type":"Point","coordinates":[26.158611,39.751944]},"properties":{"id":"a91c509","name":"Troas","slug":"troas","types":["settlement"],"primaryType":"settlement","longitude":26.158611,"latitude":39.751944,"coordinateType":"point","verseCount":6,"identificationId":"mf8cbc7","geometryId":null}},{"type":"Feature","geometry":{"type":"Point","coordinates":[27.003279,37.659431]},"properties":{"id":"a6f61d3","name":"Trogyllium","slug":"trogyllium","types":["promontory"],"primaryType":"promontory","longitude":27.003279,"latitude":37.659431,"coordinateType":"representative point","verseCount":1,"identificationId":"mbbc4a4","geometryId":"g8d00f0"}},{"type":"Feature","geometry":{"type":"Point","coordinates":[36.253611,37.295556]},"properties":{"id":"aaaaead","name":"Tubal","slug":"tubal","types":["region"],"primaryType":"region","longitude":36.253611,"latitude":37.295556,"coordinateType":"representative point","verseCount":5,"identificationId":"m97a528","geometryId":"g5e91ea"}},{"type":"Feature","geometry":{"type":"Point","coordinates":[35.196111,33.270833]},"properties":{"id":"a160272","name":"Tyre","slug":"tyre","types":["settlement"],"primaryType":"settlement","longitude":35.196111,"latitude":33.270833,"coordinateType":"point","verseCount":64,"identificationId":"m11c602","geometryId":null}},{"type":"Feature","geometry":{"type":"Point","coordinates":[48.147827,32.409975]},"properties":{"id":"a7a7549","name":"Ulai","slug":"ulai","types":["river"],"primaryType":"river","longitude":48.147827,"latitude":32.409975,"coordinateType":"representative point","verseCount":2,"identificationId":"md8bbce","geometryId":"g323198"}},{"type":"Feature","geometry":{"type":"Point","coordinates":[35.088333,32.921111]},"properties":{"id":"afa792e","name":"Ummah","slug":"ummah","types":["settlement"],"primaryType":"settlement","longitude":35.088333,"latitude":32.921111,"coordinateType":"point","verseCount":1,"identificationId":"a5f4dfc","geometryId":null}},{"type":"Feature","geometry":{"type":"Point","coordinates":[48.516247,34.8065]},"properties":{"id":"a72819f","name":"Umman Manda","slug":"umman-manda","types":["region"],"primaryType":"region","longitude":48.516247,"latitude":34.8065,"coordinateType":"representative point","verseCount":0,"identificationId":"ad2fadf","geometryId":"g64db35"}},{"type":"Feature","geometry":{"type":"Point","coordinates":[42.5,18.216667]},"properties":{"id":"af55829","name":"Uphaz","slug":"uphaz","types":["island","mine","region","settlement","special"],"primaryType":"region","longitude":42.5,"latitude":18.216667,"coordinateType":"representative point","verseCount":2,"identificationId":"a104820","geometryId":"gdd394c"}},{"type":"Feature","geometry":{"type":"Point","coordinates":[35.114167,31.885833]},"properties":{"id":"ab682e6","name":"Upper Beth-horon","slug":"upper-beth-horon","types":["settlement"],"primaryType":"settlement","longitude":35.114167,"latitude":31.885833,"coordinateType":"point","verseCount":3,"identificationId":"mdfba66","geometryId":null}},{"type":"Feature","geometry":{"type":"Point","coordinates":[35.01485,31.43209]},"properties":{"id":"a380434","name":"Upper Gulloth","slug":"upper-gulloth","types":["spring"],"primaryType":"spring","longitude":35.01485,"latitude":31.43209,"coordinateType":"center","verseCount":2,"identificationId":"aaa3eca","geometryId":"gb039d6"}},{"type":"Feature","geometry":{"type":"Point","coordinates":[35.234167,31.776667]},"properties":{"id":"a532b99","name":"Upper Pool","slug":"upper-pool","types":["pool"],"primaryType":"pool","longitude":35.234167,"latitude":31.776667,"coordinateType":"settlement","verseCount":3,"identificationId":"a15257a","geometryId":null}},{"type":"Feature","geometry":{"type":"Point","coordinates":[36.30639,33.511112]},"properties":{"id":"ade3503","name":"Upu","slug":"upu","types":["region"],"primaryType":"region","longitude":36.30639,"latitude":33.511112,"coordinateType":"representative point","verseCount":0,"identificationId":"a69c1d4","geometryId":"g9a278d"}},{"type":"Feature","geometry":{"type":"Point","coordinates":[47.869402,31.782302]},"properties":{"id":"abb1e21","name":"Uqnu","slug":"uqnu","types":["river"],"primaryType":"river","longitude":47.869402,"latitude":31.782302,"coordinateType":"representative point","verseCount":0,"identificationId":"mdff682","geometryId":"gcb86ef"}},{"type":"Feature","geometry":{"type":"Point","coordinates":[46.104444,30.962222]},"properties":{"id":"a6cf75c","name":"Ur 1","slug":"ur-1","types":["region","settlement"],"primaryType":"settlement","longitude":46.104444,"latitude":30.962222,"coordinateType":"point","verseCount":4,"identificationId":"aa01373","geometryId":null}},{"type":"Feature","geometry":{"type":"Point","coordinates":[46.104444,30.962222]},"properties":{"id":"aa01373","name":"Ur 2","slug":"ur-2","types":["settlement"],"primaryType":"settlement","longitude":46.104444,"latitude":30.962222,"coordinateType":"point","verseCount":0,"identificationId":"m297af3","geometryId":null}},{"type":"Feature","geometry":{"type":"Point","coordinates":[40.226,40.254639]},"properties":{"id":"a78592e","name":"Ura","slug":"ura","types":["settlement"],"primaryType":"settlement","longitude":40.226,"latitude":40.254639,"coordinateType":"center","verseCount":0,"identificationId":"m428846","geometryId":"g4ebf6d"}},{"type":"Feature","geometry":{"type":"Point","coordinates":[35.603919,30.745843]},"properties":{"id":"a324c4d","name":"Uz","slug":"uz","types":["region"],"primaryType":"region","longitude":35.603919,"latitude":30.745843,"coordinateType":"representative point","verseCount":3,"identificationId":"a2735ff","geometryId":"g7ad983"}},{"type":"Feature","geometry":{"type":"Point","coordinates":[44.2145,15.3551]},"properties":{"id":"a217cc5","name":"Uzal","slug":"uzal","types":["mountain","region","settlement","special"],"primaryType":"settlement","longitude":44.2145,"latitude":15.3551,"coordinateType":"point","verseCount":1,"identificationId":"m436462","geometryId":null}},{"type":"Feature","geometry":{"type":"Point","coordinates":[35.234167,31.776667]},"properties":{"id":"adfab55","name":"Uzza","slug":"uzza","types":["garden"],"primaryType":"garden","longitude":35.234167,"latitude":31.776667,"coordinateType":"settlement","verseCount":2,"identificationId":"a15257a","geometryId":null}},{"type":"Feature","geometry":{"type":"Point","coordinates":[35.083611,31.895]},"properties":{"id":"a57ea5f","name":"Uzzen-sheerah","slug":"uzzen-sheerah","types":["settlement"],"primaryType":"settlement","longitude":35.083611,"latitude":31.895,"coordinateType":"center","verseCount":1,"identificationId":"a094036","geometryId":"g2af633"}},{"type":"Feature","geometry":{"type":"Point","coordinates":[35.234167,31.776667]},"properties":{"id":"a81b7b1","name":"Valley Gate","slug":"valley-gate","types":["gate"],"primaryType":"gate","longitude":35.234167,"latitude":31.776667,"coordinateType":"settlement","verseCount":4,"identificationId":"a15257a","geometryId":null}},{"type":"Feature","geometry":{"type":"Point","coordinates":[35.38333,31.71667]},"properties":{"id":"a31492f","name":"Valley of Achor","slug":"valley-of-achor","types":["valley"],"primaryType":"valley","longitude":35.38333,"latitude":31.71667,"coordinateType":"representative point","verseCount":5,"identificationId":"m099496","geometryId":"g2d5fc3"}},{"type":"Feature","geometry":{"type":"Point","coordinates":[34.959444,31.8675]},"properties":{"id":"a2e6de9","name":"Valley of Aijalon","slug":"valley-of-aijalon","types":["valley"],"primaryType":"valley","longitude":34.959444,"latitude":31.8675,"coordinateType":"representative point","verseCount":1,"identificationId":"m3f93dc","geometryId":"g68cf68"}},{"type":"Feature","geometry":{"type":"Point","coordinates":[36.2044,34.007611]},"properties":{"id":"a0c71dc","name":"Valley of Aven","slug":"valley-of-aven","types":["valley"],"primaryType":"valley","longitude":36.2044,"latitude":34.007611,"coordinateType":"center","verseCount":1,"identificationId":"m6653cf","geometryId":"g1ba10b"}},{"type":"Feature","geometry":{"type":"Point","coordinates":[35.234167,31.776667]},"properties":{"id":"a1f363e","name":"Valley of Baca","slug":"valley-of-baca","types":["special","valley"],"primaryType":"valley","longitude":35.234167,"latitude":31.776667,"coordinateType":"center","verseCount":1,"identificationId":"a15257a","geometryId":"gc47388"}},{"type":"Feature","geometry":{"type":"Point","coordinates":[35.17164,31.60894]},"properties":{"id":"a71f834","name":"Valley of Beracah","slug":"valley-of-beracah","types":["valley"],"primaryType":"valley","longitude":35.17164,"latitude":31.60894,"coordinateType":"representative point","verseCount":1,"identificationId":"m14e1a5","geometryId":"g7f21f4"}},{"type":"Feature","geometry":{"type":"Point","coordinates":[35.24,31.780278]},"properties":{"id":"a49037e","name":"Valley of Decision","slug":"valley-of-decision","types":["valley"],"primaryType":"valley","longitude":35.24,"latitude":31.780278,"coordinateType":"representative point","verseCount":1,"identificationId":"a324282","geometryId":"gf811f0"}},{"type":"Feature","geometry":{"type":"Point","coordinates":[34.99802,31.67542]},"properties":{"id":"ab183f8","name":"Valley of Elah","slug":"valley-of-elah","types":["valley"],"primaryType":"valley","longitude":34.99802,"latitude":31.67542,"coordinateType":"representative point","verseCount":3,"identificationId":"ma86896","geometryId":"g69fcde"}},{"type":"Feature","geometry":{"type":"Point","coordinates":[35.10222,31.525087]},"properties":{"id":"a38ecff","name":"Valley of Eshcol","slug":"valley-of-eshcol","types":["valley"],"primaryType":"valley","longitude":35.10222,"latitude":31.525087,"coordinateType":"center","verseCount":4,"identificationId":"a85151a","geometryId":"gc7a8b3"}},{"type":"Feature","geometry":{"type":"Point","coordinates":[34.6065,31.3821]},"properties":{"id":"a816ed9","name":"Valley of Gerar","slug":"valley-of-gerar","types":["valley"],"primaryType":"valley","longitude":34.6065,"latitude":31.3821,"coordinateType":"center","verseCount":2,"identificationId":"a3f5814","geometryId":"g1548f9"}},{"type":"Feature","geometry":{"type":"Point","coordinates":[35.183351,31.847451]},"properties":{"id":"a8c579d","name":"Valley of Gibeon","slug":"valley-of-gibeon","types":["valley"],"primaryType":"valley","longitude":35.183351,"latitude":31.847451,"coordinateType":"representative point","verseCount":1,"identificationId":"aede336","geometryId":"gd63223"}},{"type":"Feature","geometry":{"type":"Point","coordinates":[35.7152,31.7539]},"properties":{"id":"a2109c3","name":"Valley of Hamon-gog","slug":"valley-of-hamon-gog","types":["special","valley"],"primaryType":"valley","longitude":35.7152,"latitude":31.7539,"coordinateType":"representative point","verseCount":2,"identificationId":"aa8275b","geometryId":"g3d49f6"}},{"type":"Feature","geometry":{"type":"Point","coordinates":[35.10222,31.525087]},"properties":{"id":"a375f5a","name":"Valley of Hebron","slug":"valley-of-hebron","types":["valley"],"primaryType":"valley","longitude":35.10222,"latitude":31.525087,"coordinateType":"representative point","verseCount":1,"identificationId":"a85151a","geometryId":"g929ef9"}},{"type":"Feature","geometry":{"type":"Point","coordinates":[35.228056,31.769167]},"properties":{"id":"a37c8e6","name":"Valley of Hinnom","slug":"valley-of-hinnom","types":["valley"],"primaryType":"valley","longitude":35.228056,"latitude":31.769167,"coordinateType":"representative point","verseCount":12,"identificationId":"m4ec2d3","geometryId":"g35f425"}},{"type":"Feature","geometry":{"type":"Point","coordinates":[35.143017,32.771216]},"properties":{"id":"a3e0180","name":"Valley of Iphtahel","slug":"valley-of-iphtahel","types":["valley"],"primaryType":"valley","longitude":35.143017,"latitude":32.771216,"coordinateType":"representative point","verseCount":2,"identificationId":"mf10467","geometryId":"g2231b0"}},{"type":"Feature","geometry":{"type":"Point","coordinates":[35.24,31.780278]},"properties":{"id":"a324282","name":"Valley of Jehoshaphat","slug":"valley-of-jehoshaphat","types":["valley"],"primaryType":"valley","longitude":35.24,"latitude":31.780278,"coordinateType":"representative point","verseCount":2,"identificationId":"mc620e5","geometryId":"gf811f0"}},{"type":"Feature","geometry":{"type":"Point","coordinates":[35.444564,31.871719]},"properties":{"id":"ac9a77c","name":"Valley of Jericho","slug":"valley-of-jericho","types":["valley"],"primaryType":"valley","longitude":35.444564,"latitude":31.871719,"coordinateType":"representative point","verseCount":1,"identificationId":"a231f80","geometryId":"g2f72cc"}},{"type":"Feature","geometry":{"type":"Point","coordinates":[35.241944,32.596389]},"properties":{"id":"aa516c2","name":"Valley of Jezreel","slug":"valley-of-jezreel","types":["valley"],"primaryType":"valley","longitude":35.241944,"latitude":32.596389,"coordinateType":"representative point","verseCount":5,"identificationId":"m2b7883","geometryId":"g1758b2"}},{"type":"Feature","geometry":{"type":"Point","coordinates":[36.145278,34.008889]},"properties":{"id":"ac2192b","name":"Valley of Lebanon","slug":"valley-of-lebanon","types":["valley"],"primaryType":"valley","longitude":36.145278,"latitude":34.008889,"coordinateType":"representative point","verseCount":2,"identificationId":"m43eab9","geometryId":"g803e7e"}},{"type":"Feature","geometry":{"type":"Point","coordinates":[35.85,33.4]},"properties":{"id":"ae32196","name":"Valley of Mizpeh","slug":"valley-of-mizpeh","types":["valley"],"primaryType":"valley","longitude":35.85,"latitude":33.4,"coordinateType":"center","verseCount":1,"identificationId":"aad0fa0","geometryId":"ge85699"}},{"type":"Feature","geometry":{"type":"Point","coordinates":[35.219122,31.763203]},"properties":{"id":"a7559e6","name":"Valley of Rephaim","slug":"valley-of-rephaim","types":["valley"],"primaryType":"valley","longitude":35.219122,"latitude":31.763203,"coordinateType":"representative point","verseCount":8,"identificationId":"ma24f3f","geometryId":"gccdbf2"}},{"type":"Feature","geometry":{"type":"Point","coordinates":[35.406271,31.050508]},"properties":{"id":"af936bd","name":"Valley of Salt","slug":"valley-of-salt","types":["special","valley"],"primaryType":"valley","longitude":35.406271,"latitude":31.050508,"coordinateType":"representative point","verseCount":5,"identificationId":"m3f98a9","geometryId":"g7d98c6"}},{"type":"Feature","geometry":{"type":"Point","coordinates":[35.235985,31.767198]},"properties":{"id":"a402ee4","name":"Valley of Shaveh","slug":"valley-of-shaveh","types":["valley"],"primaryType":"valley","longitude":35.235985,"latitude":31.767198,"coordinateType":"representative point","verseCount":1,"identificationId":"ac9f98d","geometryId":"g82affa"}},{"type":"Feature","geometry":{"type":"Point","coordinates":[35.44856,31.66715]},"properties":{"id":"a01769f","name":"Valley of Shittim","slug":"valley-of-shittim","types":["river","special"],"primaryType":"river","longitude":35.44856,"latitude":31.66715,"coordinateType":"representative point","verseCount":1,"identificationId":"m87e5dd","geometryId":"gb255fa"}},{"type":"Feature","geometry":{"type":"Point","coordinates":[35.449223,31.20849]},"properties":{"id":"a4a5cce","name":"Valley of Siddim","slug":"valley-of-siddim","types":["valley"],"primaryType":"valley","longitude":35.449223,"latitude":31.20849,"coordinateType":"representative point","verseCount":3,"identificationId":"m3edbe2","geometryId":"g9db00b"}},{"type":"Feature","geometry":{"type":"Point","coordinates":[35.05,31.755833]},"properties":{"id":"a339971","name":"Valley of Sorek","slug":"valley-of-sorek","types":["valley"],"primaryType":"valley","longitude":35.05,"latitude":31.755833,"coordinateType":"representative point","verseCount":1,"identificationId":"m845f5a","geometryId":"g7e82a5"}},{"type":"Feature","geometry":{"type":"Point","coordinates":[35.62118,32.1966]},"properties":{"id":"aa24fbf","name":"Valley of Succoth","slug":"valley-of-succoth","types":["valley"],"primaryType":"valley","longitude":35.62118,"latitude":32.1966,"coordinateType":"representative point","verseCount":2,"identificationId":"a0905b5","geometryId":"g00b3eb"}},{"type":"Feature","geometry":{"type":"Point","coordinates":[35.573333,31.465833]},"properties":{"id":"af4c2cd","name":"Valley of the Arnon","slug":"valley-of-the-arnon","types":["valley"],"primaryType":"valley","longitude":35.573333,"latitude":31.465833,"coordinateType":"representative point","verseCount":11,"identificationId":"a4cc324","geometryId":"ged46ab"}},{"type":"Feature","geometry":{"type":"Point","coordinates":[35.37942,31.83498]},"properties":{"id":"a7c5927","name":"Valley of Zeboim","slug":"valley-of-zeboim","types":["valley"],"primaryType":"valley","longitude":35.37942,"latitude":31.83498,"coordinateType":"representative point","verseCount":1,"identificationId":"mf71f00","geometryId":"g5e95d5"}},{"type":"Feature","geometry":{"type":"Point","coordinates":[34.953056,31.610556]},"properties":{"id":"a6bf8d4","name":"Valley of Zephathah","slug":"valley-of-zephathah","types":["special","valley"],"primaryType":"valley","longitude":34.953056,"latitude":31.610556,"coordinateType":"representative point","verseCount":1,"identificationId":"m54d17d","geometryId":"g23cd0f"}},{"type":"Feature","geometry":{"type":"Point","coordinates":[35.48533,31.02701]},"properties":{"id":"aaa2177","name":"Valley of Zered","slug":"valley-of-zered","types":["valley"],"primaryType":"valley","longitude":35.48533,"latitude":31.02701,"coordinateType":"representative point","verseCount":1,"identificationId":"ab5161f","geometryId":"gc495b5"}},{"type":"Feature","geometry":{"type":"Point","coordinates":[35.81749,31.665609]},"properties":{"id":"adec54b","name":"Waheb","slug":"waheb","types":["campsite"],"primaryType":"campsite","longitude":35.81749,"latitude":31.665609,"coordinateType":"center","verseCount":1,"identificationId":"a88bcb2","geometryId":"g8ca77c"}},{"type":"Feature","geometry":{"type":"Point","coordinates":[35.235985,31.767198]},"properties":{"id":"a84c559","name":"Washer’s Field","slug":"washers-field","types":["field"],"primaryType":"field","longitude":35.235985,"latitude":31.767198,"coordinateType":"center","verseCount":3,"identificationId":"af9cfc9","geometryId":"gf96069"}},{"type":"Feature","geometry":{"type":"Point","coordinates":[35.234167,31.776667]},"properties":{"id":"a0293ff","name":"Water Gate","slug":"water-gate","types":["gate"],"primaryType":"gate","longitude":35.234167,"latitude":31.776667,"coordinateType":"settlement","verseCount":5,"identificationId":"a15257a","geometryId":null}},{"type":"Feature","geometry":{"type":"Point","coordinates":[35.444761,31.870489]},"properties":{"id":"a70e38b","name":"Waters of Jericho","slug":"waters-of-jericho","types":["river","spring"],"primaryType":"spring","longitude":35.444761,"latitude":31.870489,"coordinateType":"point","verseCount":1,"identificationId":"m3f8658","geometryId":null}},{"type":"Feature","geometry":{"type":"Point","coordinates":[35.437778,32.978889]},"properties":{"id":"a6ee047","name":"Waters of Merom","slug":"waters-of-merom","types":["body of water","pool","spring","wadi"],"primaryType":"spring","longitude":35.437778,"latitude":32.978889,"coordinateType":"point","verseCount":2,"identificationId":"m1d647a","geometryId":null}},{"type":"Feature","geometry":{"type":"Point","coordinates":[35.234167,31.776667]},"properties":{"id":"a207807","name":"Way of Holiness","slug":"way-of-holiness","types":["road"],"primaryType":"road","longitude":35.234167,"latitude":31.776667,"coordinateType":"center","verseCount":1,"identificationId":"a15257a","geometryId":"g9518c8"}},{"type":"Feature","geometry":{"type":"Point","coordinates":[34.998333,29.727222]},"properties":{"id":"a55c970","name":"Way of the Red Sea","slug":"way-of-the-red-sea","types":["road"],"primaryType":"road","longitude":34.998333,"latitude":29.727222,"coordinateType":"representative point","verseCount":4,"identificationId":"m8eda70","geometryId":"gfc0b35"}},{"type":"Feature","geometry":{"type":"Point","coordinates":[35.234167,31.776667]},"properties":{"id":"a61d405","name":"West Gate","slug":"west-gate","types":["gate"],"primaryType":"gate","longitude":35.234167,"latitude":31.776667,"coordinateType":"settlement","verseCount":1,"identificationId":"a5d4629","geometryId":null}},{"type":"Feature","geometry":{"type":"Point","coordinates":[35.133839,31.409448]},"properties":{"id":"ae11a0d","name":"Wilderness of Maon","slug":"wilderness-of-maon","types":["region"],"primaryType":"region","longitude":35.133839,"latitude":31.409448,"coordinateType":"representative point","verseCount":2,"identificationId":"a6845b1","geometryId":"ga7e226"}},{"type":"Feature","geometry":{"type":"Point","coordinates":[33.973333,28.539722]},"properties":{"id":"ae50cf1","name":"Wilderness of Sinai","slug":"wilderness-of-sinai","types":["region"],"primaryType":"region","longitude":33.973333,"latitude":28.539722,"coordinateType":"center","verseCount":13,"identificationId":"abfba2a","geometryId":"g233cfa"}},{"type":"Feature","geometry":{"type":"Point","coordinates":[35.13514,31.47475]},"properties":{"id":"a50057d","name":"Wilderness of Ziph","slug":"wilderness-of-ziph","types":["region"],"primaryType":"region","longitude":35.13514,"latitude":31.47475,"coordinateType":"representative point","verseCount":3,"identificationId":"a9b852f","geometryId":"geafde0"}},{"type":"Feature","geometry":{"type":"Point","coordinates":[35.383333,31.45]},"properties":{"id":"adea7b0","name":"Wildgoats’ Rocks","slug":"wildgoats-rocks","types":["natural area"],"primaryType":"natural area","longitude":35.383333,"latitude":31.45,"coordinateType":"center","verseCount":1,"identificationId":"a51df0e","geometryId":"gd4f253"}},{"type":"Feature","geometry":{"type":"Point","coordinates":[35.416667,33.083333]},"properties":{"id":"a78b87e","name":"Yiron","slug":"yiron","types":["settlement"],"primaryType":"settlement","longitude":35.416667,"latitude":33.083333,"coordinateType":"point","verseCount":1,"identificationId":"mf00bed","geometryId":null}},{"type":"Feature","geometry":{"type":"Point","coordinates":[34.849167,31.565278]},"properties":{"id":"a4e7fa8","name":"Zaanan","slug":"zaanan","types":["settlement","special"],"primaryType":"settlement","longitude":34.849167,"latitude":31.565278,"coordinateType":"center","verseCount":1,"identificationId":"a5e1150","geometryId":"g7755b8"}},{"type":"Feature","geometry":{"type":"Point","coordinates":[35.41064,32.72113]},"properties":{"id":"a0c4f5e","name":"Zaanannim","slug":"zaanannim","types":["settlement"],"primaryType":"settlement","longitude":35.41064,"latitude":32.72113,"coordinateType":"point","verseCount":2,"identificationId":"m33ae26","geometryId":null}},{"type":"Feature","geometry":{"type":"Point","coordinates":[35.487657,31.036904]},"properties":{"id":"a74c453","name":"Zair","slug":"zair","types":["settlement"],"primaryType":"settlement","longitude":35.487657,"latitude":31.036904,"coordinateType":"point","verseCount":1,"identificationId":"aacfcda","geometryId":null}},{"type":"Feature","geometry":{"type":"Point","coordinates":[36.733333,32.666667]},"properties":{"id":"a93ed69","name":"Zalmon","slug":"zalmon","types":["mountain"],"primaryType":"mountain","longitude":36.733333,"latitude":32.666667,"coordinateType":"point","verseCount":1,"identificationId":"m1dc3a0","geometryId":null}},{"type":"Feature","geometry":{"type":"Point","coordinates":[35.37339,30.81217]},"properties":{"id":"a1c6a50","name":"Zalmonah","slug":"zalmonah","types":["campsite"],"primaryType":"campsite","longitude":35.37339,"latitude":30.81217,"coordinateType":"representative point","verseCount":2,"identificationId":"m76cfaf","geometryId":"g489d0b"}},{"type":"Feature","geometry":{"type":"Point","coordinates":[35.00129,31.71944]},"properties":{"id":"a28f432","name":"Zanoah 1","slug":"zanoah-1","types":["settlement"],"primaryType":"settlement","longitude":35.00129,"latitude":31.71944,"coordinateType":"point","verseCount":3,"identificationId":"ma12137","geometryId":null}},{"type":"Feature","geometry":{"type":"Point","coordinates":[35.053525,31.45015]},"properties":{"id":"afe28fe","name":"Zanoah 2","slug":"zanoah-2","types":["settlement"],"primaryType":"settlement","longitude":35.053525,"latitude":31.45015,"coordinateType":"point","verseCount":1,"identificationId":"m633a44","geometryId":null}},{"type":"Feature","geometry":{"type":"Point","coordinates":[35.577241,32.26769]},"properties":{"id":"ab49753","name":"Zaphon 1","slug":"zaphon-1","types":["settlement"],"primaryType":"settlement","longitude":35.577241,"latitude":32.26769,"coordinateType":"point","verseCount":2,"identificationId":"m99eed8","geometryId":null}},{"type":"Feature","geometry":{"type":"Point","coordinates":[35.969306,35.9525]},"properties":{"id":"a78e845","name":"Zaphon 2","slug":"zaphon-2","types":["mountain","special"],"primaryType":"mountain","longitude":35.969306,"latitude":35.9525,"coordinateType":"point","verseCount":3,"identificationId":"mbfa260","geometryId":null}},{"type":"Feature","geometry":{"type":"Point","coordinates":[35.295136,33.464227]},"properties":{"id":"a6fa2d3","name":"Zarephath","slug":"zarephath","types":["settlement"],"primaryType":"settlement","longitude":35.295136,"latitude":33.464227,"coordinateType":"point","verseCount":4,"identificationId":"m5d9754","geometryId":null}},{"type":"Feature","geometry":{"type":"Point","coordinates":[35.577241,32.26769]},"properties":{"id":"afa84ca","name":"Zarethan","slug":"zarethan","types":["settlement"],"primaryType":"settlement","longitude":35.577241,"latitude":32.26769,"coordinateType":"point","verseCount":3,"identificationId":"m99eed8","geometryId":null}},{"type":"Feature","geometry":{"type":"Point","coordinates":[35.449223,31.20849]},"properties":{"id":"abfbfb9","name":"Zeboiim","slug":"zeboiim","types":["settlement"],"primaryType":"settlement","longitude":35.449223,"latitude":31.20849,"coordinateType":"representative point","verseCount":5,"identificationId":"a4a5cce","geometryId":"g9db00b"}},{"type":"Feature","geometry":{"type":"Point","coordinates":[34.895503,32.002953]},"properties":{"id":"a7e3823","name":"Zeboim","slug":"zeboim","types":["settlement"],"primaryType":"settlement","longitude":34.895503,"latitude":32.002953,"coordinateType":"point","verseCount":1,"identificationId":"mb7e1e6","geometryId":null}},{"type":"Feature","geometry":{"type":"Point","coordinates":[36.924189,34.313456]},"properties":{"id":"aab92ca","name":"Zedad","slug":"zedad","types":["settlement"],"primaryType":"settlement","longitude":36.924189,"latitude":34.313456,"coordinateType":"point","verseCount":2,"identificationId":"m951680","geometryId":null}},{"type":"Feature","geometry":{"type":"Point","coordinates":[35.209636,31.802528]},"properties":{"id":"a597dd0","name":"Zela","slug":"zela","types":["settlement"],"primaryType":"settlement","longitude":35.209636,"latitude":31.802528,"coordinateType":"point","verseCount":2,"identificationId":"m934b82","geometryId":null}},{"type":"Feature","geometry":{"type":"Point","coordinates":[35.209636,31.802528]},"properties":{"id":"a44c89d","name":"Zelzah","slug":"zelzah","types":["settlement","special"],"primaryType":"settlement","longitude":35.209636,"latitude":31.802528,"coordinateType":"point","verseCount":1,"identificationId":"a597dd0","geometryId":null}},{"type":"Feature","geometry":{"type":"Point","coordinates":[35.2117,31.90879]},"properties":{"id":"a811a10","name":"Zemaraim","slug":"zemaraim","types":["settlement"],"primaryType":"settlement","longitude":35.2117,"latitude":31.90879,"coordinateType":"point","verseCount":1,"identificationId":"m857981","geometryId":null}},{"type":"Feature","geometry":{"type":"Point","coordinates":[34.849167,31.565278]},"properties":{"id":"a5e1150","name":"Zenan","slug":"zenan","types":["settlement"],"primaryType":"settlement","longitude":34.849167,"latitude":31.565278,"coordinateType":"center","verseCount":1,"identificationId":"a3cc590","geometryId":"g7755b8"}},{"type":"Feature","geometry":{"type":"Point","coordinates":[34.958277,31.212285]},"properties":{"id":"a6163e0","name":"Zephath","slug":"zephath","types":["settlement"],"primaryType":"settlement","longitude":34.958277,"latitude":31.212285,"coordinateType":"point","verseCount":1,"identificationId":"ada25df","geometryId":null}},{"type":"Feature","geometry":{"type":"Point","coordinates":[35.459722,32.799722]},"properties":{"id":"a061538","name":"Zer","slug":"zer","types":["settlement","special"],"primaryType":"settlement","longitude":35.459722,"latitude":32.799722,"coordinateType":"point","verseCount":1,"identificationId":"a6c2936","geometryId":null}},{"type":"Feature","geometry":{"type":"Point","coordinates":[35.48533,31.02701]},"properties":{"id":"ab5161f","name":"Zered","slug":"zered","types":["river"],"primaryType":"river","longitude":35.48533,"latitude":31.02701,"coordinateType":"representative point","verseCount":2,"identificationId":"mef067e","geometryId":"gc495b5"}},{"type":"Feature","geometry":{"type":"Point","coordinates":[35.09719,32.04638]},"properties":{"id":"a07ae2d","name":"Zeredah 1","slug":"zeredah-1","types":["settlement"],"primaryType":"settlement","longitude":35.09719,"latitude":32.04638,"coordinateType":"point","verseCount":1,"identificationId":"mb3789f","geometryId":null}},{"type":"Feature","geometry":{"type":"Point","coordinates":[35.577241,32.26769]},"properties":{"id":"a6dc035","name":"Zeredah 2","slug":"zeredah-2","types":["settlement"],"primaryType":"settlement","longitude":35.577241,"latitude":32.26769,"coordinateType":"point","verseCount":1,"identificationId":"afa84ca","geometryId":null}},{"type":"Feature","geometry":{"type":"Point","coordinates":[35.577241,32.26769]},"properties":{"id":"a0bccbd","name":"Zererah","slug":"zererah","types":["settlement"],"primaryType":"settlement","longitude":35.577241,"latitude":32.26769,"coordinateType":"point","verseCount":1,"identificationId":"a6dc035","geometryId":null}},{"type":"Feature","geometry":{"type":"Point","coordinates":[35.559306,31.597]},"properties":{"id":"a31a510","name":"Zereth-shahar","slug":"zereth-shahar","types":["settlement"],"primaryType":"settlement","longitude":35.559306,"latitude":31.597,"coordinateType":"point","verseCount":1,"identificationId":"me57a9a","geometryId":null}},{"type":"Feature","geometry":{"type":"Point","coordinates":[35.45382,32.80758]},"properties":{"id":"a8248e0","name":"Ziddim","slug":"ziddim","types":["settlement","special"],"primaryType":"settlement","longitude":35.45382,"latitude":32.80758,"coordinateType":"point","verseCount":1,"identificationId":"m192131","geometryId":null}},{"type":"Feature","geometry":{"type":"Point","coordinates":[34.6816,31.3912]},"properties":{"id":"a0ed7ff","name":"Ziklag","slug":"ziklag","types":["settlement"],"primaryType":"settlement","longitude":34.6816,"latitude":31.3912,"coordinateType":"point","verseCount":13,"identificationId":"m489f67","geometryId":null}},{"type":"Feature","geometry":{"type":"Point","coordinates":[48.25778,32.18922]},"properties":{"id":"a5bbf9c","name":"Zimri","slug":"zimri","types":["region","special"],"primaryType":"region","longitude":48.25778,"latitude":32.18922,"coordinateType":"center","verseCount":1,"identificationId":"a7e3a59","geometryId":"g074d43"}},{"type":"Feature","geometry":{"type":"Point","coordinates":[35.325,30.971]},"properties":{"id":"a0b5c50","name":"Zin 1","slug":"zin-1","types":["region"],"primaryType":"region","longitude":35.325,"latitude":30.971,"coordinateType":"representative point","verseCount":8,"identificationId":"m3ba5c8","geometryId":"g51b30d"}},{"type":"Feature","geometry":{"type":"Point","coordinates":[35.325,30.971]},"properties":{"id":"a190097","name":"Zin 2","slug":"zin-2","types":["region","settlement"],"primaryType":"region","longitude":35.325,"latitude":30.971,"coordinateType":"representative point","verseCount":2,"identificationId":"a0b5c50","geometryId":"g51b30d"}},{"type":"Feature","geometry":{"type":"Point","coordinates":[35.234167,31.776667]},"properties":{"id":"af20c46","name":"Zion","slug":"zion","types":["settlement"],"primaryType":"settlement","longitude":35.234167,"latitude":31.776667,"coordinateType":"point","verseCount":148,"identificationId":"a15257a","geometryId":null}},{"type":"Feature","geometry":{"type":"Point","coordinates":[35.10222,31.525087]},"properties":{"id":"ac2907d","name":"Zior","slug":"zior","types":["settlement"],"primaryType":"settlement","longitude":35.10222,"latitude":31.525087,"coordinateType":"center","verseCount":1,"identificationId":"a85151a","geometryId":"gfc935d"}},{"type":"Feature","geometry":{"type":"Point","coordinates":[35.13514,31.47475]},"properties":{"id":"a9b852f","name":"Ziph 1","slug":"ziph-1","types":["settlement"],"primaryType":"settlement","longitude":35.13514,"latitude":31.47475,"coordinateType":"point","verseCount":5,"identificationId":"m2baf82","geometryId":null}},{"type":"Feature","geometry":{"type":"Point","coordinates":[34.98188,30.99677]},"properties":{"id":"aab3ff0","name":"Ziph 2","slug":"ziph-2","types":["settlement"],"primaryType":"settlement","longitude":34.98188,"latitude":30.99677,"coordinateType":"point","verseCount":1,"identificationId":"m51dd81","geometryId":null}},{"type":"Feature","geometry":{"type":"Point","coordinates":[37.066667,34.266667]},"properties":{"id":"adf05b8","name":"Ziphron","slug":"ziphron","types":["settlement"],"primaryType":"settlement","longitude":37.066667,"latitude":34.266667,"coordinateType":"point","verseCount":1,"identificationId":"mf717ad","geometryId":null}},{"type":"Feature","geometry":{"type":"Point","coordinates":[35.38364,31.5607]},"properties":{"id":"a4446f1","name":"Ziz","slug":"ziz","types":["region","wadi"],"primaryType":"wadi","longitude":35.38364,"latitude":31.5607,"coordinateType":"representative point","verseCount":1,"identificationId":"me1eff3","geometryId":"gcd0324"}},{"type":"Feature","geometry":{"type":"Point","coordinates":[31.88,30.976944]},"properties":{"id":"ac31fee","name":"Zoan","slug":"zoan","types":["settlement"],"primaryType":"settlement","longitude":31.88,"latitude":30.976944,"coordinateType":"point","verseCount":7,"identificationId":"mc013b6","geometryId":null}},{"type":"Feature","geometry":{"type":"Point","coordinates":[35.487657,31.036904]},"properties":{"id":"aacfcda","name":"Zoar","slug":"zoar","types":["settlement"],"primaryType":"settlement","longitude":35.487657,"latitude":31.036904,"coordinateType":"point","verseCount":9,"identificationId":"m28cd4b","geometryId":null}},{"type":"Feature","geometry":{"type":"Point","coordinates":[36.150833,33.935278]},"properties":{"id":"a4aa78a","name":"Zobah","slug":"zobah","types":["region"],"primaryType":"region","longitude":36.150833,"latitude":33.935278,"coordinateType":"representative point","verseCount":14,"identificationId":"a14b9f1","geometryId":"gffb7d8"}},{"type":"Feature","geometry":{"type":"Point","coordinates":[35.73394,31.77107]},"properties":{"id":"ae7f7b5","name":"Zophim","slug":"zophim","types":["natural area","special"],"primaryType":"natural area","longitude":35.73394,"latitude":31.77107,"coordinateType":"point","verseCount":1,"identificationId":"m6924bf","geometryId":null}},{"type":"Feature","geometry":{"type":"Point","coordinates":[34.985289,31.773992]},"properties":{"id":"a08174b","name":"Zorah","slug":"zorah","types":["settlement"],"primaryType":"settlement","longitude":34.985289,"latitude":31.773992,"coordinateType":"point","verseCount":11,"identificationId":"m3c1506","geometryId":null}},{"type":"Feature","geometry":{"type":"Point","coordinates":[35.23161,31.85434]},"properties":{"id":"a4d0250","name":"Zuph","slug":"zuph","types":["region"],"primaryType":"region","longitude":35.23161,"latitude":31.85434,"coordinateType":"center","verseCount":1,"identificationId":"a54ef72","geometryId":"ga81f57"}}]}