{"type":"FeatureCollection","features":[{"type":"Feature","geometry":{"coordinates":[[36.239828,33.540154],[36.238717,33.539496],[36.238471,33.538942],[36.240016,33.537323],[36.239629,33.536518],[36.238986,33.535901],[36.239608,33.53405],[36.239243,33.533183],[36.240086,33.532524],[36.238944,33.530928],[36.239931,33.529497],[36.241142,33.528972],[36.241613,33.528492],[36.242639,33.528372],[36.244137,33.529984],[36.244703,33.530246],[36.246047,33.529322],[36.248883,33.528185],[36.250116,33.52617],[36.248721,33.524072],[36.248977,33.523181],[36.249698,33.522267],[36.251251,33.521477],[36.255016,33.520864],[36.257857,33.519641],[36.258507,33.518975],[36.25914,33.516744],[36.260056,33.516044],[36.260067,33.514843],[36.261269,33.513891],[36.262076,33.513869],[36.262762,33.514979],[36.26338,33.515014],[36.263827,33.514685],[36.263784,33.513998],[36.265011,33.514893],[36.265852,33.514585],[36.265844,33.515115],[36.266196,33.5152],[36.26659,33.515079],[36.267689,33.51354],[36.269903,33.514685],[36.274289,33.513905],[36.274667,33.513769],[36.275576,33.512669],[36.276494,33.512424],[36.279823,33.512946],[36.2934,33.513488],[36.295535,33.513365],[36.298196,33.512775],[36.301456,33.51281],[36.302394,33.513137],[36.303369,33.513062],[36.304876,33.51355],[36.306413,33.513651],[36.307434,33.514059],[36.309156,33.514014],[36.309207,33.514351],[36.310363,33.514312],[36.313105,33.515061],[36.314329,33.515032],[36.315666,33.514067],[36.316403,33.513858],[36.316987,33.514109],[36.317263,33.514984],[36.318076,33.515635],[36.319287,33.515404],[36.321084,33.514325],[36.321204,33.51381],[36.322972,33.512679],[36.324223,33.511032],[36.325095,33.510406],[36.325737,33.508015],[36.32691,33.507443],[36.329576,33.507885],[36.331075,33.507562],[36.332278,33.507722],[36.332903,33.507075],[36.337628,33.505273],[36.340467,33.502827],[36.341262,33.501632],[36.342725,33.501282],[36.345193,33.49964],[36.347647,33.499551],[36.350148,33.498667],[36.354537,33.498922],[36.355841,33.497816],[36.356946,33.497736],[36.357897,33.497095],[36.358899,33.497548],[36.359155,33.497183],[36.359815,33.497149],[36.360368,33.496714],[36.360698,33.496919],[36.362515,33.496819],[36.363186,33.496304],[36.363285,33.49517],[36.363717,33.494785]],"type":"LineString"},"properties":{"placeId":"aea17b7","name":"Abana","type":"river","landOrWater":"water","proposed":false,"role":"g3513e7.simplified"}},{"type":"Feature","geometry":{"coordinates":[[[[35.56354,31.56646],[35.56354,31.55548],[35.56354,31.5445],[35.5763,31.48961],[35.58906,31.47863],[35.60182,31.46765],[35.61458,31.45667],[35.67839,31.42373],[35.69115,31.42373],[35.85706,31.74211],[35.86982,31.77505],[35.86982,31.78603],[35.86982,31.79701],[35.85706,31.80798],[35.75496,31.81896],[35.7422,31.81896],[35.72944,31.81896],[35.71668,31.81896],[35.70392,31.81896],[35.69115,31.81896],[35.67839,31.81896],[35.61458,31.77505],[35.60182,31.76407],[35.58906,31.72016],[35.5763,31.65428],[35.56354,31.57743],[35.56354,31.56646]]],[[[35.65287,31.79701],[35.64011,31.78603],[35.62734,31.77505],[35.61458,31.76407],[35.60182,31.75309],[35.58906,31.72016],[35.5763,31.63233],[35.5763,31.62135],[35.62734,31.51156],[35.65287,31.50058],[35.66563,31.51156],[35.76772,31.61037],[35.85706,31.75309],[35.86982,31.78603],[35.86982,31.79701],[35.8443,31.80798],[35.75496,31.81896],[35.7422,31.81896],[35.72944,31.81896],[35.71668,31.81896],[35.70392,31.81896],[35.69115,31.81896],[35.67839,31.81896],[35.66563,31.80798],[35.65287,31.79701]]],[[[35.62734,31.73113],[35.61458,31.72016],[35.60182,31.6982],[35.58906,31.67624],[35.58906,31.66526],[35.58906,31.65428],[35.61458,31.61037],[35.62734,31.61037],[35.64011,31.61037],[35.65287,31.61037],[35.67839,31.61037],[35.69115,31.61037],[35.70392,31.61037],[35.71668,31.61037],[35.78049,31.78603],[35.76772,31.79701],[35.75496,31.79701],[35.62734,31.73113]]],[[[35.69115,31.73113],[35.66563,31.6982],[35.65287,31.67624],[35.64011,31.65428],[35.64011,31.64331],[35.64011,31.63233],[35.65287,31.63233],[35.66563,31.63233],[35.67839,31.64331],[35.71668,31.6982],[35.72944,31.72016],[35.72944,31.73113],[35.72944,31.74211],[35.71668,31.74211],[35.70392,31.74211],[35.69115,31.73113]]],[[[35.70392,31.73113],[35.69115,31.73113],[35.67839,31.65428],[35.67839,31.64331],[35.69115,31.66526],[35.70392,31.68722],[35.72944,31.73113],[35.71668,31.73113],[35.70392,31.73113]]]],"type":"MultiPolygon"},"properties":{"placeId":"aa8275b","name":"Abarim","type":"mountain range","landOrWater":"land","proposed":false,"role":"g3d49f6.isobands"}},{"type":"Feature","geometry":{"coordinates":[[[35.29,32.7406],[35.27324,32.73986],[35.25666,32.73765],[35.24044,32.73399],[35.22478,32.72892],[35.20983,32.7225],[35.19576,32.7148],[35.18273,32.7059],[35.17088,32.69591],[35.16033,32.68492],[35.15121,32.67307],[35.14362,32.66048],[35.13763,32.64729],[35.13331,32.63365],[35.13072,32.6197],[35.12986,32.6056],[35.13077,32.5915],[35.13341,32.57756],[35.13777,32.56392],[35.1438,32.55075],[35.15142,32.53817],[35.16056,32.52634],[35.17112,32.51538],[35.18297,32.50541],[35.19599,32.49653],[35.21004,32.48885],[35.22496,32.48245],[35.24059,32.47739],[35.25675,32.47375],[35.27329,32.47154],[35.29,32.4708],[35.30671,32.47154],[35.32325,32.47375],[35.33941,32.47739],[35.35504,32.48245],[35.36996,32.48885],[35.38401,32.49653],[35.39703,32.50541],[35.40888,32.51538],[35.41944,32.52634],[35.42858,32.53817],[35.4362,32.55075],[35.44223,32.56392],[35.44659,32.57756],[35.44923,32.5915],[35.45014,32.6056],[35.44928,32.6197],[35.44669,32.63365],[35.44237,32.64729],[35.43638,32.66048],[35.42879,32.67307],[35.41967,32.68492],[35.40912,32.69591],[35.39727,32.7059],[35.38424,32.7148],[35.37017,32.7225],[35.35522,32.72892],[35.33956,32.73399],[35.32334,32.73765],[35.30676,32.73986],[35.29,32.7406]]],"type":"Polygon"},"properties":{"placeId":"a549c0f","name":"Abiezer","type":"people group","landOrWater":"land","proposed":false,"role":"g6799b6.geometry"}},{"type":"Feature","geometry":{"coordinates":[[[[35.97523,33.58775],[35.97523,33.56881],[35.99793,33.49304],[36.02062,33.4741],[36.04332,33.4741],[36.06601,33.4741],[36.08871,33.4741],[36.1341,33.49304],[36.36105,33.62563],[36.45184,33.72033],[36.70149,34.13702],[36.72418,34.1749],[36.70149,34.19384],[36.6334,34.23172],[36.56531,34.2696],[36.51992,34.28854],[36.49723,34.2696],[36.47453,34.25066],[36.42914,34.19384],[36.22488,33.92867],[36.17949,33.87185],[36.1341,33.81503],[36.08871,33.75821],[35.97523,33.58775]]],[[[35.99793,33.60669],[35.99793,33.58775],[35.99793,33.56881],[36.02062,33.4741],[36.04332,33.4741],[36.06601,33.4741],[36.08871,33.4741],[36.27027,33.60669],[36.29297,33.62563],[36.31566,33.64457],[36.38375,33.72033],[36.47453,33.85291],[36.49723,33.89079],[36.47453,33.90973],[36.45184,33.92867],[36.42914,33.94761],[36.40645,33.96655],[36.38375,33.98549],[36.36105,34.00443],[36.33836,34.02337],[36.31566,34.04231],[36.27027,33.98549],[36.22488,33.92867],[36.1114,33.77715],[35.99793,33.60669]]],[[[36.02062,33.62563],[36.02062,33.60669],[36.02062,33.58775],[36.02062,33.56881],[36.04332,33.53093],[36.06601,33.49304],[36.08871,33.49304],[36.29297,33.62563],[36.31566,33.64457],[36.38375,33.72033],[36.40645,33.75821],[36.42914,33.79609],[36.42914,33.87185],[36.42914,33.89079],[36.42914,33.90973],[36.40645,33.92867],[36.38375,33.94761],[36.31566,33.90973],[36.08871,33.73927],[36.02062,33.62563]]],[[[36.1114,33.72033],[36.04332,33.64457],[36.04332,33.60669],[36.04332,33.58775],[36.04332,33.56881],[36.04332,33.54987],[36.08871,33.53093],[36.29297,33.62563],[36.36105,33.70139],[36.42914,33.79609],[36.40645,33.85291],[36.38375,33.87185],[36.33836,33.89079],[36.31566,33.89079],[36.29297,33.87185],[36.27027,33.85291],[36.24758,33.83397],[36.22488,33.81503],[36.20219,33.79609],[36.17949,33.77715],[36.1341,33.73927],[36.1114,33.72033]]],[[[36.06601,33.64457],[36.06601,33.62563],[36.06601,33.60669],[36.1341,33.58775],[36.1568,33.58775],[36.20219,33.60669],[36.24758,33.62563],[36.29297,33.64457],[36.33836,33.68245],[36.38375,33.73927],[36.40645,33.77715],[36.36105,33.85291],[36.33836,33.85291],[36.22488,33.79609],[36.1114,33.72033],[36.06601,33.64457]]],[[[36.06601,33.64457],[36.06601,33.62563],[36.06601,33.60669],[36.08871,33.60669],[36.1114,33.60669],[36.1341,33.60669],[36.1568,33.60669],[36.17949,33.60669],[36.24758,33.62563],[36.27027,33.64457],[36.31566,33.68245],[36.33836,33.70139],[36.36105,33.72033],[36.38375,33.73927],[36.33836,33.79609],[36.31566,33.79609],[36.29297,33.79609],[36.27027,33.79609],[36.24758,33.79609],[36.22488,33.77715],[36.20219,33.75821],[36.17949,33.73927],[36.1568,33.72033],[36.1341,33.70139],[36.1114,33.68245],[36.08871,33.66351],[36.06601,33.64457]]],[[[36.1114,33.68245],[36.06601,33.64457],[36.08871,33.62563],[36.1114,33.60669],[36.1341,33.60669],[36.1568,33.60669],[36.17949,33.60669],[36.33836,33.70139],[36.36105,33.72033],[36.31566,33.77715],[36.29297,33.77715],[36.27027,33.77715],[36.24758,33.77715],[36.20219,33.75821],[36.17949,33.73927],[36.1568,33.72033],[36.1341,33.70139],[36.1114,33.68245]]],[[[36.1341,33.70139],[36.08871,33.62563],[36.1568,33.60669],[36.20219,33.62563],[36.36105,33.72033],[36.29297,33.73927],[36.27027,33.73927],[36.24758,33.73927],[36.22488,33.73927],[36.20219,33.73927],[36.17949,33.73927],[36.1568,33.72033],[36.1341,33.70139]]],[[[36.1568,33.70139],[36.1341,33.64457],[36.1568,33.62563],[36.17949,33.62563],[36.20219,33.64457],[36.27027,33.72033],[36.24758,33.72033],[36.22488,33.72033],[36.20219,33.72033],[36.17949,33.72033],[36.1568,33.70139]]]],"type":"MultiPolygon"},"properties":{"placeId":"a498faa","name":"Abilene","type":"region","landOrWater":"land","proposed":false,"role":"ge72c1b.isobands"}},{"type":"Feature","geometry":{"coordinates":[[[19.193036,40.524494],[19.465886,39.638205],[20.205498,38.239651],[20.587262,37.733004],[21.557106,36.704092],[23.033584,35.974715],[25.207026,36.532457],[25.863498,36.940073],[25.655728,37.488102],[24.558979,39.405269],[23.010537,39.723406],[21.830035,39.713948],[21.108384,40.141021],[20.516028,40.134024],[19.193036,40.524494]]],"type":"Polygon"},"properties":{"placeId":"aef4242","name":"Achaia","type":"region","landOrWater":"land","proposed":false,"role":"g6b9f35.geometry"}},{"type":"Feature","geometry":{"coordinates":[[[[43.05808,34.00047],[40.85894,33.59109],[43.21516,31.54421],[43.37224,31.40775],[46.35679,30.45254],[46.82804,30.31608],[47.77052,30.72546],[48.87009,31.54421],[48.87009,31.68067],[48.87009,31.81713],[46.82804,34.00047],[46.67095,34.00047],[46.51387,34.00047],[46.35679,34.00047],[46.19971,34.00047],[46.04263,34.00047],[45.88555,34.00047],[45.72847,34.00047],[45.57138,34.00047],[45.4143,34.00047],[45.25722,34.00047],[45.10014,34.00047],[44.94306,34.00047],[44.78598,34.00047],[44.62889,34.00047],[44.47181,34.00047],[44.31473,34.00047],[44.15765,34.00047],[44.00057,34.00047],[43.84349,34.00047],[43.68641,34.00047],[43.52932,34.00047],[43.37224,34.00047],[43.21516,34.00047],[43.05808,34.00047]]],[[[43.21516,33.86401],[43.05808,33.86401],[42.74392,32.2265],[43.21516,31.54421],[44.00057,31.40775],[46.98512,30.99837],[47.1422,31.13483],[47.61344,31.54421],[47.61344,31.68067],[47.61344,31.81713],[46.82804,33.31817],[43.52932,33.86401],[43.37224,33.86401],[43.21516,33.86401]]],[[[43.21516,33.86401],[43.05808,33.59109],[43.21516,31.81713],[43.68641,31.54421],[45.10014,31.27129],[46.98512,31.13483],[47.1422,31.13483],[47.1422,31.54421],[47.1422,31.81713],[46.98512,32.2265],[46.51387,33.31817],[43.21516,33.86401]]],[[[43.52932,33.72755],[43.37224,33.72755],[43.21516,33.72755],[43.21516,32.2265],[43.21516,32.09004],[43.21516,31.95358],[43.37224,31.81713],[43.68641,31.54421],[46.98512,31.27129],[47.1422,31.54421],[46.82804,32.2265],[45.72847,33.18171],[45.4143,33.31817],[43.52932,33.72755]]],[[[46.82804,32.09004],[46.51387,32.36296],[46.04263,32.77234],[45.88555,32.9088],[45.57138,33.04525],[45.10014,33.18171],[44.62889,33.31817],[44.15765,33.45463],[44.00057,33.45463],[43.84349,33.45463],[43.68641,33.45463],[43.21516,32.09004],[43.37224,31.81713],[43.68641,31.68067],[44.31473,31.54421],[44.62889,31.54421],[44.78598,31.54421],[44.94306,31.54421],[45.57138,31.54421],[45.72847,31.54421],[45.88555,31.54421],[46.04263,31.54421],[46.19971,31.54421],[46.35679,31.54421],[46.51387,31.54421],[46.67095,31.54421],[46.82804,31.54421],[46.98512,31.54421],[46.98512,31.68067],[46.82804,32.09004]]],[[[45.88555,31.54421],[46.04263,31.54421],[46.19971,31.54421],[46.35679,31.54421],[46.51387,31.54421],[46.67095,31.54421],[46.82804,31.54421],[46.82804,31.68067],[46.82804,31.81713],[46.82804,31.95358],[46.67095,32.09004],[46.35679,32.36296],[46.04263,32.63588],[45.72847,32.9088],[44.94306,33.18171],[44.15765,33.45463],[44.00057,33.45463],[43.84349,33.45463],[43.68641,32.09004],[43.68641,31.95358],[43.68641,31.81713],[44.00057,31.68067],[44.62889,31.54421],[44.78598,31.54421],[45.88555,31.54421]]],[[[43.84349,32.09004],[43.68641,31.81713],[46.35679,31.54421],[46.51387,31.54421],[46.67095,31.54421],[46.82804,31.54421],[46.82804,31.81713],[46.67095,32.09004],[45.57138,32.9088],[45.25722,33.04525],[44.94306,33.18171],[44.78598,33.18171],[44.62889,33.04525],[43.84349,32.09004]]],[[[44.78598,33.04525],[44.00057,32.09004],[43.84349,31.81713],[46.51387,31.54421],[46.67095,31.54421],[46.82804,31.54421],[46.67095,32.09004],[44.94306,33.04525],[44.78598,33.04525]]],[[[44.15765,32.09004],[44.47181,31.81713],[46.67095,31.54421],[46.67095,31.68067],[46.67095,32.09004],[45.57138,32.36296],[45.4143,32.36296],[44.78598,32.2265],[44.15765,32.09004]]]],"type":"MultiPolygon"},"properties":{"placeId":"a95b373","name":"Addon","type":"settlement","landOrWater":"land","proposed":true,"role":"g523915.isobands"}},{"type":"Feature","geometry":{"coordinates":[[[35.408824,31.314783],[35.305248,30.924507],[35.479241,30.90329],[35.546828,31.303317],[35.408824,31.314783]]],"type":"Polygon"},"properties":{"placeId":"a41a054","name":"Admah","type":"settlement","landOrWater":"land","proposed":true,"role":"g9db00b.geometry"}},{"type":"Feature","geometry":{"coordinates":[[[19.30603,40.29128],[19.20783,40.48799],[19.47192,41.77633],[17.833,42.6943],[16.96658,42.99694],[17.46314,42.98107],[16.87671,43.38343],[15.98669,43.45777],[15.01841,44.25523],[14.37058,45.30435],[13.97353,44.68191],[13.74907,44.79191],[13.44388,45.53087],[13.63852,45.5924],[13.5982,45.74443],[12.45087,45.40288],[12.33548,45.23668],[12.61863,44.97624],[12.39826,44.72526],[12.32093,44.80284],[12.41746,44.26501],[13.69223,43.53379],[14.04338,42.70092],[14.28367,42.45812],[15.17313,41.96614],[16.16552,41.95687],[16.25359,41.71657],[15.96794,41.58707],[16.04649,41.47058],[18.08253,40.64393],[18.58547,40.10207],[18.41459,39.77178],[18.11591,39.81847],[17.85978,40.23262],[17.46505,40.26302],[17.1089,40.48137],[16.93752,40.4095],[16.5312,39.79487],[16.5668,39.66834],[16.8073,39.66323],[17.19271,39.39175],[17.15011,39.0961],[17.26383,39.04421],[17.11111,38.86983],[16.63412,38.80388],[16.61186,38.43036],[16.19878,38.1261],[16.12254,37.9252],[15.75693,37.89355],[15.62149,38.0047],[15.62954,38.22448],[15.12447,37.47897],[15.11321,37.31416],[15.30508,37.23223],[15.21734,37.18379],[15.3659,36.99656],[15.1622,36.8626],[15.14824,36.65527],[14.67243,35.88387],[24.00478,34.84021],[23.51045,35.27514],[23.5708,35.6386],[22.90777,36.16707],[22.95993,36.52403],[22.78135,36.78693],[22.58183,36.76377],[22.48915,36.37079],[22.14372,37.00852],[21.94786,36.97233],[21.98495,36.78749],[21.88161,36.70928],[21.70114,36.80136],[21.56392,37.06124],[21.63868,37.4501],[21.09098,37.83276],[21.35124,38.23168],[21.59793,38.15484],[21.8443,38.34427],[22.85054,37.95882],[23.16152,38.14835],[22.76295,38.21731],[22.66871,38.35897],[22.54634,38.27331],[22.4359,38.41728],[22.37406,38.31873],[21.95702,38.38206],[21.51843,38.28564],[21.36444,38.39167],[21.13005,38.28232],[20.97007,38.66301],[20.72694,38.79331],[20.76729,38.96048],[21.06633,38.89566],[21.09988,39.04203],[20.72292,38.94744],[20.21999,39.39644],[20.15823,39.62816],[19.9758,39.6832],[19.84057,40.01259],[19.30603,40.29128]]],"type":"Polygon"},"properties":{"placeId":"adc77fb","name":"Adriatic Sea","type":"body of water","landOrWater":"water","proposed":false,"role":"g283820.simplified"}},{"type":"Feature","geometry":{"coordinates":[[35.410118,31.838305],[35.409441,31.837944],[35.409001,31.837026],[35.408394,31.836535],[35.408068,31.83558],[35.408524,31.834549],[35.408036,31.833939],[35.407678,31.833663],[35.407397,31.83362],[35.406464,31.834033],[35.4062,31.834023],[35.40597,31.833872],[35.405242,31.832648],[35.404197,31.831575],[35.402708,31.831427],[35.402155,31.830953],[35.401126,31.830503],[35.401059,31.830326],[35.401607,31.829446],[35.401699,31.828851],[35.400423,31.827713],[35.399529,31.827743],[35.398504,31.827147],[35.397278,31.826886],[35.396819,31.826899],[35.396039,31.827186],[35.395612,31.827065],[35.395344,31.82671],[35.395134,31.825156],[35.394663,31.824794],[35.394541,31.824339],[35.393103,31.82439],[35.392168,31.823982],[35.390959,31.824396],[35.389332,31.825754],[35.38755,31.82602],[35.387,31.82631],[35.385665,31.826301],[35.384911,31.826205],[35.384455,31.825615],[35.384058,31.825498],[35.383683,31.82511],[35.38328,31.824954],[35.382345,31.825221],[35.381984,31.825203],[35.380806,31.824722],[35.379291,31.825209],[35.379011,31.825182],[35.378512,31.824403],[35.377847,31.823892],[35.377472,31.823775],[35.376934,31.824],[35.376357,31.824659],[35.375759,31.824972],[35.374994,31.8248],[35.373954,31.82422],[35.372535,31.824361],[35.37143,31.824888],[35.370931,31.825832],[35.370563,31.826144],[35.370273,31.826163],[35.36981,31.825498],[35.369465,31.825491],[35.368833,31.82465],[35.368309,31.824385],[35.368252,31.822966],[35.367672,31.82259],[35.367456,31.8221],[35.366844,31.821934],[35.366302,31.821312],[35.365297,31.820711],[35.364869,31.820566],[35.364111,31.820554],[35.36346,31.820097],[35.363389,31.819408],[35.36328,31.819318],[35.362632,31.819168],[35.361676,31.819267],[35.361033,31.81907],[35.360468,31.819335],[35.360041,31.819959],[35.360078,31.820892],[35.359246,31.8204],[35.358722,31.820495],[35.35819,31.821007],[35.356726,31.820919],[35.356344,31.820707],[35.35613,31.820106],[35.355775,31.819869],[35.355423,31.818661],[35.355056,31.818089],[35.354664,31.81754],[35.353974,31.81697],[35.353522,31.817039],[35.352545,31.816397],[35.350171,31.815896],[35.350177,31.815742],[35.349677,31.815423],[35.349396,31.815639],[35.349106,31.815666],[35.348961,31.815851],[35.346215,31.814942]],"type":"LineString"},"properties":{"placeId":"acf8790","name":"Adummim","type":"road","landOrWater":"land","proposed":false,"role":"g10d889.simplified"}},{"type":"Feature","geometry":{"coordinates":[[[44.42222,34.79163],[44.13617,34.779],[43.8535,34.74123],[43.57756,34.67879],[43.31159,34.5924],[43.05867,34.4831],[42.82172,34.35215],[42.60342,34.20111],[42.40621,34.03171],[42.23221,33.84593],[42.08327,33.64589],[41.9609,33.43387],[41.86628,33.21228],[41.80026,32.9836],[41.76334,32.75038],[41.75571,32.51519],[41.77721,32.28062],[41.82739,32.04921],[41.9055,31.82347],[42.0105,31.60581],[42.14108,31.39855],[42.29571,31.20388],[42.47263,31.02384],[42.66987,30.86033],[42.88528,30.71504],[43.11656,30.58948],[43.36128,30.48494],[43.61687,30.4025],[43.88071,30.343],[44.15008,30.30705],[44.42222,30.29503],[44.69437,30.30705],[44.96374,30.343],[45.22757,30.4025],[45.48317,30.48494],[45.72788,30.58948],[45.95916,30.71504],[46.17458,30.86033],[46.37181,31.02384],[46.54873,31.20388],[46.70336,31.39855],[46.83395,31.60581],[46.93894,31.82347],[47.01705,32.04921],[47.06723,32.28062],[47.08874,32.51519],[47.0811,32.75038],[47.04419,32.9836],[46.97816,33.21228],[46.88355,33.43387],[46.76118,33.64589],[46.61224,33.84593],[46.43824,34.03171],[46.24102,34.20111],[46.02272,34.35215],[45.78578,34.4831],[45.53286,34.5924],[45.26688,34.67879],[44.99094,34.74123],[44.70828,34.779],[44.42222,34.79163]]],"type":"Polygon"},"properties":{"placeId":"a6c3859","name":"Ahava","type":"canal","landOrWater":"water","proposed":true,"role":"g86cc5a.geometry"}},{"type":"Feature","geometry":{"coordinates":[[35.129549,30.902354],[35.129512,30.902508],[35.129556,30.902595],[35.129647,30.902661],[35.131343,30.903272],[35.131527,30.903382],[35.131418,30.903589],[35.13111,30.90413],[35.131089,30.904262],[35.131182,30.904643],[35.131238,30.904698],[35.131545,30.90476],[35.131572,30.904843],[35.13145,30.90491],[35.131147,30.904928],[35.130327,30.905036],[35.130259,30.905119],[35.130422,30.905203],[35.131062,30.905382],[35.13135,30.905504],[35.131884,30.905656],[35.131873,30.90576],[35.131693,30.90582],[35.13094,30.905983],[35.130869,30.906039],[35.130882,30.906104],[35.131006,30.906122],[35.131198,30.906122],[35.13203,30.906214],[35.132018,30.90632],[35.131755,30.906422],[35.13129,30.906554],[35.13123,30.906624],[35.131253,30.906705],[35.131561,30.906654],[35.132015,30.906677],[35.132275,30.906711],[35.132296,30.906815],[35.132147,30.906885],[35.131921,30.906913],[35.131646,30.906982],[35.131525,30.907062],[35.131472,30.907189],[35.13152,30.907312],[35.131648,30.907336],[35.131987,30.907232],[35.132287,30.907196],[35.132469,30.907195],[35.132565,30.907256],[35.132535,30.907353],[35.132083,30.907487],[35.132064,30.907554],[35.132205,30.907803],[35.132145,30.907983],[35.131867,30.908158],[35.131449,30.908373],[35.131362,30.908448],[35.131374,30.908547],[35.131472,30.908566],[35.132517,30.908512],[35.132581,30.908539],[35.132573,30.908645],[35.132241,30.908768],[35.131747,30.90905],[35.131719,30.909095],[35.131723,30.909146],[35.131757,30.909192],[35.131878,30.909198],[35.132098,30.90919],[35.132645,30.909167],[35.133416,30.909285],[35.133443,30.909397],[35.133248,30.909522],[35.132878,30.909644],[35.132403,30.910016],[35.132414,30.910131]],"type":"LineString"},"properties":{"placeId":"a39267b","name":"Akrabbim","type":"mountain pass","landOrWater":"land","proposed":true,"role":"g57870c.geometry"}},{"type":"Feature","geometry":{"coordinates":[[[35.24139,31.93177],[35.24028,31.93172],[35.23919,31.93157],[35.23811,31.93133],[35.23708,31.93099],[35.23609,31.93057],[35.23516,31.93005],[35.2343,31.92946],[35.23351,31.9288],[35.23282,31.92806],[35.23221,31.92727],[35.23171,31.92644],[35.23131,31.92556],[35.23102,31.92465],[35.23085,31.92372],[35.23079,31.92278],[35.23085,31.92184],[35.23103,31.92091],[35.23131,31.92],[35.23171,31.91912],[35.23221,31.91828],[35.23282,31.91749],[35.23352,31.91676],[35.2343,31.91609],[35.23516,31.9155],[35.23609,31.91499],[35.23708,31.91456],[35.23812,31.91422],[35.23919,31.91398],[35.24028,31.91383],[35.24139,31.91378],[35.2425,31.91383],[35.24359,31.91398],[35.24466,31.91422],[35.2457,31.91456],[35.24669,31.91499],[35.24762,31.9155],[35.24848,31.91609],[35.24926,31.91676],[35.24996,31.91749],[35.25056,31.91828],[35.25107,31.91912],[35.25147,31.92],[35.25175,31.92091],[35.25193,31.92184],[35.25198,31.92278],[35.25193,31.92372],[35.25175,31.92465],[35.25147,31.92556],[35.25107,31.92644],[35.25057,31.92727],[35.24996,31.92806],[35.24926,31.9288],[35.24848,31.92946],[35.24762,31.93005],[35.24669,31.93057],[35.2457,31.93099],[35.24466,31.93133],[35.24359,31.93157],[35.2425,31.93172],[35.24139,31.93177]]],"type":"Polygon"},"properties":{"placeId":"af9a894","name":"Allon-bacuth","type":"tree","landOrWater":"land","proposed":false,"role":"gd07014.geometry"}},{"type":"Feature","geometry":{"coordinates":[[33.765422,28.759852],[33.767295,28.768176],[33.767339,28.768558],[33.767493,28.770311],[33.767546,28.770735],[33.768147,28.772841],[33.768368,28.773509],[33.771428,28.781184],[33.771672,28.781906],[33.772651,28.785999],[33.772678,28.786168],[33.772882,28.788032],[33.772913,28.788212],[33.772995,28.788453],[33.77471,28.791906],[33.77471,28.792822],[33.774187,28.794884],[33.774612,28.7958],[33.774187,28.797117],[33.77337,28.797804],[33.770822,28.803416],[33.768698,28.809486],[33.767032,28.816013],[33.765627,28.821882],[33.764679,28.826347],[33.76432,28.82961],[33.76432,28.83253],[33.765006,28.837338],[33.765364,28.839998],[33.765757,28.84292],[33.766296,28.844954],[33.770639,28.852947],[33.771933,28.858229],[33.77191,28.860981],[33.772834,28.867921],[33.774022,28.870593],[33.775356,28.880123],[33.775787,28.883204],[33.776397,28.885419],[33.784772,28.915813],[33.785418,28.917333],[33.786382,28.918677],[33.788162,28.920879],[33.789714,28.922051]],"type":"LineString"},"properties":{"placeId":"a32397f","name":"Alush","type":"campsite","landOrWater":"land","proposed":false,"role":"g54a1c3.geometry"}},{"type":"Feature","geometry":{"coordinates":[[47.198778,33.292032],[47.231899,33.249278],[47.263607,33.252645],[47.274734,33.233707],[47.348964,33.221317],[47.355926,33.203029],[47.397982,33.202132],[47.436123,33.172741],[47.434816,33.154422],[47.472889,33.146725],[47.489937,33.113933],[47.522597,33.106048],[47.529325,33.08357],[47.549868,33.089763],[47.590314,33.047947],[47.815295,32.970814],[47.842553,32.936858],[47.868512,32.940146],[47.890052,32.912139],[47.932797,32.899218],[47.979273,32.842355],[48.003235,32.852601],[48.038436,32.827097],[48.055082,32.784264],[48.067326,32.788017],[48.051632,32.769592],[48.067672,32.761428],[48.062725,32.736579],[48.085568,32.71831],[48.063084,32.708362],[48.088062,32.689578],[47.967724,32.657513],[47.952688,32.634542],[47.988313,32.610863],[47.919994,32.600205],[47.929114,32.581492],[47.901209,32.56662],[47.940797,32.55991],[47.934391,32.533119],[47.953659,32.535045],[47.942131,32.515905],[47.987407,32.535749],[48.063054,32.496305],[48.12734,32.494539],[48.155586,32.454629],[48.144576,32.439611],[48.167641,32.259679],[48.225925,32.17857],[48.204733,32.131066],[48.225959,32.090094],[48.210492,32.081865],[48.224663,32.060269],[48.252322,32.057682],[48.232663,32.035819],[48.277628,32.000906],[48.235056,31.967606],[48.238657,31.945942],[48.260745,31.951329],[48.240561,31.935597],[48.264581,31.937087],[48.251075,31.887859],[48.309887,31.874425],[48.308019,31.861822],[48.354534,31.866492],[48.332095,31.848324],[48.39448,31.820734],[48.379884,31.816641],[48.391236,31.801997],[48.425089,31.809308],[48.411481,31.784164],[48.45157,31.787636],[48.453639,31.773212],[48.424749,31.777521],[48.479469,31.746654],[48.480852,31.714455],[48.520847,31.680378],[48.580955,31.65674],[48.566974,31.643595],[48.590325,31.620301],[48.548652,31.60284],[48.542003,31.579601],[48.464016,31.58298],[48.473834,31.559082],[48.443437,31.557136],[48.43413,31.533166],[48.462626,31.503732],[48.375405,31.460352],[48.381591,31.494862],[48.343686,31.477596],[48.284854,31.534123],[48.047837,31.658079],[48.02827,31.706766],[47.975851,31.740141],[47.900969,31.776066],[47.875575,31.779502],[47.865089,31.760415]],"type":"LineString"},"properties":{"placeId":"a8527ba","name":"Ama","type":"settlement","landOrWater":"land","proposed":false,"role":"gcb86ef.simplified"}},{"type":"Feature","geometry":{"coordinates":[[[35.02333,32.76243],[35.01215,32.76194],[35.0011,32.76046],[34.99029,32.75803],[34.97984,32.75465],[34.96987,32.75037],[34.96048,32.74524],[34.95179,32.73931],[34.94388,32.73265],[34.93685,32.72533],[34.93076,32.71743],[34.92569,32.70904],[34.92169,32.70025],[34.91881,32.69115],[34.91707,32.68186],[34.9165,32.67245],[34.91709,32.66305],[34.91885,32.65376],[34.92176,32.64467],[34.92577,32.63588],[34.93086,32.6275],[34.93695,32.61961],[34.94399,32.6123],[34.9519,32.60565],[34.96059,32.59973],[34.96996,32.59461],[34.97992,32.59034],[34.99035,32.58697],[35.00114,32.58453],[35.01218,32.58306],[35.02333,32.58257],[35.03449,32.58306],[35.04552,32.58453],[35.05632,32.58697],[35.06675,32.59034],[35.0767,32.59461],[35.08608,32.59973],[35.09477,32.60565],[35.10267,32.6123],[35.10971,32.61961],[35.11581,32.6275],[35.12089,32.63588],[35.12491,32.64467],[35.12781,32.65376],[35.12957,32.66305],[35.13017,32.67245],[35.1296,32.68186],[35.12786,32.69115],[35.12497,32.70025],[35.12097,32.70904],[35.1159,32.71743],[35.10982,32.72533],[35.10278,32.73265],[35.09487,32.73931],[35.08618,32.74524],[35.0768,32.75037],[35.06683,32.75465],[35.05638,32.75803],[35.04557,32.76046],[35.03451,32.76194],[35.02333,32.76243]]],"type":"Polygon"},"properties":{"placeId":"a2f1fa1","name":"Amad","type":"settlement","landOrWater":"land","proposed":true,"role":"g269a47.geometry"}},{"type":"Feature","geometry":{"coordinates":[[[[34.22449,30.80387],[34.35711,30.73536],[34.38364,30.73536],[34.51626,30.75819],[34.64888,30.78103],[35.02021,30.84954],[35.04673,30.87238],[35.07326,30.89521],[35.25892,31.16925],[34.96716,31.19208],[34.5693,31.14641],[34.30407,31.12358],[34.14492,31.0779],[34.17145,30.98656],[34.19797,30.89521],[34.22449,30.80387]]],[[[34.25102,31.0779],[34.17145,31.03223],[34.33059,30.8267],[34.43668,30.75819],[34.59583,30.78103],[35.04673,30.87238],[35.09978,31.03223],[35.07326,31.0779],[34.64888,31.14641],[34.35711,31.12358],[34.25102,31.0779]]],[[[34.30407,31.0779],[34.25102,31.03223],[34.46321,30.78103],[34.59583,30.80387],[34.6754,30.8267],[34.91411,30.91805],[34.96716,30.94088],[35.02021,30.96372],[35.02021,30.98656],[35.02021,31.00939],[35.02021,31.03223],[34.5693,31.12358],[34.43668,31.10074],[34.30407,31.0779]]],[[[34.5693,31.10074],[34.35711,31.0779],[34.46321,30.80387],[34.48973,30.80387],[34.62235,30.8267],[34.70192,30.84954],[34.96716,30.96372],[34.99368,30.98656],[34.99368,31.00939],[34.59583,31.10074],[34.5693,31.10074]]],[[[34.5693,31.10074],[34.54278,31.00939],[34.64888,30.84954],[34.6754,30.84954],[34.70192,30.84954],[34.94064,30.96372],[34.96716,31.00939],[34.59583,31.10074],[34.5693,31.10074]]],[[[34.64888,31.03223],[34.62235,31.03223],[34.64888,30.96372],[34.86107,30.94088],[34.91411,30.96372],[34.91411,30.98656],[34.64888,31.03223]]]],"type":"MultiPolygon"},"properties":{"placeId":"ab95484","name":"Amalek","type":"region","landOrWater":"land","proposed":false,"role":"g3ccc7b.isobands"}},{"type":"Feature","geometry":{"coordinates":[[[36.013654,33.621927],[36.036276,33.678289],[36.072821,33.735011],[36.029676,33.743231],[35.985055,33.634683],[36.013654,33.621927]]],"type":"Polygon"},"properties":{"placeId":"ab428de","name":"Amana","type":"mountain ridge","landOrWater":"land","proposed":true,"role":"g66ae51.geometry"}},{"type":"Feature","geometry":{"coordinates":[[47.198778,33.292032],[47.231899,33.249278],[47.263607,33.252645],[47.274734,33.233707],[47.348964,33.221317],[47.355926,33.203029],[47.397982,33.202132],[47.436123,33.172741],[47.434816,33.154422],[47.472889,33.146725],[47.489937,33.113933],[47.522597,33.106048],[47.529325,33.08357],[47.549868,33.089763],[47.590314,33.047947],[47.815295,32.970814],[47.842553,32.936858],[47.868512,32.940146],[47.890052,32.912139],[47.932797,32.899218],[47.979273,32.842355],[48.003235,32.852601],[48.038436,32.827097],[48.055082,32.784264],[48.067326,32.788017],[48.051632,32.769592],[48.067672,32.761428],[48.062725,32.736579],[48.085568,32.71831],[48.063084,32.708362],[48.088062,32.689578],[47.967724,32.657513],[47.952688,32.634542],[47.988313,32.610863],[47.919994,32.600205],[47.929114,32.581492],[47.901209,32.56662],[47.940797,32.55991],[47.934391,32.533119],[47.953659,32.535045],[47.942131,32.515905],[47.987407,32.535749],[48.063054,32.496305],[48.12734,32.494539],[48.155586,32.454629],[48.144576,32.439611],[48.167641,32.259679],[48.225925,32.17857],[48.204733,32.131066],[48.225959,32.090094],[48.210492,32.081865],[48.224663,32.060269],[48.252322,32.057682],[48.232663,32.035819],[48.277628,32.000906],[48.235056,31.967606],[48.238657,31.945942],[48.260745,31.951329],[48.240561,31.935597],[48.264581,31.937087],[48.251075,31.887859],[48.309887,31.874425],[48.308019,31.861822],[48.354534,31.866492],[48.332095,31.848324],[48.39448,31.820734],[48.379884,31.816641],[48.391236,31.801997],[48.425089,31.809308],[48.411481,31.784164],[48.45157,31.787636],[48.453639,31.773212],[48.424749,31.777521],[48.479469,31.746654],[48.480852,31.714455],[48.520847,31.680378],[48.580955,31.65674],[48.566974,31.643595],[48.590325,31.620301],[48.548652,31.60284],[48.542003,31.579601],[48.464016,31.58298],[48.473834,31.559082],[48.443437,31.557136],[48.43413,31.533166],[48.462626,31.503732],[48.375405,31.460352],[48.381591,31.494862],[48.343686,31.477596],[48.284854,31.534123],[48.047837,31.658079],[48.02827,31.706766],[47.975851,31.740141],[47.900969,31.776066],[47.875575,31.779502],[47.865089,31.760415]],"type":"LineString"},"properties":{"placeId":"adc3294","name":"Amate","type":"settlement","landOrWater":"land","proposed":false,"role":"gcb86ef.simplified"}},{"type":"Feature","geometry":{"coordinates":[[[38.216979,35.914263],[38.054795,36.099649],[38.185103,36.279519],[38.258127,36.435034],[38.246534,36.510609],[38.214163,36.649786],[38.035205,36.74756],[38.05373,36.932487],[37.563504,36.91613],[37.160494,36.102356],[38.216979,35.914263]]],"type":"Polygon"},"properties":{"placeId":"ac5cab3","name":"Amaw","type":"region","landOrWater":"land","proposed":true,"role":"g3750ec.geometry"}},{"type":"Feature","geometry":{"coordinates":[[[35.220887,31.869794],[35.209155,31.818554],[35.258554,31.798025],[35.34905,31.790308],[35.365188,31.830728],[35.331441,31.843328],[35.220887,31.869794]]],"type":"Polygon"},"properties":{"placeId":"a8e4a15","name":"Ammah","type":"hill","landOrWater":"land","proposed":true,"role":"g22aebc.geometry"}},{"type":"Feature","geometry":{"coordinates":[[[[36.06397,31.43971],[36.09927,31.43971],[36.8758,32.01488],[36.8758,32.04515],[36.8405,32.1057],[36.66402,32.19651],[36.24046,32.37815],[36.20516,32.37815],[36.16986,32.37815],[35.85219,32.37815],[35.7816,32.34787],[35.64041,32.01488],[35.64041,31.98461],[35.64041,31.95434],[35.64041,31.86352],[35.64041,31.83325],[35.7463,31.65162],[36.02868,31.43971],[36.06397,31.43971]]],[[[35.71101,31.95434],[35.71101,31.92407],[35.71101,31.89379],[35.71101,31.86352],[35.7463,31.83325],[36.02868,31.65162],[36.06397,31.65162],[36.09927,31.65162],[36.27575,31.65162],[36.48753,31.80298],[36.69931,32.01488],[36.69931,32.04515],[36.66402,32.13597],[36.20516,32.37815],[35.7816,32.22679],[35.71101,32.16624],[35.71101,32.13597],[35.71101,32.1057],[35.71101,32.07543],[35.71101,32.04515],[35.71101,32.01488],[35.71101,31.98461],[35.71101,31.95434]]],[[[35.71101,32.07543],[35.71101,32.04515],[35.71101,32.01488],[35.71101,31.86352],[35.85219,31.80298],[36.06397,31.71216],[36.09927,31.71216],[36.16986,31.71216],[36.20516,31.71216],[36.24046,31.71216],[36.27575,31.71216],[36.38164,31.77271],[36.41694,31.80298],[36.45224,31.83325],[36.48753,31.86352],[36.52283,31.89379],[36.55813,31.92407],[36.66402,32.04515],[36.66402,32.07543],[36.66402,32.1057],[36.34635,32.19651],[36.16986,32.22679],[36.13457,32.22679],[35.92279,32.19651],[35.85219,32.16624],[35.71101,32.07543]]],[[[35.7816,31.86352],[35.88749,31.80298],[36.09927,31.71216],[36.20516,31.71216],[36.24046,31.71216],[36.48753,31.86352],[36.62872,32.04515],[36.66402,32.1057],[36.34635,32.19651],[35.99338,32.19651],[35.95808,32.19651],[35.85219,32.16624],[35.7463,31.89379],[35.7816,31.86352]]],[[[35.7816,31.92407],[35.7816,31.89379],[35.7816,31.86352],[36.13457,31.74243],[36.27575,31.77271],[36.59342,32.01488],[36.55813,32.1057],[36.31105,32.16624],[35.99338,32.19651],[35.95808,32.19651],[35.85219,32.16624],[35.7816,31.92407]]],[[[35.99338,32.19651],[35.85219,32.16624],[35.8169,31.92407],[35.8169,31.89379],[35.92279,31.83325],[36.09927,31.77271],[36.13457,31.77271],[36.16986,31.77271],[36.38164,31.86352],[36.38164,31.89379],[36.38164,31.92407],[36.38164,31.98461],[36.38164,32.01488],[36.38164,32.04515],[36.38164,32.07543],[36.38164,32.1057],[36.38164,32.13597],[35.99338,32.19651]]],[[[36.13457,31.80298],[36.16986,31.80298],[36.27575,31.86352],[36.31105,31.89379],[36.38164,31.98461],[36.38164,32.04515],[36.38164,32.07543],[36.34635,32.1057],[36.31105,32.13597],[35.99338,32.16624],[35.95808,32.16624],[35.92279,32.16624],[35.88749,32.16624],[35.85219,32.16624],[35.85219,32.13597],[35.85219,32.07543],[35.85219,32.04515],[35.85219,32.01488],[35.85219,31.98461],[35.85219,31.95434],[35.85219,31.92407],[35.85219,31.89379],[35.95808,31.83325],[36.06397,31.80298],[36.13457,31.80298]]],[[[35.85219,31.92407],[35.99338,31.83325],[36.02868,31.83325],[36.06397,31.83325],[36.09927,31.83325],[36.20516,31.86352],[36.24046,31.89379],[36.27575,31.92407],[36.31105,31.95434],[36.38164,32.04515],[36.31105,32.13597],[35.95808,32.16624],[35.92279,32.16624],[35.88749,32.1057],[35.85219,32.04515],[35.85219,32.01488],[35.85219,31.98461],[35.85219,31.95434],[35.85219,31.92407]]],[[[35.85219,31.95434],[35.85219,31.92407],[35.99338,31.83325],[36.06397,31.83325],[36.20516,31.86352],[36.27575,31.92407],[36.34635,32.04515],[36.34635,32.07543],[36.09927,32.13597],[36.06397,32.13597],[36.02868,32.13597],[35.99338,32.13597],[35.95808,32.13597],[35.92279,32.1057],[35.88749,32.07543],[35.85219,32.04515],[35.85219,32.01488],[35.85219,31.98461],[35.85219,31.95434]]]],"type":"MultiPolygon"},"properties":{"placeId":"a6046fa","name":"Ammon","type":"region","landOrWater":"land","proposed":false,"role":"gadb142.isobands"}},{"type":"Feature","geometry":{"coordinates":[[[35.557543,32.719317],[35.480681,31.800096],[35.241313,30.667349],[35.133457,30.417043],[35.082195,30.013463],[34.914786,29.55601],[35.045156,29.52262],[35.224156,30.056781],[35.434371,30.507763],[35.571744,31.392845],[35.621406,32.190444],[35.623684,32.7139],[35.557543,32.719317]]],"type":"Polygon"},"properties":{"placeId":"a2bb5ef","name":"Arabah","type":"region","landOrWater":"land","proposed":false,"role":"g333df2.geometry"}},{"type":"Feature","geometry":{"coordinates":[[[46.552684,29.100273],[44.715219,29.196033],[42.085599,31.111658],[40.413254,31.948076],[39.200916,32.154338],[37.006171,31.50064],[37.997146,30.500661],[37.505505,30.000769],[36.784903,29.867901],[36.072812,29.183401],[34.957163,29.356106],[34.571034,28.096175],[35.222334,28.046521],[37.239083,25.190222],[37.155208,24.823834],[37.426918,24.369397],[38.463171,23.780694],[39.113265,22.526225],[38.93004,22.012118],[39.172439,21.779023],[39.190219,21.101647],[39.730523,20.391647],[40.75593,19.778557],[41.638534,17.997428],[42.318148,17.436428],[42.83138,16.190734],[42.677223,15.688416],[42.8103,15.280105],[42.598942,15.228503],[42.944571,14.923925],[43.468106,12.673867],[45.028142,12.750895],[45.662866,13.350703],[46.700724,13.429404],[47.977117,14.050316],[48.683285,14.04569],[49.347048,14.640919],[52.195361,15.609998],[52.150592,15.986543],[52.475232,16.431033],[54.048019,16.991036],[55.020497,17.000475],[55.426355,17.817317],[56.354085,17.920083],[56.790368,18.740697],[57.840664,18.999959],[57.676889,19.706838],[57.824284,20.201791],[58.180743,20.624268],[58.209048,20.397612],[58.520274,20.41603],[59.823822,22.292675],[59.797585,22.536882],[59.290457,22.764747],[58.753757,23.522954],[56.912798,24.144064],[56.375426,24.977273],[56.273845,25.706125],[56.52156,26.317879],[56.378704,26.388557],[56.415962,26.205003],[56.208245,26.253527],[55.345647,25.199515],[54.671877,24.814196],[54.514247,24.314448],[54.128036,24.328401],[54.016951,24.185152],[54.175433,24.188173],[53.803968,24.049843],[52.590281,24.214843],[52.242452,23.970315],[51.831482,23.986257],[51.597506,24.379798],[51.276815,24.294166],[51.504991,24.574401],[51.213623,24.620143],[51.369095,24.580011],[51.656581,25.029115],[51.474149,25.513766],[51.657861,25.926819],[51.264525,26.156949],[51.033925,26.043673],[50.969103,25.600658],[50.756803,25.504118],[50.769988,24.71877],[50.000305,25.989164],[50.240762,26.370728],[49.99452,26.744755],[50.159171,26.64698],[49.583662,27.092148],[49.487681,27.304013],[49.702123,27.300766],[49.48641,27.344645],[49.441679,27.081499],[49.122844,27.40608],[49.312348,27.424965],[49.221662,27.569714],[48.848542,27.603241],[48.101384,29.352594],[47.702785,29.359877],[48.188363,29.546838],[48.007887,29.986786],[47.189553,30.02835],[46.552684,29.100273]]],"type":"Polygon"},"properties":{"placeId":"a59f6f5","name":"Arabia 1","type":"region","landOrWater":"land","proposed":false,"role":"g9ace11.simplified"}},{"type":"Feature","geometry":{"coordinates":[[[35.67869,32.886973],[35.606632,32.710745],[35.714246,31.662156],[35.417346,31.106949],[34.145823,31.304886],[33.963807,31.190793],[32.603248,29.792763],[32.627683,29.577478],[33.162394,28.601735],[33.718229,27.994237],[34.208343,27.691752],[36.287499,27.764813],[35.801033,29.498242],[35.992932,31.359044],[36.626683,32.674062],[36.593026,32.894556],[36.192331,33.005057],[35.980068,32.908603],[35.67869,32.886973]]],"type":"Polygon"},"properties":{"placeId":"a0f4ea8","name":"Arabia 2","type":"region","landOrWater":"land","proposed":false,"role":"gc1086c.geometry"}},{"type":"Feature","geometry":{"coordinates":[[[[36.07666,32.1919],[36.40546,32.12227],[36.81647,32.47043],[36.89868,32.54006],[37.14528,32.88821],[37.8029,34.00232],[37.8851,34.21121],[37.8851,34.28084],[37.14528,34.69863],[37.06308,34.69863],[36.98088,34.69863],[35.99445,34.21121],[35.83005,33.86306],[35.74785,33.65416],[35.66565,33.44527],[35.58344,32.67932],[36.07666,32.1919]]],[[[35.99445,34.14158],[35.91225,34.00232],[35.74785,33.65416],[35.66565,33.44527],[35.58344,32.67932],[36.07666,32.1919],[36.15886,32.1919],[36.24106,32.1919],[36.32326,32.1919],[36.40546,32.1919],[36.89868,32.54006],[37.8851,34.21121],[37.8851,34.28084],[37.8029,34.28084],[37.72069,34.28084],[35.99445,34.14158]]],[[[35.66565,33.37564],[35.66565,33.09711],[35.66565,33.02748],[35.66565,32.95785],[35.66565,32.88821],[35.66565,32.81858],[35.66565,32.74895],[36.07666,32.1919],[36.15886,32.1919],[36.32326,32.26153],[36.48767,32.33116],[36.81647,32.60969],[36.89868,32.67932],[37.14528,33.5149],[37.14528,33.58453],[37.14528,33.65416],[37.14528,33.72379],[37.14528,33.79342],[36.89868,34.00232],[36.81647,34.00232],[36.73427,34.00232],[36.65207,34.00232],[36.56987,34.00232],[36.48767,34.00232],[36.15886,33.93269],[35.83005,33.72379],[35.74785,33.65416],[35.66565,33.37564]]],[[[36.24106,33.79342],[35.99445,33.72379],[35.83005,33.65416],[35.74785,33.58453],[35.66565,33.02748],[35.66565,32.95785],[35.66565,32.88821],[35.66565,32.81858],[35.66565,32.74895],[36.07666,32.1919],[36.15886,32.26153],[36.24106,32.33116],[36.32326,32.40079],[36.89868,33.09711],[36.98088,33.37564],[36.89868,33.72379],[36.48767,33.79342],[36.40546,33.79342],[36.32326,33.79342],[36.24106,33.79342]]],[[[36.15886,33.72379],[35.99445,33.65416],[35.91225,33.5149],[35.66565,32.88821],[35.74785,32.81858],[36.40546,32.74895],[36.48767,32.81858],[36.56987,32.88821],[36.65207,32.95785],[36.89868,33.23637],[36.89868,33.306],[36.89868,33.37564],[36.89868,33.44527],[36.89868,33.5149],[36.89868,33.58453],[36.48767,33.72379],[36.40546,33.72379],[36.32326,33.72379],[36.24106,33.72379],[36.15886,33.72379]]],[[[36.48767,33.65416],[36.40546,33.65416],[36.32326,33.65416],[36.24106,33.65416],[36.15886,33.65416],[36.07666,33.65416],[35.99445,33.5149],[35.74785,32.95785],[35.83005,32.95785],[35.91225,32.95785],[36.65207,33.23637],[36.81647,33.306],[36.89868,33.37564],[36.89868,33.44527],[36.48767,33.65416]]],[[[35.83005,33.09711],[35.83005,33.02748],[35.91225,32.95785],[36.73427,33.306],[36.73427,33.37564],[36.32326,33.65416],[36.24106,33.65416],[36.15886,33.58453],[36.07666,33.5149],[35.83005,33.09711]]],[[[36.07666,33.5149],[35.99445,33.23637],[35.99445,33.16674],[36.32326,33.37564],[36.40546,33.44527],[36.07666,33.5149]]]],"type":"MultiPolygon"},"properties":{"placeId":"a3e66cd","name":"Aram","type":"region","landOrWater":"land","proposed":false,"role":"g15edcb.isobands"}},{"type":"Feature","geometry":{"coordinates":[[[[38.8361,36.98387],[37.1642,36.45051],[38.10919,36.09493],[38.32726,36.03567],[39.78109,35.91715],[39.85378,35.91715],[39.92647,35.91715],[39.99917,35.91715],[40.5807,35.97641],[40.65339,36.03567],[40.65339,36.09493],[40.65339,36.1542],[40.65339,36.21346],[40.65339,36.27272],[40.65339,36.50977],[39.85378,36.92461],[39.41763,36.98387],[39.34494,36.98387],[39.27225,36.98387],[39.19956,36.98387],[39.12687,36.98387],[39.05418,36.98387],[38.98149,36.98387],[38.90879,36.98387],[38.8361,36.98387]]],[[[39.12687,36.80608],[39.05418,36.80608],[38.98149,36.80608],[38.90879,36.80608],[38.8361,36.80608],[38.0365,36.50977],[38.0365,36.45051],[38.0365,36.39124],[38.10919,36.09493],[38.32726,36.03567],[39.56302,35.97641],[39.63571,35.97641],[39.7084,35.97641],[39.78109,35.97641],[39.85378,35.97641],[39.92647,35.97641],[40.5807,36.03567],[40.5807,36.09493],[40.5807,36.1542],[40.5807,36.21346],[40.5807,36.27272],[40.5807,36.33198],[40.36262,36.50977],[39.78109,36.80608],[39.7084,36.80608],[39.63571,36.80608],[39.56302,36.80608],[39.49033,36.80608],[39.41763,36.80608],[39.34494,36.80608],[39.27225,36.80608],[39.19956,36.80608],[39.12687,36.80608]]],[[[38.25457,36.45051],[38.25457,36.39124],[38.25457,36.33198],[38.32726,36.09493],[38.39995,36.03567],[39.56302,35.97641],[39.63571,35.97641],[39.7084,35.97641],[39.78109,35.97641],[40.5807,36.03567],[40.5807,36.09493],[40.5807,36.1542],[40.36262,36.33198],[39.78109,36.56903],[39.41763,36.68756],[39.34494,36.68756],[39.27225,36.68756],[39.19956,36.68756],[39.12687,36.68756],[39.05418,36.68756],[38.98149,36.68756],[38.90879,36.68756],[38.8361,36.68756],[38.69072,36.68756],[38.47265,36.62829],[38.39995,36.56903],[38.25457,36.45051]]],[[[38.32726,36.1542],[38.32726,36.09493],[38.61803,36.03567],[38.69072,36.03567],[38.76341,36.03567],[38.8361,36.03567],[38.90879,36.03567],[38.98149,36.03567],[39.05418,36.03567],[39.12687,36.03567],[39.19956,36.03567],[39.27225,36.03567],[39.34494,36.03567],[39.41763,36.03567],[39.49033,36.03567],[39.56302,36.03567],[39.63571,36.03567],[39.7084,36.03567],[39.78109,36.03567],[39.85378,36.03567],[39.85378,36.09493],[39.85378,36.1542],[39.78109,36.50977],[39.19956,36.68756],[39.12687,36.68756],[39.05418,36.68756],[38.98149,36.68756],[38.54534,36.62829],[38.47265,36.56903],[38.39995,36.45051],[38.32726,36.33198],[38.32726,36.1542]]],[[[38.39995,36.45051],[38.39995,36.33198],[38.39995,36.27272],[38.39995,36.21346],[38.39995,36.1542],[38.39995,36.09493],[38.76341,36.03567],[38.8361,36.03567],[38.90879,36.03567],[38.98149,36.03567],[39.05418,36.03567],[39.12687,36.03567],[39.19956,36.03567],[39.27225,36.03567],[39.34494,36.03567],[39.41763,36.03567],[39.49033,36.03567],[39.56302,36.03567],[39.63571,36.03567],[39.7084,36.03567],[39.78109,36.03567],[39.78109,36.09493],[39.7084,36.33198],[39.63571,36.50977],[39.41763,36.56903],[38.8361,36.62829],[38.61803,36.62829],[38.54534,36.56903],[38.39995,36.45051]]],[[[38.39995,36.1542],[38.39995,36.09493],[39.19956,36.03567],[39.27225,36.03567],[39.34494,36.03567],[39.41763,36.03567],[39.49033,36.03567],[39.56302,36.03567],[39.63571,36.03567],[39.63571,36.09493],[39.63571,36.33198],[39.56302,36.50977],[39.19956,36.56903],[39.12687,36.56903],[39.05418,36.56903],[38.98149,36.56903],[38.90879,36.56903],[38.8361,36.56903],[38.76341,36.56903],[38.69072,36.56903],[38.61803,36.56903],[38.54534,36.50977],[38.47265,36.45051],[38.39995,36.33198],[38.39995,36.1542]]],[[[38.47265,36.45051],[38.39995,36.33198],[38.47265,36.1542],[38.61803,36.09493],[38.69072,36.09493],[38.76341,36.09493],[38.8361,36.09493],[38.90879,36.09493],[38.98149,36.09493],[39.56302,36.33198],[39.19956,36.50977],[38.8361,36.56903],[38.47265,36.45051]]],[[[38.69072,36.45051],[38.61803,36.45051],[38.61803,36.33198],[38.69072,36.33198],[38.76341,36.33198],[38.8361,36.33198],[38.90879,36.33198],[38.98149,36.33198],[39.05418,36.33198],[38.76341,36.45051],[38.69072,36.45051]]]],"type":"MultiPolygon"},"properties":{"placeId":"a3c7b44","name":"Aram-naharaim","type":"region","landOrWater":"land","proposed":false,"role":"g8c2014.isobands"}},{"type":"Feature","geometry":{"coordinates":[[[[46.50116,39.74713],[46.26525,39.93811],[46.02935,40.12909],[45.79344,40.32007],[45.55754,40.51104],[44.37802,41.08398],[44.14212,41.08398],[43.90621,41.08398],[43.67031,41.08398],[43.43441,41.08398],[39.42404,40.12909],[38.95224,39.36518],[38.71633,38.60127],[38.71633,38.41029],[39.18814,38.21931],[39.89585,38.02833],[44.61393,36.88247],[44.84983,36.88247],[45.08573,36.88247],[45.32164,36.88247],[45.55754,36.88247],[45.79344,36.88247],[46.26525,37.07345],[46.50116,37.4554],[47.20887,38.98322],[47.20887,39.1742],[46.73706,39.55616],[46.50116,39.74713]]],[[[38.95224,39.1742],[38.71633,38.60127],[40.36766,38.02833],[44.61393,37.07345],[45.55754,37.26442],[45.79344,37.64638],[46.50116,39.1742],[46.26525,39.93811],[46.02935,40.12909],[45.08573,40.70202],[43.90621,40.893],[43.67031,40.893],[43.43441,40.893],[43.1985,40.893],[42.25489,40.70202],[41.07537,40.32007],[39.18814,39.55616],[38.95224,39.1742]]],[[[39.18814,39.1742],[39.42404,38.79225],[40.36766,38.21931],[44.37802,37.26442],[44.61393,37.26442],[44.84983,37.26442],[45.32164,37.26442],[46.26525,38.98322],[46.26525,39.1742],[45.79344,39.36518],[45.32164,39.55616],[44.84983,39.74713],[44.37802,39.93811],[43.90621,40.12909],[43.1985,40.12909],[42.9626,40.12909],[42.01898,40.12909],[41.78308,40.12909],[39.18814,39.55616],[39.18814,39.36518],[39.18814,39.1742]]],[[[39.18814,39.1742],[39.65995,38.98322],[41.54718,38.21931],[43.43441,37.83736],[43.67031,37.83736],[44.84983,38.02833],[46.26525,38.98322],[46.26525,39.1742],[44.37802,39.93811],[44.14212,39.93811],[43.90621,39.93811],[43.67031,39.93811],[43.43441,39.93811],[43.1985,39.93811],[42.9626,39.93811],[42.7267,39.93811],[40.60356,39.74713],[39.65995,39.55616],[39.18814,39.1742]]],[[[39.65995,39.1742],[41.78308,38.21931],[43.1985,38.02833],[43.43441,38.02833],[43.67031,38.02833],[44.61393,38.02833],[44.84983,38.21931],[45.32164,38.60127],[45.32164,38.79225],[45.32164,38.98322],[45.32164,39.1742],[45.08573,39.55616],[44.37802,39.74713],[43.67031,39.93811],[41.07537,39.74713],[39.65995,39.1742]]],[[[40.60356,39.36518],[40.60356,39.1742],[40.60356,38.98322],[41.54718,38.79225],[42.01898,38.79225],[44.61393,38.79225],[44.84983,38.79225],[45.08573,38.79225],[45.32164,38.98322],[44.84983,39.55616],[43.43441,39.74713],[43.1985,39.74713],[42.9626,39.74713],[42.7267,39.74713],[42.49079,39.74713],[42.25489,39.74713],[42.01898,39.74713],[41.78308,39.74713],[41.54718,39.74713],[41.31127,39.74713],[41.07537,39.74713],[40.60356,39.36518]]],[[[41.54718,39.74713],[41.07537,39.55616],[41.07537,39.36518],[41.07537,39.1742],[41.07537,38.98322],[41.31127,38.98322],[41.54718,38.98322],[41.78308,38.98322],[42.01898,38.98322],[42.25489,38.98322],[44.14212,38.98322],[44.37802,38.98322],[44.61393,38.98322],[44.84983,38.98322],[45.08573,39.1742],[44.84983,39.36518],[44.37802,39.55616],[43.43441,39.74713],[43.1985,39.74713],[42.9626,39.74713],[42.7267,39.74713],[42.49079,39.74713],[42.25489,39.74713],[42.01898,39.74713],[41.78308,39.74713],[41.54718,39.74713]]],[[[41.07537,39.36518],[41.07537,39.1742],[41.07537,38.98322],[41.31127,38.98322],[41.54718,38.98322],[41.78308,38.98322],[42.01898,38.98322],[42.25489,38.98322],[44.14212,38.98322],[44.37802,38.98322],[44.61393,38.98322],[44.37802,39.36518],[43.67031,39.55616],[42.7267,39.74713],[42.01898,39.74713],[41.54718,39.55616],[41.07537,39.36518]]],[[[41.54718,39.36518],[41.54718,39.1742],[41.54718,38.98322],[41.78308,38.98322],[42.01898,38.98322],[42.25489,38.98322],[44.37802,39.1742],[44.37802,39.36518],[43.67031,39.55616],[43.43441,39.55616],[43.1985,39.55616],[42.9626,39.55616],[42.7267,39.55616],[42.49079,39.55616],[41.54718,39.36518]]]],"type":"MultiPolygon"},"properties":{"placeId":"ab89be9","name":"Ararat","type":"region","landOrWater":"land","proposed":false,"role":"g03ac48.isobands"}},{"type":"Feature","geometry":{"coordinates":[[[[35.80597,32.77971],[35.80597,32.75939],[35.92651,32.59686],[35.95061,32.59686],[35.97472,32.59686],[36.11937,32.6375],[36.16758,32.65781],[36.55331,32.84066],[36.55331,32.86097],[36.55331,32.88129],[36.55331,32.9016],[36.5292,33.00319],[36.50509,33.10477],[36.48098,33.18603],[36.09526,33.18603],[36.07115,33.18603],[36.04704,33.18603],[36.02294,33.18603],[35.99883,33.18603],[35.97472,33.18603],[35.95061,33.18603],[35.92651,33.18603],[35.9024,33.18603],[35.80597,32.77971]]],[[[35.85418,32.77971],[35.85418,32.75939],[35.99883,32.65781],[36.04704,32.6375],[36.09526,32.65781],[36.14348,32.67813],[36.23991,32.82034],[36.23991,32.84066],[36.11937,33.08445],[36.09526,33.08445],[36.07115,33.08445],[36.04704,33.08445],[36.02294,33.08445],[35.99883,33.08445],[35.97472,33.08445],[35.95061,33.08445],[35.92651,33.08445],[35.9024,33.08445],[35.85418,32.80002],[35.85418,32.77971]]],[[[35.92651,32.77971],[35.92651,32.75939],[35.99883,32.65781],[36.04704,32.65781],[36.07115,32.65781],[36.09526,32.65781],[36.14348,32.67813],[36.2158,32.82034],[36.11937,32.94224],[35.92651,32.92192],[35.92651,32.9016],[35.92651,32.88129],[35.92651,32.86097],[35.92651,32.84066],[35.92651,32.80002],[35.92651,32.77971]]],[[[35.99883,32.92192],[35.97472,32.92192],[35.95061,32.9016],[36.02294,32.69844],[36.04704,32.67813],[36.19169,32.82034],[36.11937,32.9016],[36.02294,32.92192],[35.99883,32.92192]]]],"type":"MultiPolygon"},"properties":{"placeId":"a42a5b2","name":"Argob","type":"region","landOrWater":"land","proposed":false,"role":"g8a8940.isobands"}},{"type":"Feature","geometry":{"coordinates":[[35.828903,31.421044],[35.824892,31.425322],[35.824776,31.43348],[35.820353,31.439742],[35.818416,31.444431],[35.813492,31.448852],[35.809152,31.448843],[35.807222,31.450152],[35.806443,31.452111],[35.802641,31.452879],[35.800892,31.454078],[35.800065,31.455813],[35.799025,31.456018],[35.795201,31.455309],[35.793762,31.452106],[35.792817,31.451486],[35.789206,31.453467],[35.786916,31.450117],[35.785829,31.449763],[35.776489,31.453735],[35.774102,31.453218],[35.773619,31.453927],[35.771871,31.454179],[35.76884,31.457341],[35.76604,31.456636],[35.763162,31.454817],[35.761099,31.456389],[35.75907,31.456696],[35.758122,31.45551],[35.75839,31.454229],[35.756999,31.453365],[35.754213,31.452978],[35.750649,31.45093],[35.745166,31.451557],[35.743112,31.452394],[35.741975,31.453685],[35.736694,31.455104],[35.727078,31.455053],[35.726273,31.454444],[35.725887,31.451877],[35.724629,31.451103],[35.717978,31.451543],[35.716578,31.450529],[35.713402,31.450548],[35.709279,31.448985],[35.705322,31.449179],[35.703982,31.448204],[35.703805,31.446552],[35.699505,31.442504],[35.694012,31.440615],[35.69237,31.441072],[35.688229,31.440033],[35.686619,31.438065],[35.683438,31.438193],[35.680421,31.43517],[35.677846,31.429446],[35.67654,31.428924],[35.674206,31.429369],[35.669891,31.434762],[35.667533,31.434545],[35.665494,31.43536],[35.663477,31.434842],[35.66263,31.437122],[35.656901,31.440308],[35.651085,31.440104],[35.648811,31.44569],[35.644541,31.444171],[35.640764,31.441223],[35.640035,31.442175],[35.637849,31.442511],[35.635893,31.445013],[35.633576,31.44428],[35.632635,31.445797],[35.628386,31.443262],[35.627739,31.443529],[35.627632,31.444811],[35.625433,31.444967],[35.624843,31.446175],[35.623512,31.44677],[35.621731,31.446551],[35.619718,31.44534],[35.616882,31.445992],[35.614589,31.444754],[35.614049,31.445571],[35.608503,31.447676],[35.603294,31.446728],[35.603299,31.448358],[35.599177,31.451021],[35.597119,31.453465],[35.593925,31.455794],[35.590881,31.454957],[35.588796,31.456208],[35.584945,31.456703],[35.583692,31.46081],[35.58205,31.461995],[35.581911,31.463134],[35.57911,31.46458],[35.577801,31.466196],[35.567929,31.467066],[35.56324,31.464308]],"type":"LineString"},"properties":{"placeId":"a4cc324","name":"Arnon","type":"river","landOrWater":"water","proposed":false,"role":"ged46ab.simplified"}},{"type":"Feature","geometry":{"coordinates":[[[32.151423,30.541025],[32.303059,30.537701],[32.269349,30.586511],[32.151363,30.588492],[32.151423,30.541025]]],"type":"Polygon"},"properties":{"placeId":"a6bd641","name":"Arsinoe","type":"settlement","landOrWater":"land","proposed":true,"role":"g33a68d.geometry"}},{"type":"Feature","geometry":{"coordinates":[[[28.779737,43.491759],[45.400689,42.110501],[47.493048,39.254488],[65.325765,38.05555],[66.208418,30.603057],[77.427709,29.616396],[72.028876,38.568414],[86.988563,46.638543],[63.812513,56.381175],[38.208046,53.231443],[25.728968,50.269871],[28.779737,43.491759]]],"type":"Polygon"},"properties":{"placeId":"aec9225","name":"Ashkenaz","type":"region","landOrWater":"land","proposed":false,"role":"gd33034.geometry"}},{"type":"Feature","geometry":{"coordinates":[[[[25.05731,39.98088],[24.13446,36.77976],[24.36517,36.59146],[26.90302,35.46165],[27.13373,35.46165],[27.36444,35.46165],[29.90228,37.15636],[32.20941,38.66277],[32.20941,38.85107],[32.20941,39.03937],[31.51728,39.98088],[28.05658,40.54578],[27.82587,40.54578],[27.59516,40.54578],[27.36444,40.54578],[25.28803,40.16918],[25.05731,39.98088]]],[[[25.98016,39.98088],[24.59589,37.90956],[24.36517,37.34466],[24.36517,37.15636],[24.36517,36.96806],[24.36517,36.77976],[24.36517,36.59146],[26.90302,35.46165],[27.13373,35.46165],[27.36444,35.46165],[29.90228,37.15636],[32.20941,38.66277],[32.20941,38.85107],[32.20941,39.03937],[31.28656,39.98088],[28.05658,40.54578],[27.82587,40.54578],[27.59516,40.54578],[27.36444,40.54578],[26.6723,40.35748],[25.98016,39.98088]]],[[[27.13373,35.46165],[27.36444,35.46165],[29.90228,37.15636],[32.20941,38.66277],[32.20941,38.85107],[32.20941,39.03937],[31.28656,39.79257],[28.05658,40.54578],[27.82587,40.54578],[27.59516,40.54578],[27.36444,40.54578],[26.6723,40.35748],[26.44159,40.16918],[26.21088,39.98088],[25.98016,39.79257],[25.74945,39.60427],[25.74945,39.41597],[25.74945,39.22767],[25.74945,39.03937],[25.74945,38.85107],[25.74945,38.66277],[25.74945,38.47447],[25.74945,38.28617],[25.98016,37.34466],[26.21088,36.59146],[26.90302,35.46165],[27.13373,35.46165]]],[[[27.59516,40.54578],[27.36444,40.54578],[26.6723,40.35748],[26.44159,40.16918],[26.21088,39.98088],[25.98016,39.79257],[25.74945,39.60427],[25.74945,39.41597],[25.74945,39.22767],[25.74945,39.03937],[25.74945,38.85107],[25.74945,38.66277],[25.74945,38.47447],[25.74945,38.28617],[25.98016,37.34466],[26.21088,36.59146],[26.90302,35.46165],[27.13373,35.46165],[27.36444,35.46165],[31.74799,38.47447],[31.9787,38.66277],[32.20941,38.85107],[32.20941,39.03937],[31.05585,39.79257],[30.36371,39.98088],[28.05658,40.54578],[27.82587,40.54578],[27.59516,40.54578]]],[[[27.13373,35.46165],[27.36444,35.46165],[31.9787,38.66277],[32.20941,38.85107],[32.20941,39.03937],[31.05585,39.79257],[28.05658,40.54578],[27.82587,40.54578],[27.59516,40.54578],[27.36444,40.54578],[26.6723,40.35748],[26.44159,40.16918],[26.21088,39.98088],[25.98016,39.79257],[25.74945,39.60427],[25.74945,39.41597],[25.74945,39.22767],[25.74945,39.03937],[25.74945,38.85107],[25.74945,38.66277],[25.74945,38.47447],[25.74945,38.28617],[25.98016,37.34466],[26.21088,36.59146],[26.90302,35.46165],[27.13373,35.46165]]],[[[27.59516,40.54578],[27.36444,40.54578],[26.6723,40.35748],[26.44159,40.16918],[26.21088,39.98088],[25.98016,39.79257],[25.74945,39.60427],[25.74945,39.41597],[25.74945,39.22767],[25.74945,39.03937],[25.74945,38.85107],[25.74945,38.66277],[25.74945,38.47447],[25.74945,38.28617],[25.98016,37.34466],[26.21088,36.59146],[26.90302,35.46165],[27.13373,35.46165],[27.36444,35.46165],[31.9787,38.66277],[32.20941,38.85107],[32.20941,39.03937],[30.82514,39.79257],[28.05658,40.54578],[27.82587,40.54578],[27.59516,40.54578]]],[[[27.59516,40.54578],[27.36444,40.54578],[26.6723,40.35748],[26.44159,40.16918],[26.21088,39.98088],[25.98016,39.79257],[25.74945,39.60427],[25.74945,39.41597],[25.74945,39.22767],[25.74945,39.03937],[25.74945,38.85107],[25.74945,38.66277],[25.74945,38.47447],[25.74945,38.28617],[25.98016,37.34466],[26.21088,36.59146],[26.90302,35.46165],[27.13373,35.46165],[27.36444,35.46165],[29.67157,37.15636],[31.51728,38.47447],[31.74799,38.66277],[31.9787,38.85107],[31.9787,39.03937],[30.82514,39.79257],[28.05658,40.54578],[27.82587,40.54578],[27.59516,40.54578]]],[[[25.74945,38.28617],[25.98016,37.34466],[26.21088,36.59146],[26.90302,35.46165],[27.13373,35.46165],[27.59516,35.64995],[31.74799,38.66277],[31.9787,38.85107],[31.74799,39.03937],[31.05585,39.60427],[30.82514,39.79257],[28.05658,40.54578],[27.82587,40.54578],[27.59516,40.54578],[27.36444,40.54578],[26.6723,40.35748],[26.44159,40.16918],[26.21088,39.98088],[25.98016,39.79257],[25.74945,39.60427],[25.74945,39.41597],[25.74945,39.22767],[25.74945,39.03937],[25.74945,38.85107],[25.74945,38.66277],[25.74945,38.47447],[25.74945,38.28617]]],[[[28.05658,36.59146],[28.51801,36.77976],[29.44086,37.15636],[29.67157,37.34466],[31.28656,38.66277],[31.51728,38.85107],[31.51728,39.03937],[31.05585,39.60427],[30.82514,39.79257],[28.05658,40.54578],[27.82587,40.54578],[27.59516,40.54578],[27.36444,40.54578],[26.6723,40.35748],[26.44159,40.16918],[26.21088,39.98088],[25.98016,39.79257],[25.74945,39.41597],[25.74945,39.22767],[25.74945,39.03937],[25.74945,38.85107],[25.74945,38.66277],[25.74945,38.47447],[25.98016,37.34466],[26.21088,36.59146],[26.44159,36.40315],[26.6723,36.40315],[26.90302,36.40315],[28.05658,36.59146]]]],"type":"MultiPolygon"},"properties":{"placeId":"a197f19","name":"Asia","type":"region","landOrWater":"land","proposed":false,"role":"g590ac2.isobands"}},{"type":"Feature","geometry":{"coordinates":[[[[39.14492,37.65352],[39.14492,37.51237],[39.48537,36.10092],[41.35782,34.97175],[41.52804,34.97175],[41.69827,34.97175],[41.86849,34.97175],[42.03871,34.97175],[42.20894,34.97175],[42.37916,34.97175],[42.54938,34.97175],[42.71961,34.97175],[42.88983,34.97175],[43.06005,34.97175],[43.23027,34.97175],[45.44317,35.39519],[47.31563,36.52435],[47.31563,36.6655],[47.1454,36.80665],[42.71961,38.07695],[41.86849,38.2181],[41.69827,38.2181],[41.52804,38.2181],[41.35782,38.2181],[41.1876,38.2181],[39.14492,37.65352]]],[[[39.82581,37.51237],[39.48537,36.38321],[39.48537,36.24206],[39.65559,36.10092],[42.20894,34.97175],[42.37916,34.97175],[42.54938,34.97175],[42.71961,34.97175],[42.88983,34.97175],[43.06005,34.97175],[45.44317,35.39519],[45.44317,35.53634],[45.44317,35.67748],[45.44317,35.81863],[45.27295,35.95977],[44.08139,36.94779],[42.37916,38.07695],[39.82581,37.51237]]],[[[40.33648,36.10092],[40.33648,35.95977],[41.01738,35.53634],[42.88983,34.97175],[45.44317,35.53634],[45.44317,35.67748],[45.27295,35.81863],[44.08139,36.80665],[43.91117,36.94779],[43.74094,37.08894],[42.37916,37.93581],[42.03871,37.79466],[40.33648,36.10092]]],[[[41.01738,35.67748],[41.35782,35.53634],[41.52804,35.53634],[41.69827,35.53634],[41.86849,35.53634],[42.03871,35.53634],[42.20894,35.53634],[42.37916,35.53634],[42.54938,35.53634],[42.71961,35.53634],[42.88983,35.53634],[43.74094,35.53634],[43.91117,35.53634],[44.08139,35.53634],[44.25161,35.53634],[44.42184,35.53634],[44.59206,35.53634],[44.76228,35.53634],[44.9325,35.53634],[45.10273,35.53634],[45.27295,35.53634],[45.27295,35.67748],[43.23027,37.08894],[42.88983,37.23008],[42.71961,37.23008],[40.67693,35.95977],[41.01738,35.67748]]],[[[41.69827,35.53634],[41.86849,35.53634],[42.03871,35.53634],[42.20894,35.53634],[42.37916,35.53634],[42.54938,35.53634],[42.71961,35.53634],[43.74094,35.53634],[43.91117,35.53634],[44.25161,35.53634],[44.42184,35.67748],[44.42184,35.81863],[44.42184,35.95977],[43.4005,36.94779],[43.06005,37.08894],[42.88983,37.08894],[41.01738,35.81863],[41.69827,35.53634]]],[[[43.74094,35.95977],[43.57072,35.95977],[43.4005,35.95977],[43.23027,35.95977],[43.06005,35.95977],[42.88983,35.95977],[42.71961,35.95977],[42.54938,35.95977],[42.37916,35.95977],[42.20894,35.95977],[42.03871,35.95977],[41.52804,35.81863],[41.69827,35.53634],[41.86849,35.53634],[42.03871,35.53634],[42.37916,35.53634],[42.54938,35.53634],[42.71961,35.53634],[44.42184,35.67748],[44.42184,35.95977],[44.25161,35.95977],[43.91117,35.95977],[43.74094,35.95977]]],[[[41.52804,35.81863],[41.86849,35.67748],[42.03871,35.67748],[42.20894,35.67748],[42.37916,35.67748],[42.54938,35.67748],[42.71961,35.67748],[42.88983,35.67748],[43.06005,35.67748],[43.23027,35.67748],[43.4005,35.67748],[43.57072,35.67748],[43.74094,35.67748],[43.91117,35.67748],[44.25161,35.67748],[43.91117,35.95977],[43.74094,35.95977],[43.57072,35.95977],[43.4005,35.95977],[43.23027,35.95977],[43.06005,35.95977],[42.88983,35.95977],[42.71961,35.95977],[42.54938,35.95977],[42.37916,35.95977],[41.52804,35.81863]]],[[[41.86849,35.81863],[42.37916,35.67748],[42.54938,35.67748],[42.71961,35.67748],[42.88983,35.67748],[43.74094,35.67748],[43.91117,35.67748],[43.91117,35.81863],[43.91117,35.95977],[43.74094,35.95977],[43.57072,35.95977],[43.4005,35.95977],[43.23027,35.95977],[43.06005,35.95977],[42.88983,35.95977],[42.71961,35.95977],[42.54938,35.95977],[41.86849,35.81863]]],[[[42.71961,35.95977],[42.37916,35.81863],[42.54938,35.67748],[42.71961,35.67748],[43.57072,35.81863],[43.91117,35.95977],[43.74094,35.95977],[43.57072,35.95977],[43.4005,35.95977],[43.23027,35.95977],[43.06005,35.95977],[42.88983,35.95977],[42.71961,35.95977]]]],"type":"MultiPolygon"},"properties":{"placeId":"a3d1321","name":"Assyria","type":"region","landOrWater":"land","proposed":false,"role":"g76b6c9.isobands"}},{"type":"Feature","geometry":{"coordinates":[[34.456929,30.680128],[34.713355,30.825565],[34.779822,30.878961],[34.796013,30.887642],[34.853051,30.907187],[34.904199,30.999411],[34.983053,31.100178],[35.015446,31.120564],[34.981024,31.167578],[35.024747,31.217932],[35.118084,31.259725]],"type":"LineString"},"properties":{"placeId":"a2c34ce","name":"Atharim","type":"road","landOrWater":"land","proposed":true,"role":"g6b776d.geometry"}},{"type":"Feature","geometry":{"coordinates":[[[35.20764,31.74927],[35.20211,31.74903],[35.19664,31.74829],[35.1913,31.74707],[35.18613,31.74538],[35.1812,31.74324],[35.17656,31.74068],[35.17226,31.73772],[35.16835,31.73439],[35.16487,31.73073],[35.16186,31.72678],[35.15935,31.72259],[35.15737,31.71819],[35.15594,31.71364],[35.15507,31.709],[35.15479,31.7043],[35.15508,31.69959],[35.15595,31.69495],[35.15738,31.6904],[35.15936,31.68601],[35.16188,31.68181],[35.16489,31.67787],[35.16837,31.67421],[35.17229,31.67088],[35.17658,31.66792],[35.18122,31.66536],[35.18615,31.66323],[35.19131,31.66154],[35.19666,31.66032],[35.20212,31.65959],[35.20764,31.65934],[35.21316,31.65959],[35.21862,31.66032],[35.22396,31.66154],[35.22913,31.66323],[35.23405,31.66536],[35.23869,31.66792],[35.24299,31.67088],[35.2469,31.67421],[35.25039,31.67787],[35.2534,31.68181],[35.25591,31.68601],[35.2579,31.6904],[35.25933,31.69495],[35.2602,31.69959],[35.26049,31.7043],[35.26021,31.709],[35.25934,31.71364],[35.25791,31.71819],[35.25593,31.72259],[35.25342,31.72678],[35.25041,31.73073],[35.24693,31.73439],[35.24302,31.73772],[35.23872,31.74068],[35.23408,31.74324],[35.22915,31.74538],[35.22398,31.74707],[35.21863,31.74829],[35.21317,31.74903],[35.20764,31.74927]]],"type":"Polygon"},"properties":{"placeId":"a03afe1","name":"Atroth-beth-joab","type":"settlement","landOrWater":"land","proposed":true,"role":"gdf3ad7.geometry"}},{"type":"Feature","geometry":{"coordinates":[[35.22802,31.762101],[35.229907,31.761387],[35.233482,31.759835],[35.235885,31.760527],[35.238273,31.762362],[35.239708,31.763115]],"type":"LineString"},"properties":{"placeId":"ad041dd","name":"Azal","type":"river","landOrWater":"water","proposed":true,"role":"ge97c25.geometry"}},{"type":"Feature","geometry":{"coordinates":[[[35.7385,31.78601],[35.73739,31.78596],[35.7363,31.78582],[35.73523,31.78557],[35.73419,31.78524],[35.73321,31.78481],[35.73228,31.7843],[35.73142,31.7837],[35.73064,31.78304],[35.72994,31.78231],[35.72934,31.78152],[35.72883,31.78068],[35.72844,31.7798],[35.72815,31.77889],[35.72798,31.77796],[35.72792,31.77702],[35.72798,31.77608],[35.72815,31.77515],[35.72844,31.77424],[35.72883,31.77336],[35.72934,31.77252],[35.72994,31.77173],[35.73064,31.771],[35.73142,31.77034],[35.73228,31.76975],[35.73321,31.76923],[35.7342,31.76881],[35.73523,31.76847],[35.7363,31.76822],[35.73739,31.76808],[35.7385,31.76803],[35.7396,31.76808],[35.7407,31.76822],[35.74177,31.76847],[35.7428,31.76881],[35.74379,31.76923],[35.74472,31.76975],[35.74558,31.77034],[35.74636,31.771],[35.74706,31.77173],[35.74766,31.77252],[35.74816,31.77336],[35.74856,31.77424],[35.74885,31.77515],[35.74902,31.77608],[35.74908,31.77702],[35.74902,31.77796],[35.74885,31.77889],[35.74856,31.7798],[35.74816,31.78068],[35.74766,31.78152],[35.74706,31.78231],[35.74636,31.78304],[35.74558,31.7837],[35.74472,31.7843],[35.74379,31.78481],[35.7428,31.78524],[35.74177,31.78557],[35.7407,31.78582],[35.7396,31.78596],[35.7385,31.78601]]],"type":"Polygon"},"properties":{"placeId":"a3d6e81","name":"Baal-peor","type":"mountain","landOrWater":"land","proposed":true,"role":"g8758d8.geometry"}},{"type":"Feature","geometry":{"coordinates":[[[[43.05808,34.00047],[40.85894,33.59109],[43.21516,31.54421],[43.37224,31.40775],[46.35679,30.45254],[46.82804,30.31608],[47.77052,30.72546],[48.87009,31.54421],[48.87009,31.68067],[48.87009,31.81713],[46.82804,34.00047],[46.67095,34.00047],[46.51387,34.00047],[46.35679,34.00047],[46.19971,34.00047],[46.04263,34.00047],[45.88555,34.00047],[45.72847,34.00047],[45.57138,34.00047],[45.4143,34.00047],[45.25722,34.00047],[45.10014,34.00047],[44.94306,34.00047],[44.78598,34.00047],[44.62889,34.00047],[44.47181,34.00047],[44.31473,34.00047],[44.15765,34.00047],[44.00057,34.00047],[43.84349,34.00047],[43.68641,34.00047],[43.52932,34.00047],[43.37224,34.00047],[43.21516,34.00047],[43.05808,34.00047]]],[[[43.21516,33.86401],[43.05808,33.86401],[42.74392,32.2265],[43.21516,31.54421],[44.00057,31.40775],[46.98512,30.99837],[47.1422,31.13483],[47.61344,31.54421],[47.61344,31.68067],[47.61344,31.81713],[46.82804,33.31817],[43.52932,33.86401],[43.37224,33.86401],[43.21516,33.86401]]],[[[43.21516,33.86401],[43.05808,33.59109],[43.21516,31.81713],[43.68641,31.54421],[45.10014,31.27129],[46.98512,31.13483],[47.1422,31.13483],[47.1422,31.54421],[47.1422,31.81713],[46.98512,32.2265],[46.51387,33.31817],[43.21516,33.86401]]],[[[43.52932,33.72755],[43.37224,33.72755],[43.21516,33.72755],[43.21516,32.2265],[43.21516,32.09004],[43.21516,31.95358],[43.37224,31.81713],[43.68641,31.54421],[46.98512,31.27129],[47.1422,31.54421],[46.82804,32.2265],[45.72847,33.18171],[45.4143,33.31817],[43.52932,33.72755]]],[[[46.82804,32.09004],[46.51387,32.36296],[46.04263,32.77234],[45.88555,32.9088],[45.57138,33.04525],[45.10014,33.18171],[44.62889,33.31817],[44.15765,33.45463],[44.00057,33.45463],[43.84349,33.45463],[43.68641,33.45463],[43.21516,32.09004],[43.37224,31.81713],[43.68641,31.68067],[44.31473,31.54421],[44.62889,31.54421],[44.78598,31.54421],[44.94306,31.54421],[45.57138,31.54421],[45.72847,31.54421],[45.88555,31.54421],[46.04263,31.54421],[46.19971,31.54421],[46.35679,31.54421],[46.51387,31.54421],[46.67095,31.54421],[46.82804,31.54421],[46.98512,31.54421],[46.98512,31.68067],[46.82804,32.09004]]],[[[45.88555,31.54421],[46.04263,31.54421],[46.19971,31.54421],[46.35679,31.54421],[46.51387,31.54421],[46.67095,31.54421],[46.82804,31.54421],[46.82804,31.68067],[46.82804,31.81713],[46.82804,31.95358],[46.67095,32.09004],[46.35679,32.36296],[46.04263,32.63588],[45.72847,32.9088],[44.94306,33.18171],[44.15765,33.45463],[44.00057,33.45463],[43.84349,33.45463],[43.68641,32.09004],[43.68641,31.95358],[43.68641,31.81713],[44.00057,31.68067],[44.62889,31.54421],[44.78598,31.54421],[45.88555,31.54421]]],[[[43.84349,32.09004],[43.68641,31.81713],[46.35679,31.54421],[46.51387,31.54421],[46.67095,31.54421],[46.82804,31.54421],[46.82804,31.81713],[46.67095,32.09004],[45.57138,32.9088],[45.25722,33.04525],[44.94306,33.18171],[44.78598,33.18171],[44.62889,33.04525],[43.84349,32.09004]]],[[[44.78598,33.04525],[44.00057,32.09004],[43.84349,31.81713],[46.51387,31.54421],[46.67095,31.54421],[46.82804,31.54421],[46.67095,32.09004],[44.94306,33.04525],[44.78598,33.04525]]],[[[44.15765,32.09004],[44.47181,31.81713],[46.67095,31.54421],[46.67095,31.68067],[46.67095,32.09004],[45.57138,32.36296],[45.4143,32.36296],[44.78598,32.2265],[44.15765,32.09004]]]],"type":"MultiPolygon"},"properties":{"placeId":"a8394b8","name":"Babylonia","type":"region","landOrWater":"land","proposed":false,"role":"g523915.isobands"}},{"type":"Feature","geometry":{"coordinates":[[[[35.7317,32.81586],[35.77035,32.78323],[35.92495,32.68535],[36.69795,32.42432],[36.7366,32.42432],[36.7366,32.45695],[36.7366,32.48957],[36.7366,32.5222],[36.7366,32.55483],[36.7366,32.58746],[36.7366,32.62009],[36.69795,32.84849],[36.6593,32.94638],[36.2728,33.33792],[35.92495,33.40318],[35.8863,33.40318],[35.84765,33.37055],[35.77035,33.27266],[35.7317,33.20741],[35.69305,32.94638],[35.7317,32.81586]]],[[[35.7317,33.10952],[35.7317,33.07689],[35.7317,33.04426],[35.7317,33.01163],[35.7317,32.97901],[35.7317,32.94638],[35.7317,32.88112],[35.7317,32.84849],[35.7317,32.81586],[35.84765,32.7506],[35.9636,32.68535],[36.69795,32.48957],[36.7366,32.48957],[36.7366,32.5222],[36.6593,32.91375],[36.582,33.01163],[36.54335,33.04426],[36.5047,33.07689],[36.46605,33.10952],[36.3501,33.20741],[36.31145,33.24004],[36.2728,33.27266],[36.23415,33.30529],[36.15685,33.33792],[36.1182,33.33792],[36.07955,33.33792],[36.0409,33.33792],[36.00225,33.33792],[35.9636,33.33792],[35.92495,33.33792],[35.8863,33.33792],[35.7317,33.10952]]],[[[35.809,32.84849],[35.84765,32.78323],[35.8863,32.7506],[35.9636,32.71798],[36.23415,32.62009],[36.54335,32.55483],[36.69795,32.5222],[36.69795,32.55483],[36.69795,32.58746],[36.69795,32.62009],[36.69795,32.65272],[36.69795,32.68535],[36.6593,32.88112],[36.62065,32.94638],[36.23415,33.30529],[36.1955,33.30529],[36.15685,33.30529],[35.92495,33.24004],[35.8863,33.20741],[35.84765,33.17478],[35.809,33.14215],[35.77035,33.10952],[35.7317,33.07689],[35.7317,33.01163],[35.809,32.84849]]],[[[35.77035,33.07689],[35.7317,33.01163],[35.84765,32.78323],[36.00225,32.71798],[36.1955,32.65272],[36.23415,32.65272],[36.2728,32.65272],[36.46605,32.88112],[36.46605,32.91375],[36.46605,32.94638],[36.38875,33.07689],[36.23415,33.14215],[36.1182,33.17478],[35.92495,33.20741],[35.8863,33.20741],[35.77035,33.07689]]],[[[35.9636,33.17478],[35.84765,33.10952],[35.809,33.07689],[35.77035,33.04426],[35.77035,32.97901],[35.84765,32.81586],[36.00225,32.71798],[36.23415,32.68535],[36.23415,33.04426],[36.23415,33.10952],[36.15685,33.14215],[35.9636,33.17478]]],[[[35.809,33.07689],[35.809,33.04426],[35.809,33.01163],[35.809,32.97901],[35.84765,32.81586],[36.15685,32.71798],[36.1955,32.91375],[36.1955,32.94638],[36.1955,33.04426],[36.15685,33.10952],[36.00225,33.14215],[35.9636,33.14215],[35.84765,33.10952],[35.809,33.07689]]],[[[35.84765,33.01163],[35.84765,32.97901],[35.84765,32.94638],[35.8863,32.88112],[35.92495,32.88112],[36.07955,32.88112],[36.1182,32.88112],[36.15685,32.91375],[36.15685,32.94638],[36.1182,33.07689],[36.07955,33.10952],[36.0409,33.10952],[36.00225,33.10952],[35.84765,33.07689],[35.84765,33.04426],[35.84765,33.01163]]],[[[35.84765,32.94638],[35.8863,32.88112],[35.92495,32.88112],[36.07955,32.88112],[36.15685,32.91375],[36.07955,33.07689],[36.0409,33.07689],[36.00225,33.07689],[35.9636,33.07689],[35.8863,33.04426],[35.84765,32.97901],[35.84765,32.94638]]],[[[35.92495,33.04426],[35.84765,32.97901],[35.8863,32.91375],[35.92495,32.91375],[36.1182,32.91375],[36.07955,33.04426],[36.00225,33.04426],[35.9636,33.04426],[35.92495,33.04426]]]],"type":"MultiPolygon"},"properties":{"placeId":"aa7a40a","name":"Bashan","type":"region","landOrWater":"land","proposed":false,"role":"g76bdaf.isobands"}},{"type":"Feature","geometry":{"coordinates":[[[[36.00631,32.74467],[36.06465,32.72829],[36.27859,32.8102],[36.29804,32.84296],[36.31748,32.92487],[36.35638,33.15422],[36.35638,33.1706],[36.35638,33.18698],[36.33693,33.18698],[36.31748,33.18698],[36.29804,33.18698],[36.27859,33.18698],[35.96741,33.1706],[35.87017,33.10507],[35.83127,32.82658],[35.88962,32.79382],[36.00631,32.74467]]],[[[35.85072,32.85935],[35.85072,32.84296],[35.85072,32.82658],[36.02576,32.76105],[36.04521,32.76105],[36.06465,32.76105],[36.27859,32.84296],[36.29804,32.92487],[36.33693,33.18698],[35.98686,33.1706],[35.88962,33.03955],[35.85072,32.85935]]],[[[35.90907,32.85935],[35.92851,32.82658],[36.04521,32.79382],[36.06465,32.79382],[36.0841,32.79382],[36.123,32.8102],[36.23969,32.87573],[36.29804,33.12146],[36.29804,33.13784],[36.29804,33.15422],[36.27859,33.1706],[36.14245,33.13784],[36.06465,33.10507],[36.02576,33.08869],[35.88962,33.02316],[35.90907,32.85935]]],[[[35.92851,32.94126],[35.92851,32.92487],[35.94796,32.90849],[36.06465,32.8102],[36.0841,32.8102],[36.10355,32.8102],[36.23969,32.87573],[36.25914,33.10507],[36.1619,33.13784],[36.123,33.12146],[36.10355,33.10507],[36.0841,33.08869],[36.06465,33.07231],[35.92851,32.94126]]],[[[36.02576,33.02316],[35.94796,32.94126],[35.94796,32.92487],[35.96741,32.90849],[36.0841,32.82658],[36.10355,32.82658],[36.20079,32.87573],[36.22024,32.9904],[36.22024,33.00678],[36.20079,33.02316],[36.18134,33.02316],[36.1619,33.02316],[36.10355,33.02316],[36.0841,33.02316],[36.02576,33.02316]]],[[[36.04521,32.9904],[35.96741,32.94126],[36.0841,32.82658],[36.10355,32.82658],[36.1619,32.87573],[36.20079,32.97402],[36.20079,32.9904],[36.1619,33.00678],[36.14245,33.00678],[36.04521,32.9904]]],[[[36.14245,32.9904],[35.98686,32.94126],[36.00631,32.92487],[36.123,32.87573],[36.14245,32.87573],[36.14245,32.9904]]]],"type":"MultiPolygon"},"properties":{"placeId":"a249453","name":"Batanea","type":"region","landOrWater":"land","proposed":false,"role":"g3e5460.isobands"}},{"type":"Feature","geometry":{"coordinates":[[36.015866,31.685188],[36.010807,31.683679],[36.008903,31.681908],[36.010062,31.671467],[36.012937,31.669787],[36.014949,31.665208],[36.013956,31.663783],[36.01181,31.663377],[36.012524,31.661623],[36.012175,31.657016],[36.010104,31.655783],[36.008291,31.650701],[36.007224,31.651386],[36.003909,31.650514],[35.999445,31.651751],[35.99488,31.650171],[35.995669,31.649116],[35.997005,31.649381],[35.998855,31.64792],[36.003002,31.646874],[36.003892,31.644938],[36.003753,31.642476],[36.000899,31.639325],[35.997348,31.639626],[35.995009,31.637096],[35.99281,31.638083],[35.990385,31.635288],[35.988497,31.629186],[35.98192,31.627861],[35.981995,31.624791],[35.985493,31.621475],[35.98693,31.617656],[35.980418,31.61487],[35.97235,31.615427],[35.970086,31.610064],[35.962544,31.608145],[35.957737,31.605257],[35.95734,31.60067],[35.958531,31.596458],[35.962136,31.589],[35.962576,31.584604],[35.964464,31.583069],[35.965934,31.578755],[35.963166,31.574651],[35.961739,31.574249],[35.956943,31.576589],[35.951589,31.576973],[35.952394,31.581808],[35.94556,31.582639],[35.944819,31.583425],[35.944819,31.586944],[35.943199,31.588205],[35.938715,31.586423],[35.937052,31.581387],[35.934434,31.579888],[35.931441,31.579879],[35.929971,31.580766],[35.925604,31.587282],[35.925304,31.589686],[35.924166,31.590024],[35.920969,31.590179],[35.91917,31.589256],[35.918368,31.587566],[35.919344,31.583727],[35.915254,31.582655],[35.91111,31.585052],[35.912757,31.589556],[35.91042,31.591734],[35.905231,31.588858],[35.90184,31.589679],[35.900452,31.587947],[35.897705,31.586997],[35.895601,31.578695],[35.896127,31.575652],[35.893053,31.571767],[35.890698,31.570236],[35.888933,31.570734],[35.883917,31.576122],[35.879991,31.575574],[35.876772,31.577206],[35.871107,31.582808],[35.867754,31.581433],[35.866579,31.580076],[35.869256,31.577608],[35.868312,31.575537],[35.87063,31.574025],[35.873124,31.570154],[35.873398,31.569244],[35.872314,31.56876],[35.865453,31.569034],[35.865233,31.572293],[35.861194,31.573814],[35.857685,31.570414],[35.853737,31.570158],[35.848753,31.56636],[35.846243,31.566287],[35.845814,31.568188],[35.850905,31.572622],[35.851076,31.574779],[35.849837,31.576639],[35.846543,31.576136],[35.839178,31.570921],[35.83442,31.57322],[35.828589,31.572334],[35.823028,31.573361]],"type":"LineString"},"properties":{"placeId":"a656cb6","name":"Beer 1","type":"campsite","landOrWater":"land","proposed":true,"role":"g579797.simplified"}},{"type":"Feature","geometry":{"coordinates":[[36.015866,31.685188],[36.010807,31.683679],[36.008903,31.681908],[36.010062,31.671467],[36.012937,31.669787],[36.014949,31.665208],[36.013956,31.663783],[36.01181,31.663377],[36.012524,31.661623],[36.012175,31.657016],[36.010104,31.655783],[36.008291,31.650701],[36.007224,31.651386],[36.003909,31.650514],[35.999445,31.651751],[35.99488,31.650171],[35.995669,31.649116],[35.997005,31.649381],[35.998855,31.64792],[36.003002,31.646874],[36.003892,31.644938],[36.003753,31.642476],[36.000899,31.639325],[35.997348,31.639626],[35.995009,31.637096],[35.99281,31.638083],[35.990385,31.635288],[35.988497,31.629186],[35.98192,31.627861],[35.981995,31.624791],[35.985493,31.621475],[35.98693,31.617656],[35.980418,31.61487],[35.97235,31.615427],[35.970086,31.610064],[35.962544,31.608145],[35.957737,31.605257],[35.95734,31.60067],[35.958531,31.596458],[35.962136,31.589],[35.962576,31.584604],[35.964464,31.583069],[35.965934,31.578755],[35.963166,31.574651],[35.961739,31.574249],[35.956943,31.576589],[35.951589,31.576973],[35.952394,31.581808],[35.94556,31.582639],[35.944819,31.583425],[35.944819,31.586944],[35.943199,31.588205],[35.938715,31.586423],[35.937052,31.581387],[35.934434,31.579888],[35.931441,31.579879],[35.929971,31.580766],[35.925604,31.587282],[35.925304,31.589686],[35.924166,31.590024],[35.920969,31.590179],[35.91917,31.589256],[35.918368,31.587566],[35.919344,31.583727],[35.915254,31.582655],[35.91111,31.585052],[35.912757,31.589556],[35.91042,31.591734],[35.905231,31.588858],[35.90184,31.589679],[35.900452,31.587947],[35.897705,31.586997],[35.895601,31.578695],[35.896127,31.575652],[35.893053,31.571767],[35.890698,31.570236],[35.888933,31.570734],[35.883917,31.576122],[35.879991,31.575574],[35.876772,31.577206],[35.871107,31.582808],[35.867754,31.581433],[35.866579,31.580076],[35.869256,31.577608],[35.868312,31.575537],[35.87063,31.574025],[35.873124,31.570154],[35.873398,31.569244],[35.872314,31.56876],[35.865453,31.569034],[35.865233,31.572293],[35.861194,31.573814],[35.857685,31.570414],[35.853737,31.570158],[35.848753,31.56636],[35.846243,31.566287],[35.845814,31.568188],[35.850905,31.572622],[35.851076,31.574779],[35.849837,31.576639],[35.846543,31.576136],[35.839178,31.570921],[35.83442,31.57322],[35.828589,31.572334],[35.823028,31.573361]],"type":"LineString"},"properties":{"placeId":"ac401ea","name":"Beer-elim","type":"campsite","landOrWater":"land","proposed":true,"role":"g579797.simplified"}},{"type":"Feature","geometry":{"coordinates":[[34.750294,30.899342],[34.745579,30.904282],[34.734178,30.897364],[34.732597,30.903085],[34.727275,30.903508],[34.72513,30.908498],[34.712371,30.910625],[34.709101,30.917898],[34.699696,30.920543],[34.700175,30.92524],[34.719098,30.925481],[34.721348,30.92805],[34.713049,30.932907],[34.702378,30.934017],[34.703782,30.942654],[34.697058,30.947966],[34.692638,30.95794],[34.692393,30.977743],[34.700101,30.99527],[34.695243,31.002334],[34.697016,31.013262],[34.684998,31.024699],[34.684276,31.03129],[34.677801,31.035802],[34.67976,31.046796],[34.672929,31.050567],[34.674193,31.057361],[34.664126,31.058307],[34.657624,31.064079],[34.656445,31.075966],[34.650444,31.083509],[34.655002,31.091798],[34.649161,31.096964],[34.653318,31.106173],[34.641474,31.118371],[34.644988,31.126202],[34.64338,31.13041],[34.624651,31.137474],[34.625853,31.148199],[34.619569,31.152347],[34.61943,31.162139],[34.614665,31.163113],[34.615745,31.172374],[34.607828,31.180515],[34.594255,31.182574],[34.584747,31.190043],[34.567967,31.191735],[34.562679,31.196018],[34.551649,31.198193],[34.544846,31.208304],[34.538034,31.210203],[34.535037,31.217376],[34.528822,31.216868],[34.525129,31.222068],[34.522669,31.220739],[34.511737,31.225835],[34.505731,31.23651],[34.49328,31.243639],[34.492674,31.249919],[34.498064,31.2513],[34.499305,31.25695],[34.493047,31.260282],[34.496895,31.262852],[34.492806,31.271467],[34.488773,31.270246],[34.491392,31.278709],[34.483495,31.281204],[34.488712,31.28478],[34.485256,31.287471],[34.484525,31.295433],[34.485555,31.3079],[34.489775,31.308825],[34.489731,31.316047],[34.47897,31.332832],[34.480062,31.342214],[34.476114,31.346172],[34.476285,31.351157],[34.467874,31.355701],[34.46657,31.363217],[34.449176,31.388275],[34.43622,31.39263],[34.435686,31.403957],[34.427532,31.412168],[34.434077,31.418381],[34.424978,31.419997],[34.428295,31.424592],[34.426277,31.428758],[34.415484,31.432525],[34.420034,31.435348],[34.411269,31.450567],[34.414059,31.456508],[34.402402,31.459388],[34.398119,31.466406],[34.375285,31.463877]],"type":"LineString"},"properties":{"placeId":"a57df09","name":"Besor","type":"river","landOrWater":"water","proposed":true,"role":"g834302.simplified"}},{"type":"Feature","geometry":{"coordinates":[[35.427295,32.222339],[35.428082,32.221102],[35.432094,32.219595],[35.432169,32.218061],[35.434186,32.216663],[35.435066,32.21296],[35.438049,32.211489],[35.439443,32.210282],[35.443392,32.208602],[35.444464,32.205888],[35.446342,32.205244],[35.448177,32.203818],[35.450033,32.201204],[35.451706,32.199769],[35.452811,32.196837],[35.45662,32.194204],[35.457035,32.190751],[35.455934,32.189528],[35.454002,32.18586],[35.453949,32.181347],[35.456341,32.17983],[35.459476,32.179531],[35.461212,32.177569],[35.462231,32.173555],[35.464527,32.172257],[35.465729,32.172275],[35.468486,32.170504],[35.469784,32.168978],[35.46972,32.167761],[35.470696,32.167026],[35.471233,32.165282],[35.472499,32.164955],[35.474312,32.163547],[35.474473,32.162703],[35.476372,32.161885],[35.478314,32.159133],[35.480814,32.158188],[35.481876,32.155627],[35.481361,32.154165],[35.481522,32.153393],[35.482359,32.152739],[35.48209,32.15233],[35.482756,32.151231],[35.482605,32.150204],[35.48577,32.147479],[35.486511,32.142992],[35.487723,32.141911],[35.489139,32.14152],[35.489332,32.140075],[35.490652,32.139903],[35.491403,32.138994],[35.492776,32.139058],[35.49577,32.136741],[35.497851,32.136614],[35.49843,32.132889],[35.501585,32.132135],[35.503258,32.128883],[35.504342,32.127701],[35.506799,32.126411],[35.509503,32.121859],[35.511573,32.121205],[35.512882,32.119733],[35.513419,32.119933],[35.514009,32.119515],[35.515818,32.120315],[35.516412,32.119978],[35.516895,32.118588],[35.519373,32.115153],[35.519212,32.114072],[35.521723,32.112799],[35.521905,32.111582],[35.521369,32.111091],[35.522249,32.1098],[35.522302,32.108283],[35.521541,32.107045],[35.520736,32.106738],[35.522624,32.104402],[35.52256,32.103657],[35.521294,32.103402],[35.521594,32.103103],[35.521101,32.102376],[35.522367,32.10173],[35.522173,32.100794],[35.521251,32.10014],[35.52198,32.099504],[35.523536,32.100103],[35.52418,32.099922],[35.523568,32.099004],[35.523954,32.096504],[35.523107,32.096395],[35.52286,32.096122],[35.523236,32.095486],[35.522849,32.094823],[35.521927,32.094714],[35.521873,32.094277],[35.522206,32.093496],[35.524716,32.091832],[35.524298,32.091105],[35.523225,32.091251],[35.520811,32.088442],[35.522313,32.087306],[35.522409,32.085106],[35.524169,32.084215],[35.524276,32.082415],[35.522924,32.081388]],"type":"LineString"},"properties":{"placeId":"a0d1977","name":"Beth-barah","type":"wadi","landOrWater":"water","proposed":true,"role":"g17be54.simplified"}},{"type":"Feature","geometry":{"coordinates":[[[[37.6678,36.73206],[37.7359,35.84526],[39.57436,35.90068],[40.25528,35.95611],[40.45955,36.01153],[40.66383,36.23324],[40.52764,36.45494],[39.02963,36.84291],[38.96154,36.84291],[38.89345,36.84291],[38.82536,36.84291],[38.75727,36.84291],[38.68918,36.84291],[38.62108,36.84291],[38.55299,36.84291],[38.4849,36.84291],[38.41681,36.84291],[38.34872,36.84291],[38.28063,36.84291],[37.6678,36.78749],[37.6678,36.73206]]],[[[38.68918,36.84291],[37.7359,36.78749],[37.7359,36.73206],[38.07635,35.95611],[38.14444,35.95611],[38.21254,35.95611],[38.28063,35.95611],[38.34872,35.95611],[38.41681,35.95611],[39.50627,35.95611],[39.57436,35.95611],[40.25528,36.01153],[40.52764,36.28866],[40.32337,36.39951],[38.75727,36.84291],[38.68918,36.84291]]],[[[38.28063,36.06696],[38.41681,36.01153],[38.4849,36.01153],[38.55299,36.01153],[38.62108,36.01153],[38.68918,36.01153],[38.75727,36.01153],[38.82536,36.01153],[38.89345,36.01153],[38.96154,36.01153],[39.02963,36.01153],[39.09772,36.01153],[39.16582,36.01153],[39.23391,36.01153],[39.302,36.01153],[39.37009,36.01153],[39.43818,36.01153],[39.50627,36.01153],[39.57436,36.01153],[39.64245,36.01153],[39.71055,36.01153],[39.77864,36.01153],[39.84673,36.01153],[39.91482,36.01153],[39.98291,36.01153],[40.051,36.01153],[40.11909,36.01153],[40.18719,36.01153],[40.25528,36.01153],[40.25528,36.06696],[40.25528,36.12238],[40.25528,36.17781],[40.25528,36.23324],[40.25528,36.28866],[40.25528,36.34409],[40.25528,36.39951],[38.62108,36.78749],[38.34872,36.56579],[38.14444,36.12238],[38.28063,36.06696]]],[[[38.41681,36.51036],[38.34872,36.45494],[38.28063,36.17781],[38.28063,36.12238],[38.28063,36.06696],[38.41681,36.01153],[38.4849,36.01153],[38.55299,36.01153],[38.62108,36.01153],[38.68918,36.01153],[38.75727,36.01153],[38.82536,36.01153],[38.89345,36.01153],[38.96154,36.01153],[39.02963,36.01153],[39.09772,36.01153],[39.16582,36.01153],[39.23391,36.01153],[39.302,36.01153],[39.37009,36.01153],[39.43818,36.01153],[39.50627,36.01153],[39.57436,36.01153],[40.25528,36.17781],[40.25528,36.23324],[40.25528,36.28866],[40.25528,36.34409],[38.4849,36.56579],[38.41681,36.51036]]],[[[38.68918,36.01153],[38.75727,36.01153],[38.82536,36.01153],[38.89345,36.01153],[38.96154,36.01153],[39.02963,36.01153],[40.051,36.17781],[38.4849,36.51036],[38.41681,36.45494],[38.34872,36.34409],[38.28063,36.17781],[38.28063,36.12238],[38.28063,36.06696],[38.4849,36.01153],[38.55299,36.01153],[38.62108,36.01153],[38.68918,36.01153]]],[[[38.41681,36.45494],[38.28063,36.12238],[38.28063,36.06696],[38.68918,36.01153],[39.02963,36.06696],[39.43818,36.17781],[38.55299,36.45494],[38.4849,36.45494],[38.41681,36.45494]]],[[[38.34872,36.06696],[38.41681,36.06696],[38.4849,36.06696],[38.55299,36.06696],[38.62108,36.06696],[38.68918,36.06696],[38.75727,36.06696],[38.82536,36.06696],[39.02963,36.17781],[38.4849,36.45494],[38.41681,36.45494],[38.34872,36.17781],[38.34872,36.12238],[38.34872,36.06696]]],[[[38.41681,36.28866],[38.34872,36.17781],[38.41681,36.06696],[38.4849,36.06696],[38.55299,36.06696],[38.62108,36.06696],[38.68918,36.06696],[38.82536,36.17781],[38.41681,36.28866]]],[[[38.41681,36.12238],[38.41681,36.06696],[38.4849,36.06696],[38.55299,36.06696],[38.62108,36.06696],[38.68918,36.06696],[38.68918,36.12238],[38.68918,36.17781],[38.62108,36.17781],[38.4849,36.17781],[38.41681,36.17781],[38.41681,36.12238]]]],"type":"MultiPolygon"},"properties":{"placeId":"a84c5a4","name":"Beth-eden","type":"region","landOrWater":"land","proposed":false,"role":"ga277ef.isobands"}},{"type":"Feature","geometry":{"coordinates":[[[35.13556,31.77497],[35.13003,31.77472],[35.12456,31.77398],[35.11921,31.77276],[35.11404,31.77108],[35.10911,31.76894],[35.10447,31.76637],[35.10017,31.76341],[35.09625,31.76008],[35.09277,31.75642],[35.08976,31.75247],[35.08725,31.74828],[35.08527,31.74389],[35.08384,31.73934],[35.08298,31.73469],[35.08269,31.72999],[35.08298,31.72529],[35.08385,31.72064],[35.08528,31.71609],[35.08727,31.7117],[35.08978,31.70751],[35.0928,31.70356],[35.09628,31.69991],[35.10019,31.69658],[35.10449,31.69362],[35.10913,31.69106],[35.11406,31.68892],[35.11923,31.68723],[35.12457,31.68602],[35.13003,31.68528],[35.13556,31.68503],[35.14108,31.68528],[35.14654,31.68602],[35.15189,31.68723],[35.15705,31.68892],[35.16198,31.69106],[35.16662,31.69362],[35.17092,31.69658],[35.17483,31.69991],[35.17831,31.70356],[35.18133,31.70751],[35.18384,31.7117],[35.18583,31.71609],[35.18726,31.72064],[35.18813,31.72529],[35.18842,31.72999],[35.18814,31.73469],[35.18727,31.73934],[35.18584,31.74389],[35.18386,31.74828],[35.18135,31.75247],[35.17834,31.75642],[35.17486,31.76008],[35.17094,31.76341],[35.16664,31.76637],[35.162,31.76894],[35.15707,31.77108],[35.1519,31.77276],[35.14655,31.77398],[35.14108,31.77472],[35.13556,31.77497]]],"type":"Polygon"},"properties":{"placeId":"ac9fb6d","name":"Bether 1","type":"settlement","landOrWater":"land","proposed":true,"role":"g3b0ff5.geometry"}},{"type":"Feature","geometry":{"coordinates":[[[35.701387,33.543868],[35.795539,33.517671],[36.637128,34.366186],[36.405133,34.475965],[35.701387,33.543868]]],"type":"Polygon"},"properties":{"placeId":"ad44b24","name":"Beth-rehob","type":"region","landOrWater":"land","proposed":true,"role":"g803e7e.geometry"}},{"type":"Feature","geometry":{"coordinates":[[[[35.20444,32.96484],[34.97379,32.26813],[34.97379,32.1686],[34.97379,31.96954],[34.97379,31.87001],[35.89642,31.47189],[36.01175,31.47189],[37.3957,32.26813],[37.74169,32.46719],[37.85702,32.56672],[37.97235,32.66625],[38.08768,35.55262],[37.74169,36.24933],[37.16504,36.54792],[37.04971,36.54792],[36.93439,36.54792],[36.81906,36.54792],[36.70373,36.54792],[36.5884,36.54792],[35.20444,32.96484]]],[[[35.31977,33.06437],[35.08911,32.26813],[35.08911,32.1686],[35.20444,32.1686],[35.31977,32.1686],[35.4351,32.1686],[35.55043,32.1686],[35.66576,32.1686],[35.78109,32.1686],[35.89642,32.1686],[36.01175,32.1686],[36.12708,32.36766],[36.24241,32.56672],[37.74169,35.25403],[37.85702,35.45309],[37.97235,35.65215],[37.74169,35.95074],[37.51103,36.05027],[36.5884,35.75168],[35.31977,33.06437]]],[[[35.20444,32.56672],[35.20444,32.46719],[35.4351,32.1686],[35.55043,32.1686],[35.78109,32.1686],[37.28037,34.65685],[37.3957,34.85591],[37.74169,35.65215],[37.51103,35.75168],[37.3957,35.65215],[36.70373,34.85591],[36.01175,34.05967],[35.4351,33.06437],[35.31977,32.86531],[35.20444,32.56672]]],[[[35.4351,32.96484],[35.4351,32.86531],[35.4351,32.76578],[35.55043,32.36766],[35.66576,32.36766],[36.24241,33.1639],[37.28037,34.85591],[37.28037,34.95544],[37.04971,35.05497],[36.93439,34.95544],[36.81906,34.85591],[36.70373,34.75638],[36.5884,34.65685],[36.01175,34.05967],[35.4351,32.96484]]],[[[35.4351,32.76578],[35.66576,32.46719],[35.89642,32.76578],[37.16504,34.75638],[37.16504,34.85591],[37.04971,34.85591],[36.93439,34.85591],[36.81906,34.85591],[36.70373,34.75638],[36.35774,34.25873],[35.4351,32.86531],[35.4351,32.76578]]],[[[35.78109,33.06437],[35.66576,32.66625],[35.78109,32.76578],[35.89642,32.96484],[37.04971,34.75638],[36.81906,34.75638],[36.70373,34.65685],[36.47307,34.25873],[36.12708,33.66155],[35.78109,33.06437]]]],"type":"MultiPolygon"},"properties":{"placeId":"a88310a","name":"Beyond the River","type":"region","landOrWater":"land","proposed":false,"role":"ge8859c.isobands"}},{"type":"Feature","geometry":{"coordinates":[[[[35.38658,42.0224],[35.07197,42.14401],[34.91466,42.14401],[34.75735,42.14401],[34.60004,42.14401],[34.44273,42.14401],[34.28542,42.14401],[34.12812,42.14401],[33.97081,42.14401],[33.8135,42.14401],[33.65619,42.14401],[33.49888,42.14401],[29.25156,41.17108],[29.09425,41.04946],[28.93694,40.92784],[28.46501,40.56299],[28.30771,40.44137],[28.30771,40.31975],[28.30771,40.19814],[28.30771,40.07652],[28.30771,39.9549],[28.93694,39.83329],[29.09425,39.83329],[29.25156,39.83329],[31.9258,40.07652],[37.27428,40.56299],[37.43159,40.80622],[37.43159,40.92784],[37.27428,41.04946],[37.11698,41.17108],[36.95967,41.29269],[36.01582,41.77916],[35.7012,41.90078],[35.38658,42.0224]]],[[[28.46501,40.56299],[28.46501,40.44137],[28.46501,40.31975],[28.46501,40.19814],[28.77963,40.07652],[29.09425,39.9549],[29.25156,39.9549],[29.40886,39.9549],[29.56617,39.9549],[29.72348,39.9549],[29.88079,39.9549],[30.0381,39.9549],[30.19541,39.9549],[30.35271,39.9549],[31.61118,40.07652],[37.27428,40.80622],[36.95967,41.29269],[36.01582,41.77916],[35.7012,41.90078],[35.38658,42.0224],[35.07197,42.14401],[34.91466,42.14401],[34.75735,42.14401],[34.60004,42.14401],[34.44273,42.14401],[34.28542,42.14401],[34.12812,42.14401],[33.97081,42.14401],[33.8135,42.14401],[33.02696,42.0224],[29.25156,41.17108],[29.09425,41.04946],[28.46501,40.56299]]],[[[28.46501,40.56299],[28.46501,40.44137],[28.46501,40.31975],[28.46501,40.19814],[29.25156,39.9549],[29.40886,39.9549],[29.56617,39.9549],[29.72348,39.9549],[30.66733,40.07652],[31.61118,40.19814],[36.64505,41.04946],[36.01582,41.77916],[35.7012,41.90078],[35.38658,42.0224],[35.07197,42.14401],[34.91466,42.14401],[34.75735,42.14401],[34.60004,42.14401],[34.44273,42.14401],[34.28542,42.14401],[34.12812,42.14401],[33.97081,42.14401],[33.8135,42.14401],[33.02696,42.0224],[29.25156,41.17108],[29.09425,41.04946],[28.46501,40.56299]]],[[[29.25156,41.17108],[29.09425,41.04946],[28.46501,40.31975],[28.62232,40.19814],[29.25156,39.9549],[30.19541,40.07652],[31.9258,40.31975],[36.48774,41.04946],[35.85851,41.53593],[34.28542,41.90078],[32.71234,41.65755],[31.9258,41.53593],[29.25156,41.17108]]],[[[29.25156,40.07652],[29.40886,40.07652],[30.0381,40.07652],[30.82464,40.19814],[31.61118,40.31975],[35.7012,41.29269],[35.7012,41.41431],[34.44273,41.77916],[34.28542,41.77916],[32.86965,41.65755],[29.56617,41.17108],[29.25156,40.92784],[29.09425,40.31975],[29.09425,40.19814],[29.25156,40.07652]]],[[[29.56617,40.92784],[29.40886,40.19814],[29.56617,40.19814],[30.0381,40.19814],[30.19541,40.19814],[30.51002,40.19814],[31.61118,40.31975],[35.07197,41.53593],[34.28542,41.77916],[33.34157,41.65755],[32.71234,41.53593],[32.08311,41.41431],[30.0381,41.04946],[29.56617,40.92784]]],[[[29.88079,40.44137],[29.88079,40.31975],[30.0381,40.31975],[30.19541,40.31975],[30.35271,40.31975],[30.51002,40.31975],[30.66733,40.31975],[30.82464,40.31975],[30.98195,40.31975],[32.86965,40.92784],[33.8135,41.29269],[34.28542,41.53593],[34.12812,41.65755],[33.97081,41.65755],[33.8135,41.65755],[32.86965,41.53593],[32.24042,41.41431],[30.98195,41.04946],[30.66733,40.92784],[30.0381,40.68461],[29.88079,40.44137]]],[[[30.19541,40.68461],[29.88079,40.31975],[30.0381,40.31975],[30.19541,40.31975],[30.35271,40.31975],[30.51002,40.31975],[30.82464,40.31975],[32.08311,40.68461],[32.71234,40.92784],[33.97081,41.53593],[33.8135,41.65755],[32.86965,41.53593],[32.39772,41.41431],[31.9258,41.29269],[31.13926,41.04946],[30.51002,40.80622],[30.19541,40.68461]]],[[[30.19541,40.56299],[30.19541,40.44137],[30.35271,40.31975],[30.98195,40.44137],[31.9258,40.68461],[33.65619,41.41431],[33.8135,41.53593],[33.65619,41.53593],[33.49888,41.53593],[33.34157,41.53593],[33.18427,41.53593],[32.08311,41.29269],[31.61118,41.17108],[30.19541,40.68461],[30.19541,40.56299]]]],"type":"MultiPolygon"},"properties":{"placeId":"a5c0cb0","name":"Bithynia","type":"region","landOrWater":"land","proposed":false,"role":"g933f6d.isobands"}},{"type":"Feature","geometry":{"coordinates":[[34.154122,30.69379],[34.148142,30.698494],[34.147477,30.700917],[34.148496,30.704775],[34.144886,30.711701],[34.139591,30.718638],[34.132258,30.725344],[34.129441,30.729932],[34.131494,30.738243],[34.123835,30.753658],[34.127318,30.761043],[34.13206,30.776941],[34.150931,30.791682],[34.153736,30.804912],[34.152242,30.809607],[34.153487,30.814638],[34.152907,30.817678],[34.14308,30.826781],[34.129476,30.834022],[34.124047,30.83487],[34.118961,30.839531],[34.108447,30.840102],[34.104821,30.84375],[34.107245,30.846569],[34.106301,30.849553],[34.098147,30.84959],[34.096216,30.857032],[34.088363,30.861232],[34.087826,30.864805],[34.085466,30.867126],[34.082591,30.867844],[34.079799,30.867022],[34.078763,30.868448],[34.074587,30.868665],[34.073053,30.872046],[34.068173,30.876526],[34.067817,30.880666],[34.06652,30.882105],[34.053471,30.882336],[34.041323,30.888451],[34.032656,30.887983],[34.030346,30.889401],[34.030283,30.891821],[34.029124,30.892889],[34.026619,30.893477],[34.025213,30.892482],[34.026476,30.890794],[34.026007,30.88848],[34.018934,30.887306],[34.014179,30.894965],[33.999781,30.896291],[33.998472,30.897028],[33.996455,30.901704],[33.984525,30.908645],[33.979032,30.915678],[33.972358,30.917058],[33.955943,30.924127],[33.943412,30.935484],[33.941052,30.943637],[33.934378,30.952378],[33.932147,30.953243],[33.925323,30.952857],[33.916847,30.954734],[33.913908,30.961193],[33.901226,30.96973],[33.897707,30.969546],[33.890345,30.980861],[33.872685,30.98448],[33.872407,30.992073],[33.862963,30.99884],[33.862741,31.002324],[33.865737,31.009537],[33.864747,31.010787],[33.86149,31.011334],[33.857439,31.016213],[33.855641,31.030012],[33.852385,31.037401],[33.849831,31.039042],[33.843956,31.039566],[33.842119,31.042111],[33.832753,31.046977],[33.830578,31.051397],[33.835658,31.058628],[33.836244,31.061954],[33.831177,31.062947],[33.827542,31.066373],[33.821498,31.068593],[33.81703,31.072108],[33.813838,31.077564],[33.813955,31.079974],[33.816219,31.083457],[33.81445,31.093227],[33.815024,31.098838],[33.813695,31.100489],[33.806504,31.098214],[33.803404,31.101694],[33.803091,31.10378],[33.80739,31.110349],[33.808692,31.116963],[33.811298,31.122505],[33.813122,31.136879],[33.806509,31.146249]],"type":"LineString"},"properties":{"placeId":"a7a59b4","name":"Brook of Egypt","type":"river","landOrWater":"water","proposed":true,"role":"gd3a612.simplified"}},{"type":"Feature","geometry":{"coordinates":[[35.79156,31.89196],[35.78772,31.89073],[35.78563,31.88753],[35.78206,31.88761],[35.78151,31.8861],[35.77709,31.88534],[35.77447,31.88243],[35.77334,31.88265],[35.77024,31.88109],[35.76831,31.88153],[35.76729,31.88029],[35.7654,31.88049],[35.76456,31.87958],[35.76097,31.88161],[35.76027,31.8807],[35.75806,31.8804],[35.7579,31.8794],[35.75572,31.87821],[35.75419,31.87841],[35.75266,31.8768],[35.74895,31.87625],[35.74531,31.87853],[35.74413,31.87774],[35.7431,31.87869],[35.74126,31.87695],[35.73769,31.87684],[35.73582,31.876],[35.73459,31.87674],[35.73409,31.87857],[35.73118,31.8808],[35.72797,31.88151],[35.72631,31.8809],[35.72552,31.88202],[35.72481,31.88087],[35.72348,31.88082],[35.72253,31.87915],[35.72013,31.87961],[35.71778,31.87878],[35.71469,31.88005],[35.71161,31.87917],[35.70804,31.87465],[35.70691,31.87582],[35.70137,31.87496],[35.70082,31.87332],[35.69853,31.87414],[35.69768,31.87337],[35.69514,31.87323],[35.69218,31.87451],[35.69083,31.87056],[35.68535,31.86983],[35.68394,31.86705],[35.68199,31.86617],[35.68125,31.86437],[35.679,31.86233],[35.6778,31.85958],[35.67847,31.859],[35.67608,31.85464],[35.67848,31.84783],[35.67479,31.84476],[35.67342,31.84187],[35.67095,31.84189],[35.66796,31.83947],[35.66468,31.84039],[35.66035,31.8391],[35.65933,31.84059],[35.65707,31.83905],[35.6539,31.84171],[35.65095,31.84051],[35.6446,31.8433],[35.64306,31.84237],[35.64199,31.84335],[35.63981,31.84267],[35.63761,31.84365],[35.63577,31.84216],[35.63215,31.84262],[35.62891,31.84172],[35.62412,31.8435],[35.6199,31.84183],[35.61764,31.84185],[35.60685,31.83624],[35.59937,31.83418],[35.59793,31.8318],[35.59598,31.83101],[35.59415,31.82875],[35.59115,31.82889],[35.59013,31.82788],[35.58425,31.82639],[35.58206,31.82704],[35.57867,31.82671],[35.57606,31.82402],[35.57403,31.82357],[35.57219,31.82419],[35.57163,31.8224],[35.5692,31.82215],[35.56691,31.81952],[35.56429,31.81821],[35.56311,31.81586],[35.55304,31.80975],[35.54991,31.80512],[35.55007,31.80236],[35.54643,31.8013]],"type":"LineString"},"properties":{"placeId":"a5983ec","name":"Brook of the Arabah","type":"river","landOrWater":"water","proposed":true,"role":"g37b221.simplified"}},{"type":"Feature","geometry":{"coordinates":[[35.985014,30.810678],[35.974958,30.824487],[35.961596,30.830619],[35.948062,30.831455],[35.936363,30.839798],[35.925404,30.843365],[35.924527,30.849493],[35.914255,30.862898],[35.918338,30.871398],[35.91363,30.874747],[35.920791,30.876255],[35.923141,30.881392],[35.898857,30.884941],[35.894595,30.879713],[35.889742,30.879088],[35.88919,30.892689],[35.878455,30.896404],[35.872704,30.89429],[35.873895,30.886049],[35.870375,30.884453],[35.866435,30.886582],[35.864414,30.889325],[35.868412,30.904303],[35.857975,30.903571],[35.85031,30.905773],[35.844164,30.916284],[35.837905,30.921161],[35.838989,30.92617],[35.843509,30.92967],[35.84224,30.934474],[35.824074,30.93298],[35.820598,30.928264],[35.814437,30.927981],[35.809218,30.934113],[35.800143,30.933493],[35.800123,30.937862],[35.794499,30.938638],[35.784598,30.946074],[35.779887,30.944448],[35.774361,30.949291],[35.771153,30.946118],[35.772403,30.955862],[35.758905,30.955453],[35.75669,30.961514],[35.744462,30.960852],[35.739869,30.964217],[35.732629,30.96432],[35.712958,30.973337],[35.708703,30.979307],[35.700939,30.977444],[35.698125,30.980725],[35.694821,30.9784],[35.690746,30.979284],[35.68874,30.973773],[35.683085,30.970074],[35.678853,30.97774],[35.672596,30.976259],[35.674836,30.980227],[35.66296,30.98791],[35.652294,30.989012],[35.64867,30.98607],[35.641027,30.985419],[35.637777,30.988952],[35.630856,30.988633],[35.628087,30.992412],[35.619708,30.995747],[35.61802,30.990576],[35.610337,30.987668],[35.586751,30.990505],[35.587335,30.993606],[35.583834,30.993862],[35.582425,30.998089],[35.577205,30.994086],[35.575441,30.995859],[35.571312,30.994719],[35.570522,30.999463],[35.561021,31.002165],[35.55765,30.998404],[35.554082,31.001743],[35.547934,30.999597],[35.546192,31.003157],[35.548279,31.010818],[35.538774,31.014029],[35.537077,31.017455],[35.533831,31.015171],[35.526174,31.015462],[35.509818,31.006989],[35.506741,31.008505],[35.506098,31.005011],[35.502355,31.004517],[35.499689,31.008795],[35.495473,31.009315],[35.496458,31.014855],[35.492235,31.015254],[35.476261,31.028189],[35.47299,31.045356],[35.465225,31.050405],[35.466235,31.057245],[35.457299,31.069013],[35.45645,31.075737]],"type":"LineString"},"properties":{"placeId":"a0f88fb","name":"Brook of the Willows","type":"wadi","landOrWater":"water","proposed":true,"role":"gc495b5.simplified"}},{"type":"Feature","geometry":{"coordinates":[[[38.064748,26.758072],[39.429652,26.804022],[39.228358,29.876814],[37.002387,29.856019],[36.912715,27.414772],[38.064748,26.758072]]],"type":"Polygon"},"properties":{"placeId":"a087a14","name":"Buz","type":"region","landOrWater":"land","proposed":true,"role":"gb51fc8.geometry"}},{"type":"Feature","geometry":{"coordinates":[[[[35.0774,32.96069],[35.05091,32.82691],[35.05091,32.81576],[35.06415,32.80461],[35.19664,32.79347],[35.20989,32.79347],[35.22314,32.79347],[35.23639,32.80461],[35.24963,32.81576],[35.34237,33.01644],[35.35562,33.08333],[35.35562,33.09448],[35.35562,33.10562],[35.35562,33.11677],[35.24963,33.15022],[35.23639,33.15022],[35.22314,33.15022],[35.1039,33.09448],[35.0774,32.96069]]],[[[35.11715,32.99414],[35.11715,32.98299],[35.11715,32.97184],[35.11715,32.96069],[35.17014,32.80461],[35.18339,32.80461],[35.23639,32.81576],[35.24963,32.83806],[35.26288,32.87151],[35.27613,32.9161],[35.28938,32.97184],[35.28938,32.98299],[35.28938,32.99414],[35.28938,33.06103],[35.28938,33.07218],[35.28938,33.08333],[35.28938,33.09448],[35.24963,33.11677],[35.23639,33.11677],[35.22314,33.11677],[35.11715,33.07218],[35.11715,33.06103],[35.11715,33.04988],[35.11715,33.03873],[35.11715,33.02758],[35.11715,33.01644],[35.11715,33.00529],[35.11715,32.99414]]],[[[35.17014,33.06103],[35.1304,32.97184],[35.1304,32.96069],[35.22314,32.81576],[35.23639,32.81576],[35.26288,32.88265],[35.27613,33.00529],[35.24963,33.09448],[35.23639,33.09448],[35.22314,33.09448],[35.17014,33.06103]]],[[[35.22314,32.83806],[35.23639,32.86036],[35.23639,32.87151],[35.23639,32.88265],[35.23639,32.8938],[35.22314,32.83806]]]],"type":"MultiPolygon"},"properties":{"placeId":"a08144e","name":"Cabul 2","type":"region","landOrWater":"land","proposed":false,"role":"ge980ef.isobands"}},{"type":"Feature","geometry":{"coordinates":[[[[34.68878,30.84123],[34.75696,30.84123],[34.82513,30.84123],[35.16601,31.19358],[36.52951,33.89488],[36.12046,34.1885],[35.98411,34.24723],[35.91593,34.24723],[35.84776,34.1885],[35.77958,34.12978],[35.71141,34.01233],[34.68878,32.13316],[34.62061,31.95699],[34.48426,31.2523],[34.68878,30.84123]]],[[[35.84776,34.12978],[35.43871,33.42509],[34.82513,32.07444],[34.62061,31.54592],[34.62061,31.4872],[34.62061,31.42847],[34.62061,31.36975],[34.62061,31.31102],[34.62061,31.2523],[34.82513,31.19358],[34.89331,31.19358],[34.96148,31.19358],[35.16601,31.36975],[35.23418,31.4872],[35.50688,32.01571],[35.64323,32.48551],[35.71141,32.7204],[35.77958,32.9553],[35.84776,33.19019],[36.05228,34.1885],[35.98411,34.1885],[35.91593,34.1885],[35.84776,34.12978]]],[[[34.62061,31.36975],[34.62061,31.31102],[34.75696,31.2523],[34.82513,31.2523],[35.16601,31.42847],[35.23418,31.4872],[35.57506,32.42678],[35.77958,33.07275],[35.77958,33.13147],[35.77958,33.19019],[35.77958,33.24892],[35.77958,33.30764],[35.64323,33.42509],[35.57506,33.42509],[35.50688,33.42509],[35.43871,33.42509],[34.89331,32.13316],[34.75696,31.83954],[34.68878,31.66337],[34.62061,31.36975]]],[[[34.68878,31.4872],[34.75696,31.2523],[35.16601,31.42847],[35.23418,31.54592],[35.57506,32.48551],[35.77958,33.19019],[35.64323,33.36637],[35.57506,33.42509],[35.50688,33.42509],[35.43871,33.42509],[34.89331,32.13316],[34.68878,31.66337],[34.68878,31.54592],[34.68878,31.4872]]],[[[34.82513,31.89826],[34.68878,31.54592],[34.89331,31.4872],[35.02966,31.4872],[35.09783,31.4872],[35.16601,31.4872],[35.23418,31.60464],[35.50688,32.48551],[35.64323,33.36637],[35.57506,33.42509],[35.43871,33.42509],[34.89331,32.07444],[34.82513,31.89826]]],[[[34.82513,31.60464],[35.09783,31.4872],[35.16601,31.54592],[35.23418,31.66337],[35.43871,32.42678],[35.64323,33.36637],[35.57506,33.36637],[35.50688,33.36637],[34.96148,32.13316],[34.75696,31.66337],[34.82513,31.60464]]],[[[34.89331,31.72209],[34.89331,31.66337],[34.96148,31.66337],[35.02966,31.66337],[35.16601,31.72209],[35.37053,32.19189],[35.57506,33.24892],[35.57506,33.30764],[35.57506,33.36637],[35.50688,33.30764],[35.37053,33.01402],[34.96148,32.13316],[34.89331,31.95699],[34.89331,31.89826],[34.89331,31.72209]]],[[[35.37053,32.9553],[34.96148,31.95699],[34.89331,31.66337],[35.02966,31.72209],[35.09783,31.78082],[35.16601,31.89826],[35.30236,32.30933],[35.37053,32.89657],[35.37053,32.9553]]],[[[35.16601,32.36806],[34.96148,31.95699],[34.96148,31.89826],[35.16601,31.89826],[35.23418,32.19189],[35.23418,32.25061],[35.23418,32.36806],[35.23418,32.42678],[35.16601,32.36806]]]],"type":"MultiPolygon"},"properties":{"placeId":"a581f0c","name":"Canaan","type":"region","landOrWater":"land","proposed":false,"role":"g7e51d1.isobands"}},{"type":"Feature","geometry":{"coordinates":[[[26.283864,35.319785],[26.259968,35.289663],[26.226716,35.28144],[26.165686,35.206729],[26.118552,35.208928],[26.123755,35.230747],[26.075961,35.228766],[26.06968,35.243858],[26.033362,35.236648],[25.942896,35.186378],[25.894599,35.193178],[25.813869,35.11843],[25.736398,35.136592],[25.719209,35.177089],[25.726174,35.218113],[25.748403,35.232683],[25.73437,35.300686],[25.768096,35.314785],[25.780802,35.345974],[25.662301,35.353723],[25.42696,35.297067],[25.391159,35.345952],[25.0547,35.344987],[25.048916,35.4094],[24.970004,35.435631],[24.954355,35.407932],[24.889558,35.425573],[24.835538,35.412671],[24.69622,35.431321],[24.527194,35.377247],[24.311152,35.357017],[24.270192,35.364316],[24.270252,35.424647],[24.246214,35.47998],[24.197183,35.453234],[24.070314,35.497632],[24.17294,35.489581],[24.189936,35.503326],[24.21028,35.539504],[24.180847,35.592289],[24.119888,35.60808],[24.077906,35.598665],[24.064781,35.58498],[24.078159,35.557595],[23.99163,35.514259],[23.846771,35.531318],[23.786194,35.549081],[23.770047,35.648784],[23.783622,35.668788],[23.735792,35.703502],[23.701646,35.661271],[23.714169,35.50995],[23.659257,35.503302],[23.618258,35.523432],[23.617279,35.601034],[23.60091,35.632551],[23.588753,35.627933],[23.590188,35.585846],[23.575715,35.590737],[23.562752,35.524567],[23.574901,35.496535],[23.55186,35.469795],[23.560404,35.419614],[23.52678,35.382332],[23.525018,35.337842],[23.545958,35.327458],[23.511108,35.292562],[23.578176,35.259519],[23.591653,35.229788],[23.659314,35.237034],[23.678622,35.222125],[23.731017,35.239873],[23.766812,35.227585],[23.814471,35.245695],[23.92245,35.218989],[23.990266,35.226786],[24.03191,35.190853],[24.195267,35.19015],[24.288039,35.168364],[24.384041,35.187365],[24.385947,35.166627],[24.503381,35.139912],[24.560891,35.094955],[24.729589,35.081978],[24.751122,35.014429],[24.718902,34.918002],[24.80182,34.916589],[24.816775,34.929675],[25.098849,34.926187],[25.384596,34.992534],[25.499465,34.974685],[25.680706,35.007522],[25.799045,34.990459],[25.941288,35.025789],[26.142773,34.993536],[26.239551,35.02776],[26.278801,35.084524],[26.289134,35.160383],[26.321231,35.169502],[26.323821,35.202343],[26.280937,35.209011],[26.277811,35.261588],[26.316523,35.295451],[26.319579,35.321393],[26.283864,35.319785]]],"type":"Polygon"},"properties":{"placeId":"a329990","name":"Caphtor","type":"island","landOrWater":"land","proposed":true,"role":"g7913a9.simplified"}},{"type":"Feature","geometry":{"coordinates":[[[[31.80489,38.26901],[31.80489,38.09864],[31.80489,37.92827],[34.15379,37.41716],[34.36733,37.41716],[38.211,37.92827],[39.06514,38.09864],[39.70576,38.26901],[40.77344,38.78012],[40.77344,38.95049],[40.13283,41.16531],[39.91929,41.16531],[38.85161,41.16531],[38.63807,41.16531],[38.42453,41.16531],[38.211,41.16531],[37.99746,41.16531],[37.78392,41.16531],[37.57039,41.16531],[37.35685,41.16531],[34.36733,40.99494],[31.80489,38.26901]]],[[[32.87257,38.60975],[32.87257,38.43938],[33.94026,37.58753],[34.15379,37.41716],[37.99746,37.92827],[38.85161,38.09864],[39.49222,38.26901],[40.5599,38.78012],[40.5599,38.95049],[39.49222,40.99494],[39.27868,40.99494],[39.06514,40.99494],[38.85161,40.99494],[38.63807,40.99494],[38.42453,40.99494],[38.211,40.99494],[37.99746,40.99494],[35.00794,40.82457],[34.58087,40.6542],[34.15379,40.48383],[32.87257,38.60975]]],[[[33.51318,39.12086],[33.29965,38.60975],[33.94026,37.58753],[34.15379,37.58753],[34.36733,37.58753],[34.58087,37.58753],[34.79441,37.58753],[37.57039,37.92827],[38.211,38.09864],[39.49222,38.43938],[39.70576,38.60975],[39.91929,38.78012],[39.91929,38.95049],[39.49222,39.80234],[38.63807,40.14308],[36.5027,40.31345],[36.28916,40.31345],[36.07563,40.31345],[33.51318,39.12086]]],[[[34.36733,37.58753],[34.58087,37.58753],[37.14331,37.92827],[37.99746,38.09864],[38.63807,38.26901],[39.70576,38.78012],[39.70576,38.95049],[39.49222,39.63197],[38.42453,39.97271],[38.211,39.97271],[36.28916,39.97271],[36.07563,39.97271],[35.86209,39.97271],[35.43502,39.80234],[35.00794,39.63197],[34.58087,39.4616],[34.15379,39.29123],[33.72672,39.12086],[33.51318,38.95049],[33.51318,38.78012],[33.51318,38.60975],[33.94026,37.58753],[34.15379,37.58753],[34.36733,37.58753]]],[[[33.51318,38.95049],[33.51318,38.60975],[33.94026,37.7579],[34.15379,37.58753],[34.36733,37.58753],[37.57039,38.09864],[38.42453,38.26901],[39.27868,38.78012],[39.49222,39.12086],[38.63807,39.63197],[36.07563,39.80234],[35.86209,39.80234],[35.00794,39.63197],[34.58087,39.4616],[33.51318,38.95049]]],[[[34.15379,37.7579],[34.36733,37.7579],[35.43502,37.92827],[38.211,38.60975],[38.63807,38.78012],[39.27868,39.12086],[38.42453,39.63197],[38.211,39.63197],[37.99746,39.63197],[37.78392,39.63197],[37.57039,39.63197],[37.35685,39.63197],[37.14331,39.63197],[36.92978,39.63197],[36.71624,39.63197],[36.5027,39.63197],[36.28916,39.63197],[36.07563,39.63197],[35.86209,39.63197],[35.64855,39.63197],[35.43502,39.63197],[35.22148,39.63197],[35.00794,39.63197],[33.51318,38.95049],[33.72672,38.43938],[33.94026,37.92827],[34.15379,37.7579]]],[[[33.72672,38.60975],[33.72672,38.43938],[33.94026,37.92827],[34.15379,37.92827],[34.36733,37.92827],[34.58087,37.92827],[34.79441,37.92827],[35.00794,37.92827],[35.22148,37.92827],[36.07563,38.09864],[38.42453,38.78012],[38.42453,38.95049],[38.211,39.63197],[37.99746,39.63197],[37.78392,39.63197],[37.57039,39.63197],[37.35685,39.63197],[37.14331,39.63197],[36.92978,39.63197],[36.71624,39.63197],[36.5027,39.63197],[36.28916,39.63197],[36.07563,39.63197],[35.86209,39.63197],[35.64855,39.63197],[35.00794,39.4616],[33.72672,38.60975]]],[[[34.15379,38.78012],[34.15379,38.60975],[34.15379,37.92827],[34.36733,37.92827],[34.58087,37.92827],[34.79441,37.92827],[38.42453,38.78012],[38.42453,38.95049],[38.211,39.4616],[37.78392,39.63197],[37.57039,39.63197],[37.35685,39.63197],[37.14331,39.63197],[36.92978,39.63197],[36.07563,39.63197],[35.86209,39.63197],[35.64855,39.63197],[34.15379,38.78012]]],[[[34.58087,38.78012],[34.36733,38.60975],[34.58087,37.92827],[37.99746,38.78012],[37.99746,38.95049],[37.99746,39.12086],[37.78392,39.63197],[35.86209,39.63197],[35.43502,39.4616],[34.58087,38.78012]]]],"type":"MultiPolygon"},"properties":{"placeId":"a33fbde","name":"Cappadocia","type":"region","landOrWater":"land","proposed":false,"role":"g6c0591.isobands"}},{"type":"Feature","geometry":{"coordinates":[[[[43.05808,34.00047],[40.85894,33.59109],[43.21516,31.54421],[43.37224,31.40775],[46.35679,30.45254],[46.82804,30.31608],[47.77052,30.72546],[48.87009,31.54421],[48.87009,31.68067],[48.87009,31.81713],[46.82804,34.00047],[46.67095,34.00047],[46.51387,34.00047],[46.35679,34.00047],[46.19971,34.00047],[46.04263,34.00047],[45.88555,34.00047],[45.72847,34.00047],[45.57138,34.00047],[45.4143,34.00047],[45.25722,34.00047],[45.10014,34.00047],[44.94306,34.00047],[44.78598,34.00047],[44.62889,34.00047],[44.47181,34.00047],[44.31473,34.00047],[44.15765,34.00047],[44.00057,34.00047],[43.84349,34.00047],[43.68641,34.00047],[43.52932,34.00047],[43.37224,34.00047],[43.21516,34.00047],[43.05808,34.00047]]],[[[43.21516,33.86401],[43.05808,33.86401],[42.74392,32.2265],[43.21516,31.54421],[44.00057,31.40775],[46.98512,30.99837],[47.1422,31.13483],[47.61344,31.54421],[47.61344,31.68067],[47.61344,31.81713],[46.82804,33.31817],[43.52932,33.86401],[43.37224,33.86401],[43.21516,33.86401]]],[[[43.21516,33.86401],[43.05808,33.59109],[43.21516,31.81713],[43.68641,31.54421],[45.10014,31.27129],[46.98512,31.13483],[47.1422,31.13483],[47.1422,31.54421],[47.1422,31.81713],[46.98512,32.2265],[46.51387,33.31817],[43.21516,33.86401]]],[[[43.52932,33.72755],[43.37224,33.72755],[43.21516,33.72755],[43.21516,32.2265],[43.21516,32.09004],[43.21516,31.95358],[43.37224,31.81713],[43.68641,31.54421],[46.98512,31.27129],[47.1422,31.54421],[46.82804,32.2265],[45.72847,33.18171],[45.4143,33.31817],[43.52932,33.72755]]],[[[46.82804,32.09004],[46.51387,32.36296],[46.04263,32.77234],[45.88555,32.9088],[45.57138,33.04525],[45.10014,33.18171],[44.62889,33.31817],[44.15765,33.45463],[44.00057,33.45463],[43.84349,33.45463],[43.68641,33.45463],[43.21516,32.09004],[43.37224,31.81713],[43.68641,31.68067],[44.31473,31.54421],[44.62889,31.54421],[44.78598,31.54421],[44.94306,31.54421],[45.57138,31.54421],[45.72847,31.54421],[45.88555,31.54421],[46.04263,31.54421],[46.19971,31.54421],[46.35679,31.54421],[46.51387,31.54421],[46.67095,31.54421],[46.82804,31.54421],[46.98512,31.54421],[46.98512,31.68067],[46.82804,32.09004]]],[[[45.88555,31.54421],[46.04263,31.54421],[46.19971,31.54421],[46.35679,31.54421],[46.51387,31.54421],[46.67095,31.54421],[46.82804,31.54421],[46.82804,31.68067],[46.82804,31.81713],[46.82804,31.95358],[46.67095,32.09004],[46.35679,32.36296],[46.04263,32.63588],[45.72847,32.9088],[44.94306,33.18171],[44.15765,33.45463],[44.00057,33.45463],[43.84349,33.45463],[43.68641,32.09004],[43.68641,31.95358],[43.68641,31.81713],[44.00057,31.68067],[44.62889,31.54421],[44.78598,31.54421],[45.88555,31.54421]]],[[[43.84349,32.09004],[43.68641,31.81713],[46.35679,31.54421],[46.51387,31.54421],[46.67095,31.54421],[46.82804,31.54421],[46.82804,31.81713],[46.67095,32.09004],[45.57138,32.9088],[45.25722,33.04525],[44.94306,33.18171],[44.78598,33.18171],[44.62889,33.04525],[43.84349,32.09004]]],[[[44.78598,33.04525],[44.00057,32.09004],[43.84349,31.81713],[46.51387,31.54421],[46.67095,31.54421],[46.82804,31.54421],[46.67095,32.09004],[44.94306,33.04525],[44.78598,33.04525]]],[[[44.15765,32.09004],[44.47181,31.81713],[46.67095,31.54421],[46.67095,31.68067],[46.67095,32.09004],[45.57138,32.36296],[45.4143,32.36296],[44.78598,32.2265],[44.15765,32.09004]]]],"type":"MultiPolygon"},"properties":{"placeId":"addb84c","name":"Casiphia","type":"settlement","landOrWater":"land","proposed":true,"role":"g523915.isobands"}},{"type":"Feature","geometry":{"coordinates":[[[24.121511,34.801558],[24.12242,34.800995],[24.121841,34.801801],[24.122876,34.803949],[24.1266,34.803838],[24.128523,34.805335],[24.130736,34.804953],[24.131131,34.805949],[24.132693,34.806569],[24.129669,34.809944],[24.129987,34.810794],[24.127486,34.811594],[24.124303,34.815125],[24.123614,34.816841],[24.124436,34.817475],[24.12252,34.818659],[24.118419,34.819274],[24.116006,34.821981],[24.112918,34.826355],[24.11321,34.828511],[24.111368,34.830933],[24.113009,34.841096],[24.11648,34.847463],[24.118343,34.848512],[24.11992,34.847676],[24.11866,34.846881],[24.120967,34.848035],[24.12236,34.847721],[24.122508,34.850044],[24.120918,34.851967],[24.125422,34.85315],[24.122374,34.856513],[24.1231,34.856914],[24.12146,34.86059],[24.119965,34.85967],[24.114427,34.861547],[24.113856,34.859584],[24.109505,34.85972],[24.107547,34.861109],[24.108979,34.864769],[24.105101,34.866551],[24.105051,34.8676],[24.103365,34.866879],[24.102626,34.867618],[24.099727,34.867846],[24.095573,34.866523],[24.092247,34.868057],[24.091575,34.867656],[24.091064,34.868413],[24.083088,34.867949],[24.080001,34.869652],[24.077297,34.869646],[24.073449,34.871314],[24.071136,34.870695],[24.069181,34.872486],[24.06829,34.871751],[24.065507,34.872486],[24.063313,34.87097],[24.0661,34.86999],[24.063974,34.868435],[24.066339,34.866591],[24.062965,34.864456],[24.060708,34.864542],[24.063611,34.860451],[24.059281,34.856824],[24.053206,34.858978],[24.050484,34.857613],[24.050476,34.85669],[24.047881,34.857609],[24.043988,34.856481],[24.043155,34.856868],[24.042727,34.856157],[24.038325,34.858872],[24.037989,34.857141],[24.0392,34.856018],[24.036299,34.855984],[24.038118,34.855115],[24.039838,34.855467],[24.039526,34.854105],[24.043135,34.852902],[24.043419,34.852346],[24.042622,34.852171],[24.044706,34.851982],[24.043795,34.849974],[24.044736,34.848968],[24.045455,34.844622],[24.050086,34.839177],[24.063279,34.831792],[24.071558,34.825374],[24.080882,34.822002],[24.084358,34.819457],[24.100661,34.811688],[24.110976,34.80798],[24.11552,34.80522],[24.116296,34.8039],[24.117729,34.804216],[24.121511,34.801558]]],"type":"Polygon"},"properties":{"placeId":"aca2b0a","name":"Cauda","type":"island","landOrWater":"land","proposed":false,"role":"g515500.simplified"}},{"type":"Feature","geometry":{"coordinates":[[[[44.44752,31.80262],[44.44752,31.69905],[44.44752,31.59548],[44.44752,31.49191],[44.44752,31.38834],[45.16514,30.4562],[45.40434,30.14549],[45.88275,30.04192],[46.00236,30.04192],[46.12196,30.04192],[46.24156,30.04192],[46.36117,30.04192],[46.48077,30.04192],[46.60037,30.04192],[46.71998,30.04192],[46.83958,30.04192],[46.95918,30.04192],[47.07878,30.04192],[47.43759,30.14549],[48.15521,30.66334],[48.27482,30.76691],[48.27482,30.87048],[46.83958,32.00976],[46.36117,32.32047],[45.04553,32.83833],[44.92593,32.83833],[44.56712,32.83833],[44.44752,32.2169],[44.44752,32.11333],[44.44752,32.00976],[44.44752,31.90619],[44.44752,31.80262]]],[[[44.80633,32.73476],[44.56712,32.11333],[45.16514,30.66334],[45.40434,30.14549],[47.07878,30.04192],[47.43759,30.14549],[47.6768,30.76691],[47.6768,30.87048],[47.6768,30.97405],[47.6768,31.07763],[46.95918,31.80262],[46.83958,31.90619],[46.71998,32.00976],[44.92593,32.73476],[44.80633,32.73476]]],[[[45.52395,30.14549],[45.64355,30.14549],[45.76315,30.14549],[45.88275,30.14549],[46.00236,30.14549],[46.12196,30.14549],[46.24156,30.14549],[46.36117,30.14549],[46.48077,30.14549],[46.60037,30.14549],[46.71998,30.14549],[46.83958,30.14549],[46.95918,30.14549],[47.07878,30.14549],[47.19839,30.14549],[47.31799,30.14549],[47.43759,30.24906],[47.43759,30.35263],[47.31799,31.1812],[46.12196,32.00976],[45.76315,32.2169],[45.40434,32.32047],[45.28474,32.32047],[45.16514,32.11333],[45.40434,30.4562],[45.52395,30.14549]]],[[[45.28474,32.2169],[45.28474,32.11333],[46.71998,30.35263],[46.83958,30.24906],[47.19839,30.87048],[47.19839,30.97405],[47.19839,31.07763],[47.07878,31.1812],[46.60037,31.59548],[46.00236,32.00976],[45.64355,32.2169],[45.52395,32.2169],[45.40434,32.2169],[45.28474,32.2169]]],[[[45.64355,32.00976],[45.40434,32.11333],[45.52395,32.00976],[45.64355,31.90619],[45.76315,31.80262],[46.71998,31.07763],[46.95918,30.97405],[47.07878,30.97405],[46.95918,31.1812],[45.64355,32.00976]]]],"type":"MultiPolygon"},"properties":{"placeId":"a32a4f8","name":"Chaldea","type":"region","landOrWater":"land","proposed":false,"role":"gae312e.isobands"}},{"type":"Feature","geometry":{"coordinates":[[44.402952,32.58557],[44.469927,32.55811],[44.550498,32.552319],[44.635027,32.488378],[44.679157,32.476492],[44.760083,32.418317],[44.823676,32.345945],[44.894152,32.287827],[45.049834,32.257383],[45.181327,32.201181],[45.223337,32.131499],[45.236588,32.12245],[45.243321,32.119149],[45.246572,32.103815],[45.252659,32.093591],[45.28942,31.942531],[45.388723,31.715906],[45.507614,31.534591],[45.59213,31.39888],[45.642739,31.342417],[45.715668,31.297727],[45.826701,31.239115],[45.857173,31.225469],[45.955635,31.171677]],"type":"LineString"},"properties":{"placeId":"a3d2f0a","name":"Chebar","type":"river","landOrWater":"water","proposed":true,"role":"gea6f29.geometry"}},{"type":"Feature","geometry":{"coordinates":[[35.789737,32.418582],[35.786947,32.413794],[35.780625,32.411417],[35.779432,32.410123],[35.779554,32.408644],[35.777601,32.408911],[35.77681,32.40962],[35.776737,32.411157],[35.774066,32.412737],[35.769407,32.412973],[35.768043,32.411938],[35.768362,32.411147],[35.770078,32.410318],[35.769832,32.409156],[35.768128,32.408252],[35.762416,32.40722],[35.761863,32.404709],[35.759268,32.404025],[35.753011,32.408174],[35.747535,32.408225],[35.746635,32.408831],[35.744397,32.407506],[35.738888,32.40587],[35.737382,32.403266],[35.734633,32.401846],[35.733669,32.399652],[35.73074,32.399501],[35.72667,32.39762],[35.725188,32.398448],[35.722203,32.397329],[35.719166,32.395015],[35.717759,32.395465],[35.713634,32.394354],[35.711744,32.391448],[35.710412,32.390842],[35.708143,32.391366],[35.706719,32.3932],[35.703507,32.395317],[35.702184,32.395563],[35.701028,32.394988],[35.699376,32.395784],[35.698953,32.398533],[35.695434,32.400596],[35.686527,32.401622],[35.685568,32.40085],[35.684596,32.401195],[35.682329,32.400349],[35.681391,32.399294],[35.676605,32.397984],[35.673259,32.399204],[35.672335,32.400915],[35.66849,32.402497],[35.666981,32.402235],[35.664362,32.403801],[35.659651,32.402854],[35.655503,32.401211],[35.652206,32.400908],[35.649237,32.398273],[35.645739,32.398823],[35.643847,32.397338],[35.641827,32.39751],[35.640674,32.396671],[35.636927,32.396014],[35.63571,32.396374],[35.633629,32.394892],[35.632588,32.394999],[35.63261,32.393764],[35.630356,32.394485],[35.629175,32.39392],[35.627788,32.39514],[35.622746,32.394277],[35.621344,32.394731],[35.617131,32.392558],[35.613639,32.392548],[35.609609,32.391292],[35.60685,32.389579],[35.604696,32.389718],[35.603315,32.388472],[35.599589,32.390288],[35.59864,32.392275],[35.597123,32.391618],[35.596019,32.391906],[35.593588,32.393799],[35.592255,32.393918],[35.591095,32.394855],[35.590829,32.396052],[35.588293,32.397714],[35.584643,32.398605],[35.575397,32.397569],[35.570893,32.395493],[35.570772,32.394781],[35.569436,32.394917],[35.568847,32.394135],[35.566845,32.394667],[35.565687,32.394156],[35.564866,32.395121],[35.563906,32.394258],[35.561547,32.395512],[35.56124,32.396395],[35.559881,32.396494],[35.55752,32.39509],[35.553494,32.394603],[35.551634,32.392354]],"type":"LineString"},"properties":{"placeId":"aa7bee8","name":"Cherith","type":"wadi","landOrWater":"water","proposed":true,"role":"ga19461.simplified"}},{"type":"Feature","geometry":{"coordinates":[[[[43.05808,34.00047],[40.85894,33.59109],[43.21516,31.54421],[43.37224,31.40775],[46.35679,30.45254],[46.82804,30.31608],[47.77052,30.72546],[48.87009,31.54421],[48.87009,31.68067],[48.87009,31.81713],[46.82804,34.00047],[46.67095,34.00047],[46.51387,34.00047],[46.35679,34.00047],[46.19971,34.00047],[46.04263,34.00047],[45.88555,34.00047],[45.72847,34.00047],[45.57138,34.00047],[45.4143,34.00047],[45.25722,34.00047],[45.10014,34.00047],[44.94306,34.00047],[44.78598,34.00047],[44.62889,34.00047],[44.47181,34.00047],[44.31473,34.00047],[44.15765,34.00047],[44.00057,34.00047],[43.84349,34.00047],[43.68641,34.00047],[43.52932,34.00047],[43.37224,34.00047],[43.21516,34.00047],[43.05808,34.00047]]],[[[43.21516,33.86401],[43.05808,33.86401],[42.74392,32.2265],[43.21516,31.54421],[44.00057,31.40775],[46.98512,30.99837],[47.1422,31.13483],[47.61344,31.54421],[47.61344,31.68067],[47.61344,31.81713],[46.82804,33.31817],[43.52932,33.86401],[43.37224,33.86401],[43.21516,33.86401]]],[[[43.21516,33.86401],[43.05808,33.59109],[43.21516,31.81713],[43.68641,31.54421],[45.10014,31.27129],[46.98512,31.13483],[47.1422,31.13483],[47.1422,31.54421],[47.1422,31.81713],[46.98512,32.2265],[46.51387,33.31817],[43.21516,33.86401]]],[[[43.52932,33.72755],[43.37224,33.72755],[43.21516,33.72755],[43.21516,32.2265],[43.21516,32.09004],[43.21516,31.95358],[43.37224,31.81713],[43.68641,31.54421],[46.98512,31.27129],[47.1422,31.54421],[46.82804,32.2265],[45.72847,33.18171],[45.4143,33.31817],[43.52932,33.72755]]],[[[46.82804,32.09004],[46.51387,32.36296],[46.04263,32.77234],[45.88555,32.9088],[45.57138,33.04525],[45.10014,33.18171],[44.62889,33.31817],[44.15765,33.45463],[44.00057,33.45463],[43.84349,33.45463],[43.68641,33.45463],[43.21516,32.09004],[43.37224,31.81713],[43.68641,31.68067],[44.31473,31.54421],[44.62889,31.54421],[44.78598,31.54421],[44.94306,31.54421],[45.57138,31.54421],[45.72847,31.54421],[45.88555,31.54421],[46.04263,31.54421],[46.19971,31.54421],[46.35679,31.54421],[46.51387,31.54421],[46.67095,31.54421],[46.82804,31.54421],[46.98512,31.54421],[46.98512,31.68067],[46.82804,32.09004]]],[[[45.88555,31.54421],[46.04263,31.54421],[46.19971,31.54421],[46.35679,31.54421],[46.51387,31.54421],[46.67095,31.54421],[46.82804,31.54421],[46.82804,31.68067],[46.82804,31.81713],[46.82804,31.95358],[46.67095,32.09004],[46.35679,32.36296],[46.04263,32.63588],[45.72847,32.9088],[44.94306,33.18171],[44.15765,33.45463],[44.00057,33.45463],[43.84349,33.45463],[43.68641,32.09004],[43.68641,31.95358],[43.68641,31.81713],[44.00057,31.68067],[44.62889,31.54421],[44.78598,31.54421],[45.88555,31.54421]]],[[[43.84349,32.09004],[43.68641,31.81713],[46.35679,31.54421],[46.51387,31.54421],[46.67095,31.54421],[46.82804,31.54421],[46.82804,31.81713],[46.67095,32.09004],[45.57138,32.9088],[45.25722,33.04525],[44.94306,33.18171],[44.78598,33.18171],[44.62889,33.04525],[43.84349,32.09004]]],[[[44.78598,33.04525],[44.00057,32.09004],[43.84349,31.81713],[46.51387,31.54421],[46.67095,31.54421],[46.82804,31.54421],[46.67095,32.09004],[44.94306,33.04525],[44.78598,33.04525]]],[[[44.15765,32.09004],[44.47181,31.81713],[46.67095,31.54421],[46.67095,31.68067],[46.67095,32.09004],[45.57138,32.36296],[45.4143,32.36296],[44.78598,32.2265],[44.15765,32.09004]]]],"type":"MultiPolygon"},"properties":{"placeId":"ab3ad14","name":"Cherub","type":"settlement","landOrWater":"land","proposed":true,"role":"g523915.isobands"}},{"type":"Feature","geometry":{"coordinates":[[[50.011002,30.088045],[51.274977,27.694685],[51.968945,27.609028],[52.543486,27.20282],[53.574455,26.563513],[54.784824,26.32797],[56.551349,26.977192],[57.236117,25.52583],[59.106793,29.245149],[67.553301,30.971734],[67.40204,33.293338],[63.109926,39.492965],[53.925093,36.989022],[51.826439,36.676968],[50.475233,37.138887],[50.333849,37.458567],[49.23762,37.615969],[49.058806,38.442823],[45.126246,41.165846],[43.314852,41.359638],[41.52824,40.338099],[36.877553,40.513882],[36.556185,41.467699],[35.460059,42.142747],[33.730665,39.348271],[34.945889,38.788819],[39.839415,37.914506],[40.277386,36.597958],[45.212807,36.061842],[47.519954,34.14296],[49.578808,32.720199],[50.59391,30.775085],[50.011002,30.088045]]],"type":"Polygon"},"properties":{"placeId":"a961693","name":"Chilmad","type":"region","landOrWater":"land","proposed":true,"role":"g64db35.geometry"}},{"type":"Feature","geometry":{"coordinates":[[[26.159364,38.554427],[26.136797,38.569036],[26.125766,38.568905],[26.124427,38.554389],[26.128576,38.546505],[26.121217,38.555287],[26.114979,38.555523],[26.114806,38.543107],[26.106743,38.557533],[26.088571,38.556438],[26.064661,38.595087],[26.044769,38.589647],[26.008097,38.605268],[25.936891,38.588754],[25.876107,38.586743],[25.855878,38.580859],[25.843957,38.567892],[25.840911,38.556722],[25.830702,38.54906],[25.82996,38.538508],[25.843504,38.52776],[25.855245,38.498528],[25.892087,38.473028],[25.924602,38.466699],[25.941849,38.458023],[25.943141,38.446627],[25.950527,38.443952],[25.955501,38.434931],[25.952224,38.417182],[25.96022,38.417032],[25.956425,38.405087],[25.968833,38.396802],[25.971644,38.400555],[25.990562,38.368398],[25.983735,38.365125],[25.984903,38.360121],[25.992014,38.359108],[25.993526,38.343649],[25.989156,38.346788],[25.98244,38.343788],[25.980307,38.334411],[25.972227,38.331802],[25.96471,38.317604],[25.970972,38.310547],[25.954576,38.296466],[25.930081,38.301847],[25.927662,38.294623],[25.922607,38.303651],[25.889672,38.280043],[25.870868,38.2771],[25.871323,38.26879],[25.860338,38.247845],[25.865646,38.238714],[25.88588,38.240733],[25.885674,38.213286],[25.892765,38.219279],[25.908661,38.218],[25.908664,38.208287],[25.923368,38.193699],[25.929213,38.189723],[25.950001,38.193419],[25.946016,38.186265],[25.968483,38.165318],[25.992888,38.160183],[25.997458,38.152808],[26.008523,38.154017],[26.009212,38.145532],[26.025339,38.155098],[26.026764,38.178844],[26.037051,38.186714],[26.039834,38.197562],[26.07057,38.205363],[26.101578,38.205878],[26.108335,38.223065],[26.120648,38.234564],[26.106454,38.244778],[26.106289,38.271553],[26.163916,38.31221],[26.155904,38.322324],[26.164344,38.325995],[26.162313,38.33159],[26.14446,38.339876],[26.144464,38.368333],[26.138618,38.369664],[26.135548,38.406074],[26.145756,38.443859],[26.154365,38.450875],[26.155459,38.459962],[26.153623,38.466421],[26.13965,38.464643],[26.144359,38.477487],[26.128251,38.478179],[26.129323,38.485637],[26.154813,38.496269],[26.152161,38.521968],[26.163819,38.533882],[26.159364,38.554427]]],"type":"Polygon"},"properties":{"placeId":"a4c2c75","name":"Chios","type":"island","landOrWater":"land","proposed":false,"role":"gcd1146.simplified"}},{"type":"Feature","geometry":{"coordinates":[[[[32.02849,37.00751],[32.02849,36.91129],[32.02849,36.81507],[32.02849,36.71885],[32.02849,36.62263],[32.02849,36.52642],[32.02849,36.4302],[32.26612,36.14154],[32.38493,36.04532],[32.50374,35.9491],[32.62255,35.9491],[32.74136,35.9491],[33.81067,36.04532],[35.83046,36.33398],[36.89976,36.81507],[37.13739,37.00751],[37.13739,37.10373],[37.13739,37.9697],[37.01858,37.9697],[36.89976,37.9697],[36.78095,37.9697],[36.66214,37.9697],[36.30571,37.9697],[36.06808,37.9697],[35.94927,37.9697],[35.83046,37.9697],[35.71165,37.9697],[35.47403,37.9697],[35.35522,37.9697],[35.2364,37.9697],[35.11759,37.9697],[34.99878,37.9697],[32.38493,37.29617],[32.26612,37.19995],[32.1473,37.10373],[32.02849,37.00751]]],[[[32.02849,37.00751],[32.02849,36.91129],[32.02849,36.81507],[32.02849,36.71885],[32.02849,36.62263],[32.02849,36.52642],[32.02849,36.4302],[32.26612,36.14154],[32.38493,36.04532],[32.50374,35.9491],[32.62255,35.9491],[32.74136,35.9491],[33.69185,36.04532],[34.1671,36.14154],[36.1869,36.62263],[36.78095,36.81507],[36.89976,36.91129],[37.01858,37.00751],[37.01858,37.39238],[36.89976,37.58482],[36.78095,37.68104],[36.42452,37.87348],[36.06808,37.9697],[34.76116,37.77726],[32.50374,37.19995],[32.1473,37.10373],[32.02849,37.00751]]],[[[32.02849,36.52642],[32.02849,36.4302],[32.26612,36.14154],[32.38493,36.04532],[32.50374,35.9491],[32.62255,35.9491],[32.74136,35.9491],[33.69185,36.04532],[34.1671,36.14154],[35.71165,36.52642],[36.66214,36.81507],[36.89976,36.91129],[36.89976,37.00751],[36.89976,37.10373],[36.89976,37.19995],[36.89976,37.29617],[36.89976,37.39238],[36.89976,37.4886],[36.78095,37.68104],[36.30571,37.87348],[36.1869,37.87348],[36.06808,37.87348],[35.94927,37.87348],[35.83046,37.87348],[35.35522,37.77726],[32.1473,37.10373],[32.02849,36.81507],[32.02849,36.71885],[32.02849,36.62263],[32.02849,36.52642]]],[[[32.02849,36.4302],[32.38493,36.04532],[32.50374,35.9491],[32.62255,35.9491],[32.74136,35.9491],[33.69185,36.04532],[34.1671,36.14154],[35.71165,36.52642],[36.78095,36.91129],[36.89976,37.00751],[36.89976,37.10373],[36.89976,37.19995],[36.89976,37.39238],[36.89976,37.4886],[36.78095,37.68104],[36.1869,37.87348],[35.47403,37.77726],[32.26612,37.10373],[32.1473,36.81507],[32.02849,36.52642],[32.02849,36.4302]]],[[[32.02849,36.4302],[32.38493,36.04532],[32.50374,35.9491],[32.62255,35.9491],[33.69185,36.04532],[35.59284,36.52642],[36.78095,36.91129],[36.89976,37.00751],[36.89976,37.10373],[36.78095,37.4886],[36.66214,37.58482],[36.54333,37.68104],[35.83046,37.77726],[35.71165,37.77726],[35.59284,37.77726],[32.74136,37.10373],[32.38493,37.00751],[32.26612,36.91129],[32.1473,36.71885],[32.02849,36.52642],[32.02849,36.4302]]],[[[32.1473,36.71885],[32.1473,36.62263],[32.1473,36.52642],[32.1473,36.4302],[32.1473,36.33398],[32.38493,36.04532],[32.50374,35.9491],[33.69185,36.04532],[35.59284,36.52642],[36.66214,36.91129],[36.78095,37.00751],[36.78095,37.10373],[36.66214,37.58482],[36.30571,37.68104],[36.1869,37.68104],[36.06808,37.68104],[35.94927,37.68104],[35.47403,37.68104],[35.35522,37.68104],[32.50374,37.00751],[32.38493,36.91129],[32.26612,36.81507],[32.1473,36.71885]]],[[[32.1473,36.62263],[32.1473,36.52642],[32.1473,36.4302],[32.1473,36.33398],[32.50374,35.9491],[33.69185,36.04532],[35.59284,36.52642],[35.83046,36.62263],[36.30571,36.81507],[36.78095,37.00751],[36.66214,37.39238],[36.30571,37.68104],[36.1869,37.68104],[36.06808,37.68104],[35.47403,37.58482],[34.87997,37.4886],[32.62255,37.00751],[32.26612,36.81507],[32.1473,36.62263]]],[[[32.1473,36.62263],[32.1473,36.52642],[32.1473,36.4302],[32.26612,36.23776],[32.38493,36.14154],[32.50374,36.04532],[32.62255,36.04532],[32.74136,36.04532],[32.86017,36.04532],[32.97899,36.04532],[33.0978,36.04532],[33.21661,36.04532],[33.33542,36.04532],[33.45423,36.04532],[33.57304,36.04532],[34.04829,36.14154],[35.59284,36.52642],[35.83046,36.62263],[36.54333,37.00751],[36.54333,37.10373],[36.54333,37.19995],[36.54333,37.39238],[36.06808,37.68104],[34.99878,37.4886],[34.52353,37.39238],[32.50374,36.81507],[32.26612,36.71885],[32.1473,36.62263]]],[[[32.50374,36.14154],[32.62255,36.04532],[32.74136,36.04532],[32.86017,36.04532],[32.97899,36.04532],[33.0978,36.04532],[33.21661,36.04532],[33.81067,36.14154],[35.47403,36.52642],[36.42452,37.00751],[36.54333,37.10373],[36.42452,37.19995],[36.30571,37.29617],[36.06808,37.39238],[35.2364,37.4886],[35.11759,37.4886],[34.52353,37.39238],[32.50374,36.71885],[32.38493,36.62263],[32.26612,36.33398],[32.38493,36.23776],[32.50374,36.14154]]]],"type":"MultiPolygon"},"properties":{"placeId":"ad63819","name":"Cilicia","type":"region","landOrWater":"land","proposed":false,"role":"gc82ef6.isobands"}},{"type":"Feature","geometry":{"coordinates":[[[27.156616,36.884797],[27.14421,36.880282],[27.118229,36.863902],[27.101707,36.856056],[27.081206,36.850297],[27.07595,36.850594],[27.077022,36.852522],[27.075662,36.852042],[27.069744,36.842408],[27.059854,36.837847],[27.041678,36.818052],[27.029026,36.812216],[27.023612,36.803229],[27.002919,36.778993],[26.992428,36.77015],[26.989384,36.769311],[26.97749,36.772898],[26.963627,36.77311],[26.962796,36.774602],[26.965623,36.774689],[26.962916,36.775137],[26.951929,36.771375],[26.948526,36.768129],[26.945561,36.76932],[26.944013,36.767009],[26.939141,36.76543],[26.931712,36.767796],[26.926205,36.761602],[26.921894,36.764016],[26.921483,36.75486],[26.917757,36.749143],[26.924012,36.741697],[26.917193,36.718764],[26.921663,36.713978],[26.922199,36.707634],[26.924796,36.704129],[26.934032,36.698651],[26.942279,36.686146],[26.952909,36.681515],[26.954464,36.676125],[26.958546,36.677696],[26.961506,36.674697],[26.969592,36.671699],[26.974083,36.672695],[26.966885,36.682678],[26.968636,36.689173],[26.966591,36.692164],[26.967979,36.697588],[26.966739,36.70499],[26.971986,36.711787],[26.979837,36.715438],[26.983117,36.714278],[26.984514,36.716606],[26.982891,36.718259],[26.984359,36.721055],[26.980407,36.728436],[26.972467,36.73386],[26.973245,36.736737],[26.971501,36.735818],[26.970237,36.737413],[26.971703,36.743442],[26.978913,36.749653],[27.002662,36.757138],[27.00759,36.756038],[27.005221,36.757418],[27.006383,36.759788],[27.015581,36.763886],[27.042862,36.767927],[27.060947,36.767318],[27.101509,36.756419],[27.112419,36.757398],[27.114996,36.760681],[27.144803,36.780508],[27.147224,36.782789],[27.143724,36.781577],[27.163002,36.802952],[27.171628,36.807922],[27.222081,36.824225],[27.255417,36.830594],[27.26548,36.830635],[27.285312,36.836201],[27.290117,36.839143],[27.302266,36.839884],[27.313252,36.8441],[27.324333,36.845428],[27.355992,36.859037],[27.351817,36.874826],[27.338989,36.890525],[27.323829,36.884577],[27.30767,36.886792],[27.301094,36.892944],[27.294338,36.893027],[27.290184,36.898726],[27.288834,36.896697],[27.289871,36.89498],[27.287733,36.894576],[27.286287,36.89618],[27.288472,36.898341],[27.286238,36.899407],[27.283923,36.909067],[27.280145,36.915667],[27.235322,36.894429],[27.201082,36.889734],[27.173713,36.891066],[27.156616,36.884797]]],"type":"Polygon"},"properties":{"placeId":"a398e5d","name":"Cos","type":"island","landOrWater":"land","proposed":false,"role":"gf61273.simplified"}},{"type":"Feature","geometry":{"coordinates":[[[26.283864,35.319785],[26.259968,35.289663],[26.226716,35.28144],[26.165686,35.206729],[26.118552,35.208928],[26.123755,35.230747],[26.075961,35.228766],[26.06968,35.243858],[26.033362,35.236648],[25.942896,35.186378],[25.894599,35.193178],[25.813869,35.11843],[25.736398,35.136592],[25.719209,35.177089],[25.726174,35.218113],[25.748403,35.232683],[25.73437,35.300686],[25.768096,35.314785],[25.780802,35.345974],[25.662301,35.353723],[25.42696,35.297067],[25.391159,35.345952],[25.0547,35.344987],[25.048916,35.4094],[24.970004,35.435631],[24.954355,35.407932],[24.889558,35.425573],[24.835538,35.412671],[24.69622,35.431321],[24.527194,35.377247],[24.311152,35.357017],[24.270192,35.364316],[24.270252,35.424647],[24.246214,35.47998],[24.197183,35.453234],[24.070314,35.497632],[24.17294,35.489581],[24.189936,35.503326],[24.21028,35.539504],[24.180847,35.592289],[24.119888,35.60808],[24.077906,35.598665],[24.064781,35.58498],[24.078159,35.557595],[23.99163,35.514259],[23.846771,35.531318],[23.786194,35.549081],[23.770047,35.648784],[23.783622,35.668788],[23.735792,35.703502],[23.701646,35.661271],[23.714169,35.50995],[23.659257,35.503302],[23.618258,35.523432],[23.617279,35.601034],[23.60091,35.632551],[23.588753,35.627933],[23.590188,35.585846],[23.575715,35.590737],[23.562752,35.524567],[23.574901,35.496535],[23.55186,35.469795],[23.560404,35.419614],[23.52678,35.382332],[23.525018,35.337842],[23.545958,35.327458],[23.511108,35.292562],[23.578176,35.259519],[23.591653,35.229788],[23.659314,35.237034],[23.678622,35.222125],[23.731017,35.239873],[23.766812,35.227585],[23.814471,35.245695],[23.92245,35.218989],[23.990266,35.226786],[24.03191,35.190853],[24.195267,35.19015],[24.288039,35.168364],[24.384041,35.187365],[24.385947,35.166627],[24.503381,35.139912],[24.560891,35.094955],[24.729589,35.081978],[24.751122,35.014429],[24.718902,34.918002],[24.80182,34.916589],[24.816775,34.929675],[25.098849,34.926187],[25.384596,34.992534],[25.499465,34.974685],[25.680706,35.007522],[25.799045,34.990459],[25.941288,35.025789],[26.142773,34.993536],[26.239551,35.02776],[26.278801,35.084524],[26.289134,35.160383],[26.321231,35.169502],[26.323821,35.202343],[26.280937,35.209011],[26.277811,35.261588],[26.316523,35.295451],[26.319579,35.321393],[26.283864,35.319785]]],"type":"Polygon"},"properties":{"placeId":"a26aa94","name":"Crete","type":"island","landOrWater":"land","proposed":false,"role":"g7913a9.simplified"}},{"type":"Feature","geometry":{"coordinates":[[[[30.13874,19.16679],[30.39201,17.9291],[31.15182,16.69142],[32.41816,14.71112],[35.20411,13.47344],[35.45738,13.47344],[35.71065,13.47344],[36.47045,13.47344],[37.73679,13.47344],[37.99006,13.47344],[37.99006,13.72098],[33.6845,23.37492],[33.43123,23.62245],[33.17796,23.62245],[30.89855,23.37492],[30.13874,20.89955],[30.13874,20.65201],[30.13874,20.40447],[30.13874,20.15694],[30.13874,19.9094],[30.13874,19.66186],[30.13874,19.41433],[30.13874,19.16679]]],[[[30.64528,19.41433],[30.64528,19.16679],[31.65835,16.69142],[33.6845,15.2062],[36.21718,13.96851],[35.45738,16.69142],[33.43123,23.37492],[33.17796,23.37492],[32.92469,23.37492],[32.67143,23.37492],[32.41816,23.37492],[32.16489,23.37492],[31.91162,23.37492],[31.65835,23.37492],[31.40508,23.37492],[31.15182,23.12738],[30.89855,21.88969],[30.64528,19.41433]]],[[[31.15182,19.9094],[30.89855,19.16679],[32.16489,16.93896],[33.6845,15.2062],[33.93777,15.45374],[34.19104,15.70127],[34.69757,17.18649],[34.69757,17.43403],[33.43123,20.40447],[33.17796,20.89955],[32.92469,20.89955],[32.67143,20.89955],[32.41816,20.89955],[32.16489,20.89955],[31.91162,20.89955],[31.65835,20.89955],[31.40508,20.40447],[31.15182,19.9094]]],[[[32.92469,20.40447],[32.67143,20.40447],[32.16489,20.15694],[31.40508,19.41433],[31.65835,18.91925],[32.41816,17.43403],[32.67143,16.93896],[32.92469,16.44388],[33.17796,15.94881],[33.43123,15.70127],[33.93777,15.94881],[34.19104,16.19635],[34.19104,17.68157],[34.19104,17.9291],[33.43123,20.40447],[33.17796,20.40447],[32.92469,20.40447]]],[[[33.17796,18.42418],[32.92469,18.67172],[32.41816,17.68157],[32.41816,17.43403],[32.67143,16.93896],[33.43123,16.69142],[33.6845,16.69142],[33.93777,16.69142],[33.6845,17.68157],[33.17796,18.42418]]],[[[32.41816,17.43403],[33.6845,16.93896],[33.43123,17.43403],[33.17796,17.68157],[32.92469,17.68157],[32.67143,17.68157],[32.41816,17.68157],[32.41816,17.43403]]]],"type":"MultiPolygon"},"properties":{"placeId":"ac5a1ec","name":"Cush 1","type":"region","landOrWater":"land","proposed":false,"role":"g4b4d59.isobands"}},{"type":"Feature","geometry":{"coordinates":[[[[43.05808,34.00047],[40.85894,33.59109],[43.21516,31.54421],[43.37224,31.40775],[46.35679,30.45254],[46.82804,30.31608],[47.77052,30.72546],[48.87009,31.54421],[48.87009,31.68067],[48.87009,31.81713],[46.82804,34.00047],[46.67095,34.00047],[46.51387,34.00047],[46.35679,34.00047],[46.19971,34.00047],[46.04263,34.00047],[45.88555,34.00047],[45.72847,34.00047],[45.57138,34.00047],[45.4143,34.00047],[45.25722,34.00047],[45.10014,34.00047],[44.94306,34.00047],[44.78598,34.00047],[44.62889,34.00047],[44.47181,34.00047],[44.31473,34.00047],[44.15765,34.00047],[44.00057,34.00047],[43.84349,34.00047],[43.68641,34.00047],[43.52932,34.00047],[43.37224,34.00047],[43.21516,34.00047],[43.05808,34.00047]]],[[[43.21516,33.86401],[43.05808,33.86401],[42.74392,32.2265],[43.21516,31.54421],[44.00057,31.40775],[46.98512,30.99837],[47.1422,31.13483],[47.61344,31.54421],[47.61344,31.68067],[47.61344,31.81713],[46.82804,33.31817],[43.52932,33.86401],[43.37224,33.86401],[43.21516,33.86401]]],[[[43.21516,33.86401],[43.05808,33.59109],[43.21516,31.81713],[43.68641,31.54421],[45.10014,31.27129],[46.98512,31.13483],[47.1422,31.13483],[47.1422,31.54421],[47.1422,31.81713],[46.98512,32.2265],[46.51387,33.31817],[43.21516,33.86401]]],[[[43.52932,33.72755],[43.37224,33.72755],[43.21516,33.72755],[43.21516,32.2265],[43.21516,32.09004],[43.21516,31.95358],[43.37224,31.81713],[43.68641,31.54421],[46.98512,31.27129],[47.1422,31.54421],[46.82804,32.2265],[45.72847,33.18171],[45.4143,33.31817],[43.52932,33.72755]]],[[[46.82804,32.09004],[46.51387,32.36296],[46.04263,32.77234],[45.88555,32.9088],[45.57138,33.04525],[45.10014,33.18171],[44.62889,33.31817],[44.15765,33.45463],[44.00057,33.45463],[43.84349,33.45463],[43.68641,33.45463],[43.21516,32.09004],[43.37224,31.81713],[43.68641,31.68067],[44.31473,31.54421],[44.62889,31.54421],[44.78598,31.54421],[44.94306,31.54421],[45.57138,31.54421],[45.72847,31.54421],[45.88555,31.54421],[46.04263,31.54421],[46.19971,31.54421],[46.35679,31.54421],[46.51387,31.54421],[46.67095,31.54421],[46.82804,31.54421],[46.98512,31.54421],[46.98512,31.68067],[46.82804,32.09004]]],[[[45.88555,31.54421],[46.04263,31.54421],[46.19971,31.54421],[46.35679,31.54421],[46.51387,31.54421],[46.67095,31.54421],[46.82804,31.54421],[46.82804,31.68067],[46.82804,31.81713],[46.82804,31.95358],[46.67095,32.09004],[46.35679,32.36296],[46.04263,32.63588],[45.72847,32.9088],[44.94306,33.18171],[44.15765,33.45463],[44.00057,33.45463],[43.84349,33.45463],[43.68641,32.09004],[43.68641,31.95358],[43.68641,31.81713],[44.00057,31.68067],[44.62889,31.54421],[44.78598,31.54421],[45.88555,31.54421]]],[[[43.84349,32.09004],[43.68641,31.81713],[46.35679,31.54421],[46.51387,31.54421],[46.67095,31.54421],[46.82804,31.54421],[46.82804,31.81713],[46.67095,32.09004],[45.57138,32.9088],[45.25722,33.04525],[44.94306,33.18171],[44.78598,33.18171],[44.62889,33.04525],[43.84349,32.09004]]],[[[44.78598,33.04525],[44.00057,32.09004],[43.84349,31.81713],[46.51387,31.54421],[46.67095,31.54421],[46.82804,31.54421],[46.67095,32.09004],[44.94306,33.04525],[44.78598,33.04525]]],[[[44.15765,32.09004],[44.47181,31.81713],[46.67095,31.54421],[46.67095,31.68067],[46.67095,32.09004],[45.57138,32.36296],[45.4143,32.36296],[44.78598,32.2265],[44.15765,32.09004]]]],"type":"MultiPolygon"},"properties":{"placeId":"a74ee0d","name":"Cush 2","type":"region","landOrWater":"land","proposed":true,"role":"g523915.isobands"}},{"type":"Feature","geometry":{"coordinates":[[[[35.21675,29.66221],[34.51739,29.4552],[34.51739,29.4138],[34.79714,28.25455],[34.84376,28.21315],[35.91612,27.50932],[35.96274,27.50932],[36.00937,27.50932],[36.05599,27.55072],[36.10262,28.83418],[36.10262,28.87558],[35.58975,29.57941],[35.4965,29.66221],[35.44988,29.66221],[35.40325,29.66221],[35.35663,29.66221],[35.31,29.66221],[35.26338,29.66221],[35.21675,29.66221]]],[[[35.03026,28.21315],[35.07688,28.21315],[36.00937,28.87558],[35.4965,29.57941],[35.35663,29.62081],[35.31,29.62081],[35.26338,29.62081],[35.21675,29.62081],[35.17013,29.62081],[35.12351,29.53801],[35.07688,29.4552],[34.93701,28.95838],[34.79714,28.37876],[34.79714,28.33735],[34.79714,28.29595],[34.79714,28.25455],[34.89038,28.21315],[34.93701,28.21315],[34.98363,28.21315],[35.03026,28.21315]]],[[[35.40325,29.57941],[35.35663,29.57941],[35.31,29.57941],[35.26338,29.57941],[35.21675,29.57941],[35.17013,29.57941],[35.07688,29.4552],[34.93701,28.95838],[34.84376,28.50296],[34.79714,28.29595],[34.84376,28.25455],[34.89038,28.21315],[34.93701,28.21315],[35.07688,28.25455],[35.77625,28.83418],[35.77625,28.87558],[35.4965,29.57941],[35.44988,29.57941],[35.40325,29.57941]]],[[[34.84376,28.46156],[34.84376,28.42016],[34.84376,28.37876],[34.84376,28.33735],[34.84376,28.29595],[34.84376,28.25455],[34.89038,28.25455],[34.93701,28.25455],[34.98363,28.25455],[35.03026,28.25455],[35.07688,28.25455],[35.72962,28.83418],[35.72962,28.87558],[35.44988,29.53801],[35.40325,29.57941],[35.35663,29.57941],[35.31,29.57941],[35.17013,29.53801],[35.07688,29.4552],[34.93701,28.91698],[34.89038,28.70997],[34.84376,28.50296],[34.84376,28.46156]]],[[[34.84376,28.46156],[34.84376,28.42016],[34.84376,28.37876],[34.84376,28.33735],[34.84376,28.29595],[34.89038,28.25455],[34.93701,28.25455],[34.98363,28.25455],[35.03026,28.29595],[35.35663,28.91698],[35.40325,29.4138],[35.40325,29.4552],[35.40325,29.49661],[35.35663,29.53801],[35.31,29.53801],[35.26338,29.53801],[35.21675,29.53801],[35.17013,29.49661],[35.12351,29.4552],[35.07688,29.4138],[34.98363,29.08259],[34.89038,28.70997],[34.84376,28.46156]]],[[[34.98363,28.25455],[35.03026,28.29595],[35.35663,28.95838],[35.40325,29.4138],[35.40325,29.4552],[35.40325,29.49661],[35.35663,29.53801],[35.31,29.53801],[35.21675,29.49661],[35.17013,29.4552],[35.07688,29.2896],[35.03026,29.20679],[34.98363,29.04119],[34.93701,28.87558],[34.89038,28.70997],[34.84376,28.33735],[34.84376,28.29595],[34.93701,28.25455],[34.98363,28.25455]]],[[[34.89038,28.66857],[34.89038,28.62717],[34.89038,28.50296],[34.89038,28.46156],[34.89038,28.42016],[34.89038,28.37876],[34.89038,28.33735],[34.89038,28.29595],[34.93701,28.29595],[34.98363,28.29595],[35.03026,28.29595],[35.31,28.95838],[35.35663,29.4138],[35.35663,29.4552],[35.35663,29.49661],[35.31,29.49661],[35.26338,29.49661],[35.03026,29.16539],[34.93701,28.87558],[34.89038,28.66857]]],[[[35.07688,29.16539],[35.03026,29.08259],[34.98363,28.99978],[34.93701,28.87558],[34.89038,28.66857],[34.89038,28.46156],[34.89038,28.42016],[34.93701,28.33735],[34.98363,28.33735],[35.03026,28.33735],[35.07688,28.46156],[35.26338,28.91698],[35.26338,28.95838],[35.26338,28.99978],[35.26338,29.08259],[35.21675,29.2896],[35.17013,29.2482],[35.12351,29.20679],[35.07688,29.16539]]],[[[34.93701,28.66857],[34.93701,28.62717],[34.93701,28.54436],[34.93701,28.50296],[34.93701,28.46156],[34.93701,28.42016],[34.93701,28.37876],[34.93701,28.33735],[34.98363,28.33735],[35.03026,28.37876],[35.07688,28.46156],[35.26338,28.95838],[35.17013,29.2482],[35.12351,29.20679],[34.98363,28.99978],[34.93701,28.83418],[34.93701,28.79277],[34.93701,28.75137],[34.93701,28.70997],[34.93701,28.66857]]]],"type":"MultiPolygon"},"properties":{"placeId":"a567e0e","name":"Cushan","type":"region","landOrWater":"land","proposed":true,"role":"g4fc33f.isobands"}},{"type":"Feature","geometry":{"coordinates":[[[32.5687,35.169754],[32.548763,35.173447],[32.487636,35.083543],[32.427746,35.044729],[32.361088,35.046865],[32.28845,35.104887],[32.275871,35.100076],[32.275224,35.037621],[32.313779,34.995944],[32.313396,34.962748],[32.301522,34.956085],[32.325297,34.926001],[32.316033,34.899397],[32.347578,34.856931],[32.388203,34.840513],[32.399804,34.754909],[32.494356,34.702855],[32.555041,34.697957],[32.703319,34.64024],[32.791122,34.664291],[32.874729,34.66688],[32.923565,34.618646],[32.940456,34.575482],[32.933122,34.565922],[32.973607,34.573306],[33.028549,34.562536],[33.03636,34.567594],[33.008675,34.593637],[33.005913,34.618944],[33.010803,34.641301],[33.032845,34.650441],[33.006892,34.647914],[33.063483,34.685644],[33.148964,34.712708],[33.260061,34.70539],[33.291425,34.724632],[33.318861,34.715038],[33.429152,34.764067],[33.495454,34.777131],[33.551377,34.819158],[33.602749,34.815834],[33.639511,34.865986],[33.645643,34.943813],[33.684251,34.974358],[33.776035,34.980376],[33.858484,34.942597],[33.891961,34.954638],[33.899286,34.971371],[33.970852,34.988274],[34.085661,34.956398],[34.064641,35.012459],[33.91189,35.163134],[33.899877,35.203086],[33.906556,35.257322],[33.966955,35.321807],[34.06619,35.328818],[34.080839,35.368123],[34.134212,35.415943],[34.300345,35.489299],[34.409147,35.556831],[34.437401,35.601815],[34.562681,35.64129],[34.588508,35.695158],[34.346565,35.623048],[34.338684,35.603351],[34.290108,35.576002],[34.229199,35.556916],[34.176362,35.562006],[34.126192,35.504926],[33.977466,35.445836],[33.849876,35.412761],[33.771791,35.414048],[33.646715,35.356963],[33.608475,35.360888],[33.480711,35.332186],[33.348216,35.334868],[33.291893,35.350562],[33.170622,35.351276],[33.113977,35.368432],[33.097222,35.353807],[33.063747,35.355208],[32.993872,35.368134],[32.920776,35.404096],[32.937894,35.281061],[32.915906,35.20605],[32.88461,35.16407],[32.824557,35.140836],[32.738545,35.179943],[32.65081,35.195743],[32.5687,35.169754]]],"type":"Polygon"},"properties":{"placeId":"a2e7601","name":"Cyprus","type":"island","landOrWater":"land","proposed":false,"role":"g017f10.simplified"}},{"type":"Feature","geometry":{"coordinates":[[[[14.39982,44.10551],[14.78444,43.67148],[15.16907,43.23745],[15.36139,43.09277],[15.5537,42.9481],[15.93833,42.80342],[16.32296,42.65874],[19.20767,41.79068],[19.39999,41.79068],[19.5923,41.79068],[20.16924,42.08004],[20.36156,42.22471],[20.55387,43.38213],[19.97693,44.39486],[19.78462,44.53954],[15.93833,45.55227],[14.2075,45.4076],[14.2075,45.26292],[14.2075,45.11825],[14.2075,44.97357],[14.2075,44.82889],[14.2075,44.68422],[14.2075,44.53954],[14.2075,44.39486],[14.39982,44.10551]]],[[[14.2075,44.82889],[14.2075,44.68422],[14.2075,44.53954],[14.2075,44.39486],[14.39982,44.10551],[14.78444,43.67148],[15.16907,43.23745],[15.36139,43.09277],[15.5537,42.9481],[15.93833,42.80342],[16.32296,42.65874],[19.39999,41.79068],[19.78462,41.93536],[19.97693,42.08004],[19.97693,42.22471],[19.97693,42.36939],[19.97693,42.51407],[19.97693,42.65874],[19.97693,42.80342],[19.97693,42.9481],[19.97693,43.09277],[19.97693,43.23745],[19.97693,43.38213],[19.97693,43.5268],[19.97693,43.67148],[19.97693,43.81616],[19.97693,43.96083],[19.97693,44.10551],[19.01536,44.53954],[16.32296,45.26292],[14.39982,45.4076],[14.2075,45.26292],[14.2075,45.11825],[14.2075,44.82889]]],[[[14.2075,44.82889],[14.2075,44.68422],[14.2075,44.53954],[14.2075,44.39486],[14.39982,44.10551],[15.36139,43.09277],[15.5537,42.9481],[15.93833,42.80342],[16.32296,42.65874],[19.39999,41.79068],[19.5923,41.93536],[19.97693,42.36939],[19.97693,42.51407],[19.97693,42.65874],[19.97693,42.80342],[19.97693,42.9481],[19.97693,43.38213],[19.97693,43.5268],[19.78462,43.67148],[19.20767,44.10551],[18.05379,44.53954],[16.70759,44.97357],[16.13064,45.11825],[14.39982,45.4076],[14.2075,45.26292],[14.2075,45.11825],[14.2075,44.82889]]],[[[14.39982,45.4076],[14.2075,45.26292],[15.36139,43.38213],[19.5923,41.93536],[19.78462,42.22471],[19.97693,42.51407],[19.20767,44.10551],[16.8999,44.82889],[16.32296,44.97357],[14.39982,45.4076]]],[[[16.32296,44.97357],[16.13064,44.97357],[15.93833,44.97357],[15.74602,44.97357],[15.5537,44.97357],[15.16907,44.82889],[14.97676,44.68422],[15.93833,44.10551],[16.8999,43.5268],[17.86147,42.9481],[19.01536,42.51407],[19.5923,42.36939],[19.78462,42.51407],[19.78462,42.65874],[19.20767,43.81616],[17.28453,44.68422],[16.8999,44.82889],[16.32296,44.97357]]],[[[15.74602,44.82889],[15.74602,44.68422],[15.93833,44.10551],[16.8999,43.5268],[19.20767,42.51407],[19.39999,42.51407],[19.5923,42.51407],[18.82304,43.96083],[17.47684,44.53954],[17.09222,44.68422],[16.51527,44.82889],[15.93833,44.97357],[15.74602,44.97357],[15.74602,44.82889]]],[[[15.74602,44.82889],[15.74602,44.68422],[16.13064,44.10551],[16.32296,43.96083],[16.51527,43.81616],[16.70759,43.67148],[16.8999,43.5268],[17.28453,43.38213],[18.2461,43.23745],[18.43842,43.23745],[18.63073,43.38213],[18.63073,43.81616],[18.43842,43.96083],[17.28453,44.53954],[16.51527,44.82889],[15.93833,44.97357],[15.74602,44.97357],[15.74602,44.82889]]],[[[16.51527,44.68422],[16.13064,44.82889],[15.93833,44.82889],[15.93833,44.68422],[16.51527,43.81616],[18.05379,43.38213],[18.2461,43.38213],[18.43842,43.38213],[18.63073,43.38213],[18.43842,43.81616],[18.2461,43.96083],[16.8999,44.53954],[16.51527,44.68422]]],[[[16.51527,44.68422],[15.93833,44.82889],[17.09222,43.81616],[17.66916,43.5268],[18.43842,43.81616],[18.2461,43.96083],[16.8999,44.53954],[16.51527,44.68422]]]],"type":"MultiPolygon"},"properties":{"placeId":"ae86cd7","name":"Dalmatia","type":"region","landOrWater":"land","proposed":false,"role":"g759c47.isobands"}},{"type":"Feature","geometry":{"coordinates":[[[[35.8195,31.89595],[35.85405,31.86658],[35.88861,31.83721],[35.92317,31.83721],[35.95773,31.83721],[36.0614,31.86658],[36.16508,31.89595],[36.23419,32.01343],[36.33787,32.21903],[36.37243,32.30715],[36.37243,32.33652],[36.37243,32.36589],[36.37243,32.39526],[36.37243,32.42463],[36.13052,32.71834],[35.8195,32.83583],[35.78494,32.83583],[35.75038,32.83583],[35.71582,32.83583],[35.68126,32.83583],[35.6467,32.83583],[35.61215,32.83583],[35.4048,32.57149],[35.37024,32.51275],[35.8195,31.89595]]],[[[35.85405,31.89595],[35.88861,31.86658],[35.95773,31.86658],[36.02684,31.86658],[36.16508,31.92532],[36.23419,32.0428],[36.23419,32.07218],[36.23419,32.10155],[36.23419,32.13092],[36.23419,32.16029],[36.23419,32.18966],[36.23419,32.21903],[36.23419,32.2484],[36.23419,32.27778],[36.23419,32.30715],[36.23419,32.33652],[36.23419,32.36589],[36.23419,32.39526],[36.13052,32.68897],[36.0614,32.71834],[35.78494,32.80646],[35.75038,32.80646],[35.61215,32.77709],[35.37024,32.51275],[35.85405,31.89595]]],[[[35.4048,32.51275],[35.4048,32.48337],[35.85405,31.89595],[35.88861,31.89595],[35.92317,31.89595],[35.95773,31.89595],[35.99229,31.89595],[36.02684,31.89595],[36.0614,31.89595],[36.09596,31.92532],[36.13052,31.95469],[36.16508,31.98406],[36.23419,32.0428],[36.23419,32.07218],[36.13052,32.57149],[36.02684,32.71834],[35.78494,32.77709],[35.75038,32.77709],[35.71582,32.77709],[35.68126,32.77709],[35.6467,32.77709],[35.61215,32.77709],[35.4048,32.51275]]],[[[35.43936,32.48337],[35.43936,32.454],[35.85405,31.92532],[35.88861,31.89595],[35.92317,31.89595],[35.95773,31.89595],[35.99229,31.89595],[36.0614,31.89595],[36.16508,31.98406],[36.16508,32.01343],[36.16508,32.0428],[36.16508,32.07218],[36.16508,32.10155],[36.16508,32.13092],[36.16508,32.16029],[36.16508,32.18966],[36.16508,32.21903],[35.99229,32.71834],[35.78494,32.77709],[35.75038,32.77709],[35.71582,32.77709],[35.68126,32.77709],[35.6467,32.77709],[35.61215,32.77709],[35.43936,32.51275],[35.43936,32.48337]]],[[[35.43936,32.48337],[35.47391,32.42463],[35.85405,31.92532],[35.88861,31.89595],[36.0614,31.92532],[36.13052,32.16029],[36.13052,32.18966],[36.09596,32.30715],[35.95773,32.71834],[35.78494,32.77709],[35.75038,32.77709],[35.71582,32.77709],[35.68126,32.77709],[35.6467,32.77709],[35.61215,32.77709],[35.43936,32.51275],[35.43936,32.48337]]],[[[35.78494,32.77709],[35.75038,32.77709],[35.71582,32.77709],[35.68126,32.77709],[35.6467,32.77709],[35.61215,32.77709],[35.43936,32.48337],[35.85405,31.92532],[35.88861,31.92532],[35.92317,31.92532],[35.95773,31.92532],[35.99229,31.92532],[36.02684,32.07218],[36.0614,32.2484],[36.0614,32.27778],[36.0614,32.30715],[36.0614,32.33652],[35.95773,32.71834],[35.78494,32.77709]]],[[[35.50847,32.48337],[35.50847,32.42463],[35.85405,31.92532],[35.88861,31.92532],[36.02684,32.07218],[36.02684,32.10155],[36.02684,32.13092],[36.02684,32.2484],[36.02684,32.27778],[36.02684,32.33652],[35.95773,32.60086],[35.92317,32.6596],[35.88861,32.68897],[35.78494,32.77709],[35.75038,32.77709],[35.71582,32.77709],[35.68126,32.77709],[35.6467,32.77709],[35.61215,32.77709],[35.50847,32.48337]]],[[[35.57759,32.54212],[35.57759,32.51275],[35.88861,31.92532],[36.02684,32.10155],[36.02684,32.27778],[35.99229,32.42463],[35.92317,32.57149],[35.85405,32.6596],[35.75038,32.77709],[35.68126,32.71834],[35.61215,32.60086],[35.57759,32.54212]]],[[[35.61215,32.60086],[35.57759,32.51275],[35.88861,32.13092],[35.99229,32.10155],[36.02684,32.10155],[35.99229,32.42463],[35.88861,32.57149],[35.8195,32.6596],[35.78494,32.6596],[35.61215,32.60086]]]],"type":"MultiPolygon"},"properties":{"placeId":"ae733a2","name":"Decapolis","type":"region","landOrWater":"land","proposed":false,"role":"ga00ceb.isobands"}},{"type":"Feature","geometry":{"coordinates":[[[35.28194,32.21541],[35.28172,32.2154],[35.2815,32.21537],[35.28129,32.21532],[35.28108,32.21525],[35.28088,32.21517],[35.28069,32.21507],[35.28052,32.21495],[35.28036,32.21481],[35.28022,32.21467],[35.2801,32.21451],[35.28,32.21434],[35.27992,32.21417],[35.27986,32.21398],[35.27983,32.2138],[35.27982,32.21361],[35.27983,32.21342],[35.27986,32.21324],[35.27992,32.21306],[35.28,32.21288],[35.2801,32.21271],[35.28022,32.21255],[35.28036,32.21241],[35.28052,32.21227],[35.28069,32.21216],[35.28088,32.21205],[35.28108,32.21197],[35.28129,32.2119],[35.2815,32.21185],[35.28172,32.21182],[35.28194,32.21181],[35.28217,32.21182],[35.28239,32.21185],[35.2826,32.2119],[35.28281,32.21197],[35.28301,32.21205],[35.28319,32.21216],[35.28337,32.21227],[35.28352,32.21241],[35.28366,32.21255],[35.28379,32.21271],[35.28389,32.21288],[35.28397,32.21306],[35.28402,32.21324],[35.28406,32.21342],[35.28407,32.21361],[35.28406,32.2138],[35.28402,32.21398],[35.28397,32.21417],[35.28389,32.21434],[35.28379,32.21451],[35.28366,32.21467],[35.28352,32.21481],[35.28337,32.21495],[35.28319,32.21507],[35.28301,32.21517],[35.28281,32.21525],[35.2826,32.21532],[35.28239,32.21537],[35.28217,32.2154],[35.28194,32.21541]]],"type":"Polygon"},"properties":{"placeId":"a0dc90b","name":"Diviners’ Oak","type":"tree","landOrWater":"land","proposed":false,"role":"ga301a5.geometry"}},{"type":"Feature","geometry":{"coordinates":[[[[34.3355,30.47512],[34.3355,30.41629],[34.47046,30.12217],[34.74039,29.59276],[34.80787,29.53393],[34.87535,29.47511],[35.01032,29.41629],[35.0778,29.41629],[35.41521,29.59276],[36.22499,30.23982],[36.29247,30.59276],[36.35995,31.00453],[36.29247,31.06336],[35.88758,31.12218],[35.8201,31.12218],[35.34773,31.06336],[34.60543,30.82806],[34.53794,30.76924],[34.47046,30.71041],[34.3355,30.53394],[34.3355,30.47512]]],[[[34.47046,30.53394],[34.40298,30.47512],[34.87535,29.53393],[34.94283,29.47511],[35.01032,29.47511],[35.0778,29.47511],[35.41521,29.65158],[36.15751,30.41629],[36.29247,30.76924],[36.29247,30.82806],[36.22499,31.00453],[35.75262,31.06336],[35.68513,31.06336],[35.61765,31.06336],[35.55017,31.06336],[35.48269,31.06336],[35.41521,31.06336],[35.28024,31.00453],[35.14528,30.94571],[34.87535,30.82806],[34.47046,30.53394]]],[[[34.53794,30.47512],[34.53794,30.41629],[34.94283,29.53393],[35.01032,29.53393],[35.0778,29.53393],[35.34773,29.65158],[35.41521,29.71041],[35.48269,29.76923],[35.95506,30.23982],[36.09003,30.41629],[36.15751,30.59276],[36.22499,30.76924],[36.22499,30.82806],[36.15751,30.88688],[35.95506,30.94571],[35.75262,31.00453],[35.68513,31.00453],[35.61765,31.00453],[35.55017,31.00453],[35.48269,31.00453],[35.41521,31.00453],[35.34773,31.00453],[34.87535,30.76924],[34.60543,30.53394],[34.53794,30.47512]]],[[[35.0778,29.82805],[35.14528,29.82805],[35.55017,29.9457],[35.61765,30.00453],[35.68513,30.06335],[36.02254,30.41629],[36.15751,30.76924],[36.15751,30.82806],[36.15751,30.88688],[35.95506,30.94571],[35.68513,31.00453],[35.61765,31.00453],[35.55017,31.00453],[35.48269,31.00453],[35.41521,31.00453],[35.28024,30.94571],[34.94283,30.76924],[34.87535,30.41629],[35.0778,29.82805]]],[[[34.94283,30.76924],[34.94283,30.71041],[34.94283,30.65159],[34.94283,30.53394],[34.94283,30.47512],[34.94283,30.41629],[35.14528,29.9457],[35.61765,30.00453],[36.02254,30.47512],[36.09003,30.88688],[35.95506,30.94571],[35.68513,31.00453],[35.61765,31.00453],[35.55017,31.00453],[35.48269,31.00453],[35.41521,31.00453],[34.94283,30.76924]]],[[[35.01032,30.76924],[35.01032,30.71041],[35.01032,30.65159],[35.01032,30.53394],[35.01032,30.47512],[35.34773,30.06335],[35.41521,30.06335],[35.48269,30.06335],[35.55017,30.06335],[35.61765,30.06335],[36.02254,30.47512],[36.02254,30.53394],[36.02254,30.59276],[36.02254,30.71041],[36.02254,30.76924],[36.02254,30.82806],[35.95506,30.88688],[35.68513,31.00453],[35.61765,31.00453],[35.55017,31.00453],[35.48269,31.00453],[35.41521,31.00453],[35.01032,30.76924]]],[[[35.0778,30.76924],[35.0778,30.71041],[35.14528,30.41629],[35.28024,30.181],[35.34773,30.12217],[35.48269,30.06335],[35.55017,30.06335],[35.61765,30.06335],[35.95506,30.59276],[36.02254,30.71041],[36.02254,30.76924],[36.02254,30.82806],[35.61765,31.00453],[35.55017,31.00453],[35.48269,31.00453],[35.41521,31.00453],[35.14528,30.82806],[35.0778,30.76924]]],[[[35.14528,30.47512],[35.28024,30.181],[35.34773,30.12217],[35.55017,30.06335],[35.61765,30.12217],[35.68513,30.181],[36.02254,30.71041],[36.02254,30.76924],[36.02254,30.82806],[35.61765,31.00453],[35.48269,31.00453],[35.0778,30.71041],[35.14528,30.47512]]],[[[35.41521,30.181],[35.48269,30.181],[35.55017,30.181],[35.61765,30.181],[35.68513,30.23982],[35.75262,30.29864],[35.8201,30.41629],[35.88758,30.53394],[35.95506,30.65159],[36.02254,30.76924],[35.88758,30.82806],[35.75262,30.88688],[35.61765,30.94571],[35.55017,30.94571],[35.48269,30.94571],[35.28024,30.82806],[35.21276,30.71041],[35.21276,30.65159],[35.21276,30.59276],[35.21276,30.53394],[35.21276,30.47512],[35.34773,30.181],[35.41521,30.181]]]],"type":"MultiPolygon"},"properties":{"placeId":"a0a6365","name":"Dumah 2","type":"region","landOrWater":"land","proposed":true,"role":"g7ad983.isobands"}},{"type":"Feature","geometry":{"coordinates":[[[44.453522,32.45224],[44.299636,32.448582],[44.291237,32.408403],[44.312659,32.352486],[44.326371,32.296583],[44.364605,32.252183],[44.370594,32.195537],[44.501938,32.205673],[44.679074,32.249275],[44.580871,32.384826],[44.499405,32.405638],[44.453522,32.45224]]],"type":"Polygon"},"properties":{"placeId":"a3bcd66","name":"Dura","type":"natural area","landOrWater":"land","proposed":true,"role":"g3833b7.geometry"}},{"type":"Feature","geometry":{"coordinates":[[[35.811761,33.353421],[35.661238,32.513198],[35.639106,31.965954],[35.715941,31.789723],[35.047135,29.528504],[37.670975,29.350224],[38.273915,33.302161],[35.811761,33.353421]]],"type":"Polygon"},"properties":{"placeId":"ab0b2dd","name":"East","type":"region","landOrWater":"land","proposed":false,"role":"g357ac3.geometry"}},{"type":"Feature","geometry":{"coordinates":[[[35.173152,31.894707],[35.256951,31.875256],[35.303599,31.99012],[35.22139,32.004813],[35.173152,31.894707]]],"type":"Polygon"},"properties":{"placeId":"aadaf09","name":"Ebenezer 2","type":"rock","landOrWater":"land","proposed":true,"role":"g096c84.geometry"}},{"type":"Feature","geometry":{"coordinates":[[[45.06628,39.78934],[45.18463,39.68337],[45.17303,39.59201],[45.30564,39.61212],[45.31129,39.56345],[45.47179,39.49077],[45.69433,39.60358],[45.79891,39.57129],[45.84108,39.46105],[45.79272,39.36912],[45.99916,39.29068],[46.0037,39.14894],[46.10148,39.01592],[46.14068,38.84452],[46.34614,38.91682],[46.53398,38.86717],[46.50653,38.94821],[46.55351,39.05741],[46.43196,39.18992],[46.51379,39.20846],[46.53734,39.15891],[46.63331,39.23091],[46.55294,39.25483],[46.50299,39.34361],[46.4098,39.362],[46.38563,39.43321],[46.48461,39.48335],[46.53687,39.46896],[46.50034,39.51935],[46.5821,39.54984],[46.52122,39.58425],[46.4305,39.56895],[46.41269,39.63079],[46.35707,39.63871],[46.17766,39.57926],[46.15513,39.65076],[46.05751,39.69075],[45.97777,39.78687],[45.82613,39.82599],[45.79946,39.93563],[45.61125,39.97409],[45.60313,40.01049],[45.67978,40.03385],[45.83891,39.99101],[45.90396,40.10423],[45.96098,40.12002],[45.978,40.22258],[45.93046,40.29699],[45.64897,40.36841],[45.43867,40.51975],[45.46054,40.57971],[45.36328,40.65478],[45.37877,40.71004],[45.54562,40.77454],[45.60795,40.85068],[45.42227,40.95879],[45.44061,41.01603],[45.31873,41.00045],[45.28795,41.03834],[45.25772,41.00413],[45.13075,41.0949],[45.11503,41.0495],[45.06552,41.05351],[45.09895,41.11988],[45.20498,41.1502],[45.12503,41.20862],[45.02912,41.19624],[45.06301,41.24623],[45.01302,41.29658],[44.93807,41.25461],[44.81724,41.29994],[44.81443,41.23794],[44.88354,41.20382],[44.61146,41.24063],[44.59525,41.19278],[44.54389,41.19077],[44.53367,41.22619],[44.46517,41.18088],[44.18008,41.24714],[44.16207,41.18905],[43.84135,41.16088],[43.75074,41.10933],[43.56812,41.14513],[43.45863,41.11972],[43.4841,41.01616],[43.6716,40.93666],[43.67701,40.84752],[43.74831,40.73089],[43.64993,40.53125],[43.54213,40.4769],[43.61972,40.42151],[43.59081,40.34513],[43.71284,40.1719],[43.6508,40.1457],[43.6565,40.11251],[43.89942,40.02102],[44.35183,40.02722],[44.48135,39.96629],[44.59454,39.82444],[44.69325,39.79407],[44.75302,39.71388],[44.88597,39.74842],[44.94226,39.72642],[45.06628,39.78934]]],"type":"Polygon"},"properties":{"placeId":"af3daeb","name":"Eden 1","type":"garden","landOrWater":"land","proposed":true,"role":"ge10752.simplified"}},{"type":"Feature","geometry":{"coordinates":[[[[37.6678,36.73206],[37.7359,35.84526],[39.57436,35.90068],[40.25528,35.95611],[40.45955,36.01153],[40.66383,36.23324],[40.52764,36.45494],[39.02963,36.84291],[38.96154,36.84291],[38.89345,36.84291],[38.82536,36.84291],[38.75727,36.84291],[38.68918,36.84291],[38.62108,36.84291],[38.55299,36.84291],[38.4849,36.84291],[38.41681,36.84291],[38.34872,36.84291],[38.28063,36.84291],[37.6678,36.78749],[37.6678,36.73206]]],[[[38.68918,36.84291],[37.7359,36.78749],[37.7359,36.73206],[38.07635,35.95611],[38.14444,35.95611],[38.21254,35.95611],[38.28063,35.95611],[38.34872,35.95611],[38.41681,35.95611],[39.50627,35.95611],[39.57436,35.95611],[40.25528,36.01153],[40.52764,36.28866],[40.32337,36.39951],[38.75727,36.84291],[38.68918,36.84291]]],[[[38.28063,36.06696],[38.41681,36.01153],[38.4849,36.01153],[38.55299,36.01153],[38.62108,36.01153],[38.68918,36.01153],[38.75727,36.01153],[38.82536,36.01153],[38.89345,36.01153],[38.96154,36.01153],[39.02963,36.01153],[39.09772,36.01153],[39.16582,36.01153],[39.23391,36.01153],[39.302,36.01153],[39.37009,36.01153],[39.43818,36.01153],[39.50627,36.01153],[39.57436,36.01153],[39.64245,36.01153],[39.71055,36.01153],[39.77864,36.01153],[39.84673,36.01153],[39.91482,36.01153],[39.98291,36.01153],[40.051,36.01153],[40.11909,36.01153],[40.18719,36.01153],[40.25528,36.01153],[40.25528,36.06696],[40.25528,36.12238],[40.25528,36.17781],[40.25528,36.23324],[40.25528,36.28866],[40.25528,36.34409],[40.25528,36.39951],[38.62108,36.78749],[38.34872,36.56579],[38.14444,36.12238],[38.28063,36.06696]]],[[[38.41681,36.51036],[38.34872,36.45494],[38.28063,36.17781],[38.28063,36.12238],[38.28063,36.06696],[38.41681,36.01153],[38.4849,36.01153],[38.55299,36.01153],[38.62108,36.01153],[38.68918,36.01153],[38.75727,36.01153],[38.82536,36.01153],[38.89345,36.01153],[38.96154,36.01153],[39.02963,36.01153],[39.09772,36.01153],[39.16582,36.01153],[39.23391,36.01153],[39.302,36.01153],[39.37009,36.01153],[39.43818,36.01153],[39.50627,36.01153],[39.57436,36.01153],[40.25528,36.17781],[40.25528,36.23324],[40.25528,36.28866],[40.25528,36.34409],[38.4849,36.56579],[38.41681,36.51036]]],[[[38.68918,36.01153],[38.75727,36.01153],[38.82536,36.01153],[38.89345,36.01153],[38.96154,36.01153],[39.02963,36.01153],[40.051,36.17781],[38.4849,36.51036],[38.41681,36.45494],[38.34872,36.34409],[38.28063,36.17781],[38.28063,36.12238],[38.28063,36.06696],[38.4849,36.01153],[38.55299,36.01153],[38.62108,36.01153],[38.68918,36.01153]]],[[[38.41681,36.45494],[38.28063,36.12238],[38.28063,36.06696],[38.68918,36.01153],[39.02963,36.06696],[39.43818,36.17781],[38.55299,36.45494],[38.4849,36.45494],[38.41681,36.45494]]],[[[38.34872,36.06696],[38.41681,36.06696],[38.4849,36.06696],[38.55299,36.06696],[38.62108,36.06696],[38.68918,36.06696],[38.75727,36.06696],[38.82536,36.06696],[39.02963,36.17781],[38.4849,36.45494],[38.41681,36.45494],[38.34872,36.17781],[38.34872,36.12238],[38.34872,36.06696]]],[[[38.41681,36.28866],[38.34872,36.17781],[38.41681,36.06696],[38.4849,36.06696],[38.55299,36.06696],[38.62108,36.06696],[38.68918,36.06696],[38.82536,36.17781],[38.41681,36.28866]]],[[[38.41681,36.12238],[38.41681,36.06696],[38.4849,36.06696],[38.55299,36.06696],[38.62108,36.06696],[38.68918,36.06696],[38.68918,36.12238],[38.68918,36.17781],[38.62108,36.17781],[38.4849,36.17781],[38.41681,36.17781],[38.41681,36.12238]]]],"type":"MultiPolygon"},"properties":{"placeId":"a7409b9","name":"Eden 2","type":"region","landOrWater":"land","proposed":false,"role":"ga277ef.isobands"}},{"type":"Feature","geometry":{"coordinates":[[[[34.3355,30.47512],[34.3355,30.41629],[34.47046,30.12217],[34.74039,29.59276],[34.80787,29.53393],[34.87535,29.47511],[35.01032,29.41629],[35.0778,29.41629],[35.41521,29.59276],[36.22499,30.23982],[36.29247,30.59276],[36.35995,31.00453],[36.29247,31.06336],[35.88758,31.12218],[35.8201,31.12218],[35.34773,31.06336],[34.60543,30.82806],[34.53794,30.76924],[34.47046,30.71041],[34.3355,30.53394],[34.3355,30.47512]]],[[[34.47046,30.53394],[34.40298,30.47512],[34.87535,29.53393],[34.94283,29.47511],[35.01032,29.47511],[35.0778,29.47511],[35.41521,29.65158],[36.15751,30.41629],[36.29247,30.76924],[36.29247,30.82806],[36.22499,31.00453],[35.75262,31.06336],[35.68513,31.06336],[35.61765,31.06336],[35.55017,31.06336],[35.48269,31.06336],[35.41521,31.06336],[35.28024,31.00453],[35.14528,30.94571],[34.87535,30.82806],[34.47046,30.53394]]],[[[34.53794,30.47512],[34.53794,30.41629],[34.94283,29.53393],[35.01032,29.53393],[35.0778,29.53393],[35.34773,29.65158],[35.41521,29.71041],[35.48269,29.76923],[35.95506,30.23982],[36.09003,30.41629],[36.15751,30.59276],[36.22499,30.76924],[36.22499,30.82806],[36.15751,30.88688],[35.95506,30.94571],[35.75262,31.00453],[35.68513,31.00453],[35.61765,31.00453],[35.55017,31.00453],[35.48269,31.00453],[35.41521,31.00453],[35.34773,31.00453],[34.87535,30.76924],[34.60543,30.53394],[34.53794,30.47512]]],[[[35.0778,29.82805],[35.14528,29.82805],[35.55017,29.9457],[35.61765,30.00453],[35.68513,30.06335],[36.02254,30.41629],[36.15751,30.76924],[36.15751,30.82806],[36.15751,30.88688],[35.95506,30.94571],[35.68513,31.00453],[35.61765,31.00453],[35.55017,31.00453],[35.48269,31.00453],[35.41521,31.00453],[35.28024,30.94571],[34.94283,30.76924],[34.87535,30.41629],[35.0778,29.82805]]],[[[34.94283,30.76924],[34.94283,30.71041],[34.94283,30.65159],[34.94283,30.53394],[34.94283,30.47512],[34.94283,30.41629],[35.14528,29.9457],[35.61765,30.00453],[36.02254,30.47512],[36.09003,30.88688],[35.95506,30.94571],[35.68513,31.00453],[35.61765,31.00453],[35.55017,31.00453],[35.48269,31.00453],[35.41521,31.00453],[34.94283,30.76924]]],[[[35.01032,30.76924],[35.01032,30.71041],[35.01032,30.65159],[35.01032,30.53394],[35.01032,30.47512],[35.34773,30.06335],[35.41521,30.06335],[35.48269,30.06335],[35.55017,30.06335],[35.61765,30.06335],[36.02254,30.47512],[36.02254,30.53394],[36.02254,30.59276],[36.02254,30.71041],[36.02254,30.76924],[36.02254,30.82806],[35.95506,30.88688],[35.68513,31.00453],[35.61765,31.00453],[35.55017,31.00453],[35.48269,31.00453],[35.41521,31.00453],[35.01032,30.76924]]],[[[35.0778,30.76924],[35.0778,30.71041],[35.14528,30.41629],[35.28024,30.181],[35.34773,30.12217],[35.48269,30.06335],[35.55017,30.06335],[35.61765,30.06335],[35.95506,30.59276],[36.02254,30.71041],[36.02254,30.76924],[36.02254,30.82806],[35.61765,31.00453],[35.55017,31.00453],[35.48269,31.00453],[35.41521,31.00453],[35.14528,30.82806],[35.0778,30.76924]]],[[[35.14528,30.47512],[35.28024,30.181],[35.34773,30.12217],[35.55017,30.06335],[35.61765,30.12217],[35.68513,30.181],[36.02254,30.71041],[36.02254,30.76924],[36.02254,30.82806],[35.61765,31.00453],[35.48269,31.00453],[35.0778,30.71041],[35.14528,30.47512]]],[[[35.41521,30.181],[35.48269,30.181],[35.55017,30.181],[35.61765,30.181],[35.68513,30.23982],[35.75262,30.29864],[35.8201,30.41629],[35.88758,30.53394],[35.95506,30.65159],[36.02254,30.76924],[35.88758,30.82806],[35.75262,30.88688],[35.61765,30.94571],[35.55017,30.94571],[35.48269,30.94571],[35.28024,30.82806],[35.21276,30.71041],[35.21276,30.65159],[35.21276,30.59276],[35.21276,30.53394],[35.21276,30.47512],[35.34773,30.181],[35.41521,30.181]]]],"type":"MultiPolygon"},"properties":{"placeId":"a2735ff","name":"Edom","type":"region","landOrWater":"land","proposed":false,"role":"g7ad983.isobands"}},{"type":"Feature","geometry":{"coordinates":[[[35.48766,31.12684],[35.47668,31.12634],[35.46581,31.12487],[35.45519,31.12243],[35.44493,31.11905],[35.43513,31.11478],[35.42592,31.10965],[35.41738,31.10372],[35.40961,31.09706],[35.4027,31.08974],[35.39672,31.08184],[35.39174,31.07345],[35.38781,31.06466],[35.38497,31.05556],[35.38326,31.04626],[35.3827,31.03686],[35.38328,31.02746],[35.38501,31.01817],[35.38786,31.00908],[35.39181,31.00029],[35.3968,30.99191],[35.40279,30.98402],[35.40971,30.9767],[35.41748,30.97005],[35.42601,30.96413],[35.43522,30.95901],[35.445,30.95474],[35.45525,30.95137],[35.46586,30.94894],[35.4767,30.94746],[35.48766,30.94697],[35.49862,30.94746],[35.50946,30.94894],[35.52006,30.95137],[35.53031,30.95474],[35.54009,30.95901],[35.5493,30.96413],[35.55784,30.97005],[35.56561,30.9767],[35.57252,30.98402],[35.57851,30.99191],[35.5835,31.00029],[35.58745,31.00908],[35.5903,31.01817],[35.59203,31.02746],[35.59262,31.03686],[35.59205,31.04626],[35.59034,31.05556],[35.58751,31.06466],[35.58358,31.07345],[35.5786,31.08184],[35.57262,31.08974],[35.56571,31.09706],[35.55794,31.10372],[35.5494,31.10965],[35.54018,31.11478],[35.53038,31.11905],[35.52012,31.12243],[35.5095,31.12487],[35.49864,31.12634],[35.48766,31.12684]]],"type":"Polygon"},"properties":{"placeId":"af7eb92","name":"Eglath-shelishiyah","type":"settlement","landOrWater":"land","proposed":true,"role":"g5d17f0.geometry"}},{"type":"Feature","geometry":{"coordinates":[[[[29.73021,24.8548],[32.76415,24.45298],[32.98086,24.45298],[33.19757,24.45298],[34.28111,24.45298],[34.28111,24.65389],[34.28111,24.8548],[33.84769,30.68111],[32.76415,31.08292],[32.11402,31.28383],[31.03047,31.48474],[28.21325,30.68111],[27.99654,30.4802],[28.21325,28.06932],[29.73021,24.8548]]],[[[30.59705,31.28383],[28.21325,30.4802],[28.42996,28.06932],[29.94692,24.8548],[32.33073,24.65389],[32.54744,24.65389],[32.76415,24.65389],[32.98086,24.65389],[33.63098,24.8548],[33.84769,25.45752],[33.84769,25.65843],[33.84769,25.85934],[33.84769,29.87748],[33.84769,30.07839],[33.84769,30.27929],[33.84769,30.4802],[31.89731,31.28383],[31.6806,31.28383],[31.46389,31.28383],[31.24718,31.28383],[31.03047,31.28383],[30.81376,31.28383],[30.59705,31.28383]]],[[[31.24718,31.28383],[31.03047,31.28383],[30.81376,31.28383],[30.59705,31.28383],[30.16363,31.08292],[29.2968,30.68111],[28.86338,29.87748],[29.08009,28.27022],[31.89731,24.8548],[32.54744,24.65389],[33.63098,25.45752],[33.84769,30.07839],[32.54744,30.88202],[32.11402,31.08292],[31.6806,31.28383],[31.46389,31.28383],[31.24718,31.28383]]],[[[29.2968,29.87748],[29.2968,29.67657],[29.51351,28.06932],[32.33073,25.05571],[32.54744,24.8548],[33.19757,26.66296],[32.54744,30.27929],[32.33073,30.68111],[32.11402,31.08292],[31.6806,31.28383],[31.46389,31.28383],[31.24718,31.28383],[31.03047,31.28383],[30.81376,31.28383],[30.16363,31.08292],[29.51351,30.68111],[29.2968,30.4802],[29.2968,29.87748]]],[[[29.73021,30.68111],[29.51351,30.4802],[29.2968,29.87748],[29.2968,29.67657],[29.51351,28.47113],[30.59705,27.26569],[32.33073,25.25661],[32.98086,26.46206],[32.98086,26.66296],[32.98086,26.86387],[32.98086,27.06478],[32.33073,30.4802],[32.11402,31.08292],[31.89731,31.08292],[31.6806,31.08292],[31.46389,31.08292],[31.24718,31.08292],[31.03047,31.08292],[30.81376,31.08292],[30.59705,31.08292],[30.38034,31.08292],[30.16363,31.08292],[29.73021,30.68111]]],[[[31.89731,31.08292],[31.6806,31.08292],[31.46389,31.08292],[31.24718,31.08292],[31.03047,31.08292],[30.81376,31.08292],[30.59705,31.08292],[30.38034,31.08292],[29.51351,30.4802],[29.2968,29.87748],[29.2968,29.67657],[29.73021,28.47113],[31.03047,27.06478],[31.24718,26.86387],[31.46389,26.66296],[31.6806,26.66296],[31.89731,26.66296],[32.76415,27.26569],[32.76415,27.46659],[32.76415,27.6675],[32.76415,27.86841],[31.89731,31.08292]]],[[[29.51351,30.4802],[29.2968,29.67657],[29.73021,28.67204],[29.94692,28.27022],[30.16363,28.06932],[31.24718,27.06478],[31.46389,26.86387],[31.6806,26.86387],[31.89731,26.86387],[32.11402,26.86387],[32.76415,27.46659],[32.76415,27.6675],[31.89731,31.08292],[31.6806,31.08292],[31.46389,31.08292],[31.24718,31.08292],[31.03047,31.08292],[30.81376,31.08292],[30.59705,31.08292],[30.38034,31.08292],[29.51351,30.4802]]],[[[29.94692,28.87294],[29.94692,28.67204],[29.94692,28.47113],[30.16363,28.06932],[31.24718,27.06478],[31.46389,27.06478],[32.54744,27.46659],[32.76415,27.6675],[31.89731,31.08292],[31.6806,31.08292],[31.46389,31.08292],[31.24718,31.08292],[31.03047,31.08292],[30.81376,31.08292],[30.38034,30.88202],[30.16363,30.68111],[29.94692,29.07385],[29.94692,28.87294]]],[[[30.16363,28.47113],[30.38034,28.27022],[30.59705,28.06932],[30.81376,27.86841],[32.54744,27.46659],[32.54744,27.6675],[31.6806,31.08292],[31.46389,31.08292],[31.24718,31.08292],[31.03047,31.08292],[30.38034,30.88202],[29.94692,29.07385],[30.16363,28.47113]]]],"type":"MultiPolygon"},"properties":{"placeId":"af301ca","name":"Egypt","type":"region","landOrWater":"land","proposed":false,"role":"g40d263.isobands"}},{"type":"Feature","geometry":{"coordinates":[[[[46.91828,32.69015],[46.91828,32.55202],[46.91828,32.4139],[46.91828,32.27578],[47.54004,30.89453],[47.69548,30.75641],[48.78357,29.78953],[51.58152,29.65141],[51.73696,29.65141],[52.20329,29.65141],[52.20329,29.78953],[51.1152,31.58515],[50.80431,31.8614],[50.64887,31.99953],[50.49343,32.13765],[50.33799,32.27578],[50.18255,32.4139],[50.02711,32.55202],[49.09446,33.24265],[48.47269,33.65702],[48.00637,33.79515],[47.85093,33.79515],[47.69548,33.79515],[47.54004,33.79515],[47.3846,33.79515],[47.07372,33.5189],[46.91828,33.38077],[46.91828,33.24265],[46.91828,32.82827],[46.91828,32.69015]]],[[[47.3846,33.38077],[47.22916,33.24265],[47.07372,32.82827],[47.07372,32.69015],[47.07372,32.55202],[47.07372,32.4139],[47.07372,32.27578],[47.07372,32.13765],[47.07372,31.99953],[47.69548,30.89453],[48.47269,30.48016],[49.2499,30.20391],[51.73696,29.92766],[51.89241,29.92766],[51.89241,30.06578],[50.33799,32.27578],[49.56078,32.82827],[48.93902,33.24265],[48.47269,33.5189],[48.16181,33.65702],[47.3846,33.38077]]],[[[47.3846,33.24265],[47.22916,33.10452],[47.07372,32.82827],[47.07372,32.69015],[47.07372,32.55202],[47.07372,32.4139],[47.69548,30.89453],[48.00637,30.75641],[48.47269,30.61828],[48.93902,30.48016],[49.56078,30.48016],[50.02711,30.48016],[50.18255,30.61828],[50.49343,31.03265],[50.49343,31.17078],[50.33799,32.27578],[48.93902,33.24265],[48.47269,33.38077],[48.00637,33.38077],[47.3846,33.24265]]],[[[47.07372,32.82827],[47.07372,32.69015],[47.22916,32.27578],[48.16181,30.89453],[48.31725,30.75641],[49.40534,30.61828],[49.56078,30.61828],[50.02711,30.75641],[50.18255,31.03265],[50.18255,31.8614],[50.18255,31.99953],[49.2499,32.9664],[48.93902,33.10452],[48.47269,33.24265],[48.31725,33.24265],[47.85093,33.24265],[47.69548,33.24265],[47.3846,33.10452],[47.22916,32.9664],[47.07372,32.82827]]],[[[48.31725,33.24265],[47.3846,33.10452],[47.22916,32.55202],[47.22916,32.4139],[47.22916,32.27578],[48.31725,30.75641],[49.56078,30.61828],[49.87167,30.89453],[50.02711,31.03265],[50.02711,31.3089],[50.02711,31.44703],[50.02711,31.58515],[50.02711,31.72328],[50.02711,31.8614],[50.02711,31.99953],[48.93902,32.9664],[48.47269,33.24265],[48.31725,33.24265]]],[[[48.62813,33.10452],[48.47269,33.24265],[48.31725,33.24265],[47.54004,33.10452],[47.3846,32.9664],[47.22916,32.55202],[47.22916,32.4139],[48.47269,30.75641],[48.62813,30.75641],[48.78357,30.75641],[48.93902,30.75641],[49.09446,30.75641],[49.2499,30.75641],[49.40534,30.75641],[49.71622,30.89453],[49.87167,31.03265],[50.02711,31.44703],[50.02711,31.58515],[50.02711,31.72328],[50.02711,31.8614],[49.09446,32.69015],[48.93902,32.82827],[48.78357,32.9664],[48.62813,33.10452]]],[[[47.3846,32.9664],[47.3846,32.69015],[47.3846,32.55202],[47.3846,32.4139],[47.3846,32.27578],[48.00637,31.44703],[48.47269,30.89453],[49.2499,30.75641],[49.40534,30.75641],[49.56078,30.89453],[49.71622,31.03265],[49.87167,31.17078],[49.87167,31.3089],[49.87167,31.44703],[49.87167,31.58515],[49.87167,31.72328],[49.87167,31.8614],[49.09446,32.69015],[48.78357,32.9664],[48.47269,33.24265],[48.31725,33.24265],[47.69548,33.10452],[47.3846,32.9664]]],[[[48.31725,31.3089],[48.47269,31.17078],[48.62813,31.03265],[48.93902,30.89453],[49.2499,30.75641],[49.71622,31.03265],[49.87167,31.3089],[49.87167,31.44703],[49.87167,31.58515],[49.87167,31.72328],[49.71622,31.99953],[49.09446,32.69015],[48.00637,33.10452],[47.85093,33.10452],[47.3846,32.9664],[47.3846,32.55202],[47.3846,32.4139],[47.3846,32.27578],[48.00637,31.58515],[48.16181,31.44703],[48.31725,31.3089]]],[[[47.54004,32.9664],[47.54004,32.69015],[48.00637,31.58515],[48.16181,31.44703],[48.31725,31.3089],[48.62813,31.03265],[49.09446,30.89453],[49.2499,30.89453],[49.40534,30.89453],[49.71622,31.03265],[49.87167,31.3089],[49.87167,31.44703],[49.87167,31.58515],[49.87167,31.72328],[49.71622,31.99953],[48.93902,32.69015],[48.62813,32.82827],[48.31725,32.9664],[48.00637,32.9664],[47.85093,32.9664],[47.69548,32.9664],[47.54004,32.9664]]]],"type":"MultiPolygon"},"properties":{"placeId":"a7e3a59","name":"Elam","type":"region","landOrWater":"land","proposed":false,"role":"g727b1f.isobands"}},{"type":"Feature","geometry":{"coordinates":[[33.122492,29.354125],[33.121033,29.3542],[33.11996,29.353452],[33.119659,29.352554],[33.119659,29.349711],[33.119187,29.348888],[33.117685,29.347841],[33.115239,29.347504],[33.111076,29.347691],[33.108115,29.348327],[33.10554,29.349487],[33.103609,29.349674],[33.098373,29.349374],[33.096056,29.349],[33.094339,29.348926],[33.091979,29.348402],[33.089619,29.348215],[33.086958,29.348252],[33.084168,29.347542],[33.082838,29.347467],[33.081765,29.347916],[33.080564,29.349599],[33.077087,29.352965],[33.075929,29.353826],[33.073869,29.354948],[33.072238,29.355584],[33.069534,29.355883],[33.063784,29.354724],[33.062797,29.354724],[33.06181,29.354985],[33.059964,29.355771],[33.058033,29.35708],[33.054643,29.360072],[33.052626,29.361194],[33.050051,29.361381],[33.046875,29.360185],[33.043485,29.359436],[33.040652,29.359212],[33.038678,29.358464],[33.037477,29.357155],[33.035932,29.353003],[33.031039,29.348664],[33.028851,29.345035],[33.028121,29.34324],[33.026791,29.34208],[33.024817,29.341444],[33.022156,29.33976],[33.020997,29.338152],[33.018765,29.337029],[33.015847,29.335944],[33.0125,29.334149],[33.009839,29.333064],[33.007436,29.331455],[33.005676,29.329884],[33.004346,29.32835],[33.002028,29.326479],[32.998509,29.323186],[32.992759,29.318921],[32.989841,29.316975],[32.987652,29.315029],[32.985678,29.312484],[32.983918,29.309453],[32.982588,29.305412],[32.982845,29.298077],[32.982759,29.295382],[32.980957,29.291564],[32.980131,29.288795],[32.977411,29.28312],[32.976981,29.281805],[32.975893,29.279923],[32.975121,29.27779],[32.97452,29.27457],[32.973232,29.272025],[32.971687,29.270078],[32.966881,29.267682],[32.965336,29.266559],[32.959714,29.261018],[32.958984,29.260045],[32.95671,29.258285],[32.955379,29.257499],[32.953448,29.257349],[32.950702,29.257461],[32.94817,29.25821],[32.946496,29.259184],[32.944522,29.26158],[32.94302,29.262666],[32.937484,29.264837],[32.934051,29.266409],[32.932763,29.266746],[32.930832,29.266821],[32.928729,29.266334],[32.92697,29.265361],[32.92624,29.264313],[32.92521,29.260906],[32.922249,29.259034],[32.92109,29.25851],[32.917185,29.255177],[32.914352,29.254167],[32.903323,29.254391],[32.893796,29.253642],[32.889934,29.253642],[32.887273,29.254017],[32.884741,29.25368],[32.880836,29.251433],[32.878033,29.249079]],"type":"LineString"},"properties":{"placeId":"a2410c1","name":"Elim","type":"settlement","landOrWater":"land","proposed":true,"role":"ge39dc6.simplified"}},{"type":"Feature","geometry":{"coordinates":[[[32.5687,35.169754],[32.548763,35.173447],[32.487636,35.083543],[32.427746,35.044729],[32.361088,35.046865],[32.28845,35.104887],[32.275871,35.100076],[32.275224,35.037621],[32.313779,34.995944],[32.313396,34.962748],[32.301522,34.956085],[32.325297,34.926001],[32.316033,34.899397],[32.347578,34.856931],[32.388203,34.840513],[32.399804,34.754909],[32.494356,34.702855],[32.555041,34.697957],[32.703319,34.64024],[32.791122,34.664291],[32.874729,34.66688],[32.923565,34.618646],[32.940456,34.575482],[32.933122,34.565922],[32.973607,34.573306],[33.028549,34.562536],[33.03636,34.567594],[33.008675,34.593637],[33.005913,34.618944],[33.010803,34.641301],[33.032845,34.650441],[33.006892,34.647914],[33.063483,34.685644],[33.148964,34.712708],[33.260061,34.70539],[33.291425,34.724632],[33.318861,34.715038],[33.429152,34.764067],[33.495454,34.777131],[33.551377,34.819158],[33.602749,34.815834],[33.639511,34.865986],[33.645643,34.943813],[33.684251,34.974358],[33.776035,34.980376],[33.858484,34.942597],[33.891961,34.954638],[33.899286,34.971371],[33.970852,34.988274],[34.085661,34.956398],[34.064641,35.012459],[33.91189,35.163134],[33.899877,35.203086],[33.906556,35.257322],[33.966955,35.321807],[34.06619,35.328818],[34.080839,35.368123],[34.134212,35.415943],[34.300345,35.489299],[34.409147,35.556831],[34.437401,35.601815],[34.562681,35.64129],[34.588508,35.695158],[34.346565,35.623048],[34.338684,35.603351],[34.290108,35.576002],[34.229199,35.556916],[34.176362,35.562006],[34.126192,35.504926],[33.977466,35.445836],[33.849876,35.412761],[33.771791,35.414048],[33.646715,35.356963],[33.608475,35.360888],[33.480711,35.332186],[33.348216,35.334868],[33.291893,35.350562],[33.170622,35.351276],[33.113977,35.368432],[33.097222,35.353807],[33.063747,35.355208],[32.993872,35.368134],[32.920776,35.404096],[32.937894,35.281061],[32.915906,35.20605],[32.88461,35.16407],[32.824557,35.140836],[32.738545,35.179943],[32.65081,35.195743],[32.5687,35.169754]]],"type":"Polygon"},"properties":{"placeId":"a71d65f","name":"Elishah","type":"island","landOrWater":"land","proposed":true,"role":"g017f10.simplified"}},{"type":"Feature","geometry":{"coordinates":[[[34.84083,31.33465],[34.82983,31.33416],[34.81894,31.33269],[34.8083,31.33025],[34.79801,31.32687],[34.7882,31.32259],[34.77896,31.31746],[34.7704,31.31154],[34.76261,31.30487],[34.75569,31.29755],[34.74969,31.28966],[34.7447,31.28126],[34.74076,31.27247],[34.73792,31.26338],[34.73621,31.25408],[34.73564,31.24468],[34.73623,31.23528],[34.73796,31.22598],[34.74082,31.21689],[34.74478,31.20811],[34.74978,31.19972],[34.75578,31.19183],[34.76271,31.18452],[34.7705,31.17787],[34.77905,31.17195],[34.78828,31.16683],[34.79809,31.16256],[34.80836,31.15919],[34.81898,31.15675],[34.82985,31.15528],[34.84083,31.15479],[34.85182,31.15528],[34.86268,31.15675],[34.87331,31.15919],[34.88358,31.16256],[34.89338,31.16683],[34.90261,31.17195],[34.91117,31.17787],[34.91895,31.18452],[34.92588,31.19183],[34.93189,31.19972],[34.93689,31.20811],[34.94084,31.21689],[34.9437,31.22598],[34.94543,31.23528],[34.94602,31.24468],[34.94546,31.25408],[34.94374,31.26338],[34.9409,31.27247],[34.93696,31.28126],[34.93197,31.28966],[34.92598,31.29755],[34.91905,31.30487],[34.91127,31.31154],[34.90271,31.31746],[34.89347,31.32259],[34.88365,31.32687],[34.87337,31.33025],[34.86272,31.33269],[34.85184,31.33416],[34.84083,31.33465]]],"type":"Polygon"},"properties":{"placeId":"a5709da","name":"Eltolad","type":"settlement","landOrWater":"land","proposed":true,"role":"g3c299a.geometry"}},{"type":"Feature","geometry":{"coordinates":[[[35.44456,31.91669],[35.43903,31.91644],[35.43355,31.9157],[35.42819,31.91448],[35.42302,31.9128],[35.41808,31.91066],[35.41343,31.90809],[35.40912,31.90513],[35.4052,31.9018],[35.40172,31.89814],[35.3987,31.89419],[35.39618,31.89],[35.3942,31.8856],[35.39277,31.88106],[35.3919,31.87641],[35.39161,31.87171],[35.39191,31.86701],[35.39278,31.86236],[35.39421,31.85781],[35.3962,31.85342],[35.39872,31.84923],[35.40174,31.84528],[35.40523,31.84162],[35.40915,31.8383],[35.41345,31.83534],[35.4181,31.83277],[35.42304,31.83064],[35.42821,31.82895],[35.43356,31.82774],[35.43903,31.827],[35.44456,31.82675],[35.4501,31.827],[35.45557,31.82774],[35.46092,31.82895],[35.46609,31.83064],[35.47103,31.83277],[35.47567,31.83534],[35.47998,31.8383],[35.4839,31.84162],[35.48739,31.84528],[35.49041,31.84923],[35.49293,31.85342],[35.49491,31.85781],[35.49635,31.86236],[35.49722,31.86701],[35.49751,31.87171],[35.49723,31.87641],[35.49636,31.88106],[35.49493,31.8856],[35.49294,31.89],[35.49043,31.89419],[35.48741,31.89814],[35.48393,31.9018],[35.48001,31.90513],[35.4757,31.90809],[35.47105,31.91066],[35.46611,31.9128],[35.46093,31.91448],[35.45558,31.9157],[35.4501,31.91644],[35.44456,31.91669]]],"type":"Polygon"},"properties":{"placeId":"a774e50","name":"Emek-keziz","type":"settlement","landOrWater":"land","proposed":true,"role":"g054672.geometry"}},{"type":"Feature","geometry":{"coordinates":[[35.003139,31.699418],[35.002657,31.699797],[35.002211,31.700309],[35.00197,31.700586],[35.001422,31.700893],[35.001026,31.701112],[35.000718,31.701272],[35.000375,31.701535],[34.99991,31.701856],[34.999002,31.702513],[34.998418,31.702805],[34.998108,31.703215],[34.997913,31.703714],[34.997731,31.704179],[34.997628,31.704602],[34.997302,31.70542],[34.997233,31.705639],[34.997131,31.706033],[34.996873,31.706355],[34.996444,31.706662],[34.996015,31.706836],[34.994624,31.70745],[34.994041,31.707465],[34.993268,31.707566],[34.992908,31.707669],[34.992479,31.707669],[34.991911,31.707669],[34.991534,31.707684],[34.990368,31.70812],[34.98932,31.708779],[34.987911,31.709815],[34.987208,31.710107],[34.986521,31.710399],[34.985062,31.710852],[34.984514,31.711144],[34.984067,31.711408],[34.983362,31.711728],[34.982933,31.71202],[34.982332,31.712239],[34.981063,31.712677],[34.979654,31.713028],[34.978865,31.713276],[34.977234,31.714533],[34.97605,31.714561],[34.97526,31.714415],[34.974729,31.714298],[34.973613,31.714109],[34.972805,31.714109],[34.97248,31.714109],[34.971203,31.714344],[34.970949,31.71439],[34.970814,31.714415],[34.969338,31.714926],[34.967793,31.715686],[34.96733,31.716533],[34.967212,31.716943],[34.96714,31.717191],[34.966969,31.717438],[34.96678,31.717702],[34.966677,31.718022],[34.966505,31.718592],[34.966352,31.718898],[34.965862,31.719637],[34.965853,31.719701],[34.965391,31.720807]],"type":"LineString"},"properties":{"placeId":"a26921e","name":"Enam","type":"settlement","landOrWater":"land","proposed":true,"role":"gac7530.geometry"}},{"type":"Feature","geometry":{"coordinates":[[[35.401213,31.464095],[35.378021,31.461094],[35.372933,31.46034],[35.367161,31.461488],[35.358893,31.464223],[35.351791,31.468925],[35.345659,31.46794],[35.349772,31.464152],[35.34853,31.46011],[35.350874,31.455509],[35.358737,31.454237],[35.361204,31.452982],[35.365899,31.448944],[35.375945,31.452907],[35.37947,31.451779],[35.379767,31.448263],[35.3964,31.449905],[35.401213,31.464095]]],"type":"Polygon"},"properties":{"placeId":"a51df0e","name":"Engedi","type":"region","landOrWater":"land","proposed":false,"role":"g5008cf.geometry"}},{"type":"Feature","geometry":{"coordinates":[[[35.00101,31.75779],[34.9999,31.75774],[34.99881,31.75759],[34.99774,31.75735],[34.9967,31.75701],[34.99572,31.75658],[34.99479,31.75607],[34.99393,31.75548],[34.99315,31.75481],[34.99245,31.75408],[34.99185,31.75329],[34.99134,31.75245],[34.99095,31.75157],[34.99066,31.75067],[34.99049,31.74974],[34.99043,31.7488],[34.99049,31.74786],[34.99066,31.74693],[34.99095,31.74602],[34.99134,31.74514],[34.99185,31.7443],[34.99245,31.74351],[34.99315,31.74278],[34.99393,31.74211],[34.99479,31.74152],[34.99572,31.74101],[34.9967,31.74058],[34.99774,31.74024],[34.99881,31.74],[34.9999,31.73985],[35.00101,31.7398],[35.00211,31.73985],[35.0032,31.74],[35.00427,31.74024],[35.00531,31.74058],[35.00629,31.74101],[35.00722,31.74152],[35.00808,31.74211],[35.00886,31.74278],[35.00956,31.74351],[35.01016,31.7443],[35.01067,31.74514],[35.01106,31.74602],[35.01135,31.74693],[35.01152,31.74786],[35.01158,31.7488],[35.01152,31.74974],[35.01135,31.75067],[35.01106,31.75157],[35.01067,31.75245],[35.01017,31.75329],[35.00956,31.75408],[35.00887,31.75481],[35.00808,31.75548],[35.00722,31.75607],[35.00629,31.75658],[35.00531,31.75701],[35.00427,31.75735],[35.00321,31.75759],[35.00211,31.75774],[35.00101,31.75779]]],"type":"Polygon"},"properties":{"placeId":"a0e33a3","name":"En-hakkore","type":"spring","landOrWater":"water","proposed":true,"role":"ge46d29.geometry"}},{"type":"Feature","geometry":{"coordinates":[[[35.23007,32.12214],[35.22785,32.12204],[35.22565,32.12174],[35.22351,32.12126],[35.22143,32.12058],[35.21945,32.11973],[35.21759,32.1187],[35.21586,32.11752],[35.21429,32.11618],[35.21289,32.11472],[35.21168,32.11314],[35.21067,32.11146],[35.20987,32.10971],[35.2093,32.10789],[35.20895,32.10603],[35.20884,32.10415],[35.20895,32.10227],[35.2093,32.10041],[35.20988,32.09859],[35.21067,32.09683],[35.21168,32.09516],[35.21289,32.09358],[35.21429,32.09211],[35.21586,32.09078],[35.21759,32.0896],[35.21946,32.08857],[35.22144,32.08772],[35.22351,32.08704],[35.22566,32.08656],[35.22785,32.08626],[35.23007,32.08616],[35.23229,32.08626],[35.23448,32.08656],[35.23663,32.08704],[35.2387,32.08772],[35.24068,32.08857],[35.24255,32.0896],[35.24428,32.09078],[35.24585,32.09211],[35.24725,32.09358],[35.24846,32.09516],[35.24947,32.09683],[35.25026,32.09859],[35.25084,32.10041],[35.25119,32.10227],[35.2513,32.10415],[35.25119,32.10603],[35.25084,32.10789],[35.25027,32.10971],[35.24947,32.11146],[35.24846,32.11314],[35.24725,32.11472],[35.24585,32.11618],[35.24428,32.11752],[35.24255,32.1187],[35.24069,32.11973],[35.23871,32.12058],[35.23663,32.12126],[35.23449,32.12174],[35.23229,32.12204],[35.23007,32.12214]]],"type":"Polygon"},"properties":{"placeId":"ad6b2b7","name":"En-tappuah","type":"spring","landOrWater":"water","proposed":true,"role":"g5321ec.geometry"}},{"type":"Feature","geometry":{"coordinates":[[[[35.21675,29.66221],[34.51739,29.4552],[34.51739,29.4138],[34.79714,28.25455],[34.84376,28.21315],[35.91612,27.50932],[35.96274,27.50932],[36.00937,27.50932],[36.05599,27.55072],[36.10262,28.83418],[36.10262,28.87558],[35.58975,29.57941],[35.4965,29.66221],[35.44988,29.66221],[35.40325,29.66221],[35.35663,29.66221],[35.31,29.66221],[35.26338,29.66221],[35.21675,29.66221]]],[[[35.03026,28.21315],[35.07688,28.21315],[36.00937,28.87558],[35.4965,29.57941],[35.35663,29.62081],[35.31,29.62081],[35.26338,29.62081],[35.21675,29.62081],[35.17013,29.62081],[35.12351,29.53801],[35.07688,29.4552],[34.93701,28.95838],[34.79714,28.37876],[34.79714,28.33735],[34.79714,28.29595],[34.79714,28.25455],[34.89038,28.21315],[34.93701,28.21315],[34.98363,28.21315],[35.03026,28.21315]]],[[[35.40325,29.57941],[35.35663,29.57941],[35.31,29.57941],[35.26338,29.57941],[35.21675,29.57941],[35.17013,29.57941],[35.07688,29.4552],[34.93701,28.95838],[34.84376,28.50296],[34.79714,28.29595],[34.84376,28.25455],[34.89038,28.21315],[34.93701,28.21315],[35.07688,28.25455],[35.77625,28.83418],[35.77625,28.87558],[35.4965,29.57941],[35.44988,29.57941],[35.40325,29.57941]]],[[[34.84376,28.46156],[34.84376,28.42016],[34.84376,28.37876],[34.84376,28.33735],[34.84376,28.29595],[34.84376,28.25455],[34.89038,28.25455],[34.93701,28.25455],[34.98363,28.25455],[35.03026,28.25455],[35.07688,28.25455],[35.72962,28.83418],[35.72962,28.87558],[35.44988,29.53801],[35.40325,29.57941],[35.35663,29.57941],[35.31,29.57941],[35.17013,29.53801],[35.07688,29.4552],[34.93701,28.91698],[34.89038,28.70997],[34.84376,28.50296],[34.84376,28.46156]]],[[[34.84376,28.46156],[34.84376,28.42016],[34.84376,28.37876],[34.84376,28.33735],[34.84376,28.29595],[34.89038,28.25455],[34.93701,28.25455],[34.98363,28.25455],[35.03026,28.29595],[35.35663,28.91698],[35.40325,29.4138],[35.40325,29.4552],[35.40325,29.49661],[35.35663,29.53801],[35.31,29.53801],[35.26338,29.53801],[35.21675,29.53801],[35.17013,29.49661],[35.12351,29.4552],[35.07688,29.4138],[34.98363,29.08259],[34.89038,28.70997],[34.84376,28.46156]]],[[[34.98363,28.25455],[35.03026,28.29595],[35.35663,28.95838],[35.40325,29.4138],[35.40325,29.4552],[35.40325,29.49661],[35.35663,29.53801],[35.31,29.53801],[35.21675,29.49661],[35.17013,29.4552],[35.07688,29.2896],[35.03026,29.20679],[34.98363,29.04119],[34.93701,28.87558],[34.89038,28.70997],[34.84376,28.33735],[34.84376,28.29595],[34.93701,28.25455],[34.98363,28.25455]]],[[[34.89038,28.66857],[34.89038,28.62717],[34.89038,28.50296],[34.89038,28.46156],[34.89038,28.42016],[34.89038,28.37876],[34.89038,28.33735],[34.89038,28.29595],[34.93701,28.29595],[34.98363,28.29595],[35.03026,28.29595],[35.31,28.95838],[35.35663,29.4138],[35.35663,29.4552],[35.35663,29.49661],[35.31,29.49661],[35.26338,29.49661],[35.03026,29.16539],[34.93701,28.87558],[34.89038,28.66857]]],[[[35.07688,29.16539],[35.03026,29.08259],[34.98363,28.99978],[34.93701,28.87558],[34.89038,28.66857],[34.89038,28.46156],[34.89038,28.42016],[34.93701,28.33735],[34.98363,28.33735],[35.03026,28.33735],[35.07688,28.46156],[35.26338,28.91698],[35.26338,28.95838],[35.26338,28.99978],[35.26338,29.08259],[35.21675,29.2896],[35.17013,29.2482],[35.12351,29.20679],[35.07688,29.16539]]],[[[34.93701,28.66857],[34.93701,28.62717],[34.93701,28.54436],[34.93701,28.50296],[34.93701,28.46156],[34.93701,28.42016],[34.93701,28.37876],[34.93701,28.33735],[34.98363,28.33735],[35.03026,28.37876],[35.07688,28.46156],[35.26338,28.95838],[35.17013,29.2482],[35.12351,29.20679],[34.98363,28.99978],[34.93701,28.83418],[34.93701,28.79277],[34.93701,28.75137],[34.93701,28.70997],[34.93701,28.66857]]]],"type":"MultiPolygon"},"properties":{"placeId":"ac25afc","name":"Ephah","type":"people group","landOrWater":"land","proposed":false,"role":"g4fc33f.isobands"}},{"type":"Feature","geometry":{"coordinates":[[[[35.79808,32.46555],[35.79117,32.46555],[35.78426,32.46555],[35.77735,32.46555],[35.77044,32.46555],[35.76353,32.46555],[35.75662,32.46555],[35.7497,32.46555],[35.74279,32.46555],[35.61838,32.29598],[35.61147,32.27844],[35.60456,32.2609],[35.60456,32.25505],[35.61147,32.24336],[35.61838,32.23751],[35.6253,32.23166],[35.63221,32.22581],[35.72206,32.21997],[35.72897,32.21997],[35.73588,32.21997],[35.74279,32.21997],[35.7497,32.21997],[35.75662,32.21997],[35.76353,32.21997],[35.77044,32.21997],[35.77735,32.21997],[35.78426,32.21997],[35.79117,32.21997],[35.81882,32.45971],[35.81882,32.46555],[35.81191,32.46555],[35.805,32.46555],[35.79808,32.46555]]],[[[35.61147,32.26674],[35.61147,32.2609],[35.61147,32.25505],[35.61147,32.2492],[35.61147,32.24336],[35.61838,32.23751],[35.6253,32.23166],[35.63221,32.23166],[35.63912,32.23166],[35.64603,32.23166],[35.72206,32.23751],[35.7497,32.30183],[35.81191,32.44216],[35.805,32.44801],[35.79808,32.45386],[35.79117,32.45971],[35.78426,32.46555],[35.77735,32.46555],[35.77044,32.45971],[35.76353,32.45386],[35.75662,32.44801],[35.64603,32.31937],[35.61147,32.26674]]],[[[35.63221,32.27844],[35.63221,32.27259],[35.63221,32.26674],[35.63221,32.2609],[35.63221,32.25505],[35.63221,32.2492],[35.63221,32.24336],[35.63221,32.23751],[35.70823,32.2609],[35.74279,32.30183],[35.74279,32.31352],[35.74279,32.31937],[35.72897,32.34276],[35.72206,32.34276],[35.71515,32.34276],[35.69441,32.33107],[35.64603,32.30183],[35.63221,32.27844]]],[[[35.65985,32.30183],[35.63912,32.28429],[35.63912,32.27844],[35.63912,32.27259],[35.63912,32.26674],[35.63912,32.2609],[35.64603,32.2609],[35.65294,32.2609],[35.72897,32.30183],[35.70823,32.31937],[35.70132,32.31937],[35.69441,32.31937],[35.6875,32.31937],[35.68059,32.31937],[35.65985,32.30183]]]],"type":"MultiPolygon"},"properties":{"placeId":"aa24ad4","name":"Ephraim 3","type":"region","landOrWater":"land","proposed":false,"role":"g3fb3df.isobands"}},{"type":"Feature","geometry":{"coordinates":[[[34.708204,31.192504],[34.869915,31.259891],[34.666456,31.43478],[34.481841,31.417769],[34.708204,31.192504]]],"type":"Polygon"},"properties":{"placeId":"a43608b","name":"Esek","type":"well","landOrWater":"water","proposed":true,"role":"g5a2290.geometry"}},{"type":"Feature","geometry":{"coordinates":[[[[31.21286,20.92875],[31.21286,20.8116],[31.21286,20.69446],[31.21286,20.57731],[31.21286,20.46017],[31.21286,20.34302],[31.33218,20.10873],[33.47995,16.82865],[35.86636,13.54857],[35.98568,13.43142],[36.105,13.31427],[36.22432,13.19713],[36.34364,13.07998],[36.46296,12.96284],[36.58228,12.84569],[36.7016,12.72855],[36.82092,12.6114],[36.94024,12.6114],[37.05956,12.6114],[37.17888,12.6114],[37.2982,12.6114],[37.41753,12.6114],[37.53685,12.6114],[37.65617,12.6114],[37.77549,12.6114],[37.89481,12.6114],[38.01413,12.6114],[38.13345,12.6114],[38.25277,12.6114],[34.91179,20.92875],[34.43451,21.0459],[31.92878,21.28019],[31.80946,21.28019],[31.69014,21.28019],[31.33218,21.0459],[31.21286,20.92875]]],[[[31.21286,20.8116],[31.21286,20.69446],[31.21286,20.57731],[31.21286,20.46017],[31.21286,20.34302],[32.16742,19.99158],[32.28674,19.99158],[32.40606,19.99158],[32.52538,19.99158],[33.59927,20.10873],[34.43451,20.34302],[34.43451,20.46017],[34.43451,20.57731],[34.43451,20.69446],[34.43451,20.8116],[34.43451,20.92875],[32.0481,21.0459],[31.92878,21.0459],[31.80946,21.0459],[31.69014,21.0459],[31.33218,20.92875],[31.21286,20.8116]]],[[[31.69014,20.92875],[31.33218,20.8116],[31.33218,20.69446],[31.33218,20.57731],[31.33218,20.46017],[31.33218,20.34302],[31.4515,20.34302],[31.57082,20.34302],[31.69014,20.34302],[31.80946,20.34302],[31.92878,20.34302],[32.0481,20.34302],[32.16742,20.34302],[32.28674,20.34302],[32.40606,20.34302],[32.52538,20.34302],[32.6447,20.34302],[32.76402,20.34302],[32.88334,20.34302],[33.00266,20.34302],[33.12198,20.34302],[33.24131,20.34302],[33.36063,20.34302],[33.47995,20.34302],[33.59927,20.34302],[33.71859,20.34302],[34.43451,20.69446],[34.43451,20.8116],[34.43451,20.92875],[34.31519,20.92875],[34.19587,20.92875],[34.07655,20.92875],[33.95723,20.92875],[33.83791,20.92875],[33.71859,20.92875],[33.59927,20.92875],[33.47995,20.92875],[33.36063,20.92875],[33.24131,20.92875],[33.12198,20.92875],[33.00266,20.92875],[32.88334,20.92875],[32.0481,20.92875],[31.92878,20.92875],[31.80946,20.92875],[31.69014,20.92875]]],[[[33.00266,20.46017],[32.28674,20.34302],[32.40606,20.34302],[32.88334,20.34302],[33.00266,20.34302],[33.12198,20.34302],[33.24131,20.34302],[33.36063,20.34302],[33.47995,20.34302],[33.47995,20.46017],[33.36063,20.46017],[33.24131,20.46017],[33.12198,20.46017],[33.00266,20.46017]]]],"type":"MultiPolygon"},"properties":{"placeId":"ab45bd3","name":"Ethiopia","type":"region","landOrWater":"land","proposed":false,"role":"g80ab8b.isobands"}},{"type":"Feature","geometry":{"coordinates":[[[9.746245,43.553727],[9.595327,43.111828],[9.866554,42.524037],[10.299685,42.188989],[12.096865,41.613626],[12.663899,42.191297],[12.362228,42.819809],[12.690855,43.285354],[12.293351,43.823619],[11.748344,44.020668],[12.076533,43.594525],[11.814505,43.557886],[11.493895,43.804184],[10.137748,43.572057],[9.746245,43.553727]]],"type":"Polygon"},"properties":{"placeId":"a5eafe1","name":"Etruria","type":"region","landOrWater":"land","proposed":false,"role":"g0351db.geometry"}},{"type":"Feature","geometry":{"coordinates":[[43.4004,39.62289],[43.03842,39.70988],[42.89148,39.55006],[42.68305,39.49974],[42.56097,39.37735],[42.51654,39.15681],[42.14263,39.16913],[41.73966,39.02609],[41.54147,39.06983],[41.5341,38.84767],[41.28619,38.8488],[41.16636,38.75437],[40.93768,38.90233],[40.43907,38.71578],[40.05323,38.74685],[39.76762,38.62738],[39.52104,38.65794],[39.43605,38.78707],[39.07093,38.88889],[38.79036,38.86343],[38.62579,38.74399],[38.4707,38.75055],[38.35929,38.54254],[38.69727,38.41718],[38.81465,38.44258],[38.96907,38.3195],[39.10977,38.34695],[39.15092,38.3002],[39.10734,38.20079],[39.22207,38.20728],[39.26237,38.14575],[38.97395,37.89992],[38.97615,37.82576],[38.89374,37.79772],[38.96638,37.75973],[38.80754,37.68869],[38.84787,37.6459],[38.65453,37.62225],[38.44129,37.47027],[38.27288,37.47616],[38.17543,37.41056],[37.9869,37.44055],[37.876,37.34516],[37.8643,37.07822],[37.98087,37.04911],[38.03223,36.73892],[38.27974,36.53821],[38.07234,36.08734],[38.15529,35.98854],[38.554,35.85696],[39.04536,35.9343],[39.29005,35.82418],[39.78978,35.74977],[39.91166,35.51972],[40.40792,35.20512],[40.42549,35.07127],[40.4782,35.05925],[40.43902,35.03065],[40.5636,34.95816],[40.64746,34.78824],[40.91728,34.62881],[40.93077,34.44985],[41.07865,34.37813],[41.21151,34.38819],[41.17855,34.42827],[41.23469,34.45545],[41.70109,34.44724],[41.77868,34.53001],[41.83756,34.46904],[41.96819,34.47555],[42.13934,34.27379],[42.37435,34.33023],[42.31718,34.24315],[42.38791,34.18267],[42.41314,34.0175],[42.50326,34.03386],[42.57021,33.97252],[42.53159,33.86241],[42.6616,33.90336],[42.77015,33.85387],[42.71973,33.71875],[42.92984,33.52606],[43.6575,33.39649],[43.75822,33.35178],[43.8638,33.18126],[44.01608,33.16432],[44.17383,33.02275],[44.29104,32.78756],[44.20564,32.56697],[44.30027,32.44331],[44.35553,32.11166],[44.50174,31.8977],[44.47541,31.70573],[44.78758,31.45265],[45.13943,31.42654],[45.24909,31.32722],[45.53215,31.28336],[45.5573,31.18628],[46.0521,31.1234],[46.47565,30.9104],[46.5801,30.98234],[47.30651,30.92903],[47.44235,31.00471]],"type":"LineString"},"properties":{"placeId":"a62dec4","name":"Euphrates","type":"river","landOrWater":"water","proposed":false,"role":"g8bbbc3.simplified"}},{"type":"Feature","geometry":{"coordinates":[[[35.23072,31.83211],[35.22961,31.83206],[35.22852,31.83191],[35.22745,31.83167],[35.22641,31.83133],[35.22543,31.8309],[35.2245,31.83039],[35.22364,31.8298],[35.22285,31.82913],[35.22215,31.8284],[35.22155,31.82761],[35.22105,31.82677],[35.22065,31.82589],[35.22036,31.82498],[35.22019,31.82405],[35.22013,31.82311],[35.22019,31.82217],[35.22037,31.82124],[35.22065,31.82033],[35.22105,31.81945],[35.22155,31.81862],[35.22216,31.81783],[35.22285,31.8171],[35.22364,31.81643],[35.2245,31.81584],[35.22543,31.81532],[35.22641,31.8149],[35.22745,31.81456],[35.22852,31.81432],[35.22961,31.81417],[35.23072,31.81412],[35.23182,31.81417],[35.23292,31.81432],[35.23399,31.81456],[35.23502,31.8149],[35.23601,31.81532],[35.23694,31.81584],[35.2378,31.81643],[35.23858,31.8171],[35.23928,31.81783],[35.23988,31.81862],[35.24039,31.81945],[35.24078,31.82033],[35.24107,31.82124],[35.24124,31.82217],[35.2413,31.82311],[35.24124,31.82405],[35.24107,31.82498],[35.24078,31.82589],[35.24039,31.82677],[35.23988,31.82761],[35.23928,31.8284],[35.23858,31.82913],[35.2378,31.8298],[35.23694,31.83039],[35.23601,31.8309],[35.23502,31.83133],[35.23399,31.83167],[35.23292,31.83191],[35.23182,31.83206],[35.23072,31.83211]]],"type":"Polygon"},"properties":{"placeId":"acb3716","name":"Ezel","type":"stone heap","landOrWater":"land","proposed":true,"role":"g608f70.geometry"}},{"type":"Feature","geometry":{"coordinates":[[[34.859126,29.463757],[34.859021,29.463265],[34.859154,29.46257],[34.859453,29.461482],[34.860519,29.461196],[34.860791,29.461865],[34.861087,29.462631],[34.86075,29.463222],[34.860759,29.464615],[34.859793,29.464222],[34.859126,29.463757]]],"type":"Polygon"},"properties":{"placeId":"a8e53d5","name":"Ezion-geber","type":"island","landOrWater":"land","proposed":true,"role":"g0a25af.geometry"}},{"type":"Feature","geometry":{"coordinates":[[[35.10729,32.09799],[35.09619,32.0975],[35.08522,32.09602],[35.07449,32.09359],[35.06411,32.09021],[35.05422,32.08593],[35.0449,32.0808],[35.03627,32.07487],[35.02842,32.06821],[35.02144,32.06089],[35.0154,32.05299],[35.01037,32.0446],[35.00639,32.03581],[35.00353,32.02672],[35.0018,32.01742],[35.00123,32.00802],[35.00183,31.99862],[35.00357,31.98932],[35.00646,31.98023],[35.01044,31.97144],[35.01549,31.96306],[35.02154,31.95517],[35.02853,31.94786],[35.03638,31.94121],[35.045,31.93529],[35.05431,31.93017],[35.06419,31.9259],[35.07455,31.92253],[35.08526,31.92009],[35.09622,31.91862],[35.10729,31.91813],[35.11836,31.91862],[35.12932,31.92009],[35.14003,31.92253],[35.15039,31.9259],[35.16027,31.93017],[35.16958,31.93529],[35.1782,31.94121],[35.18605,31.94786],[35.19304,31.95517],[35.19909,31.96306],[35.20414,31.97144],[35.20812,31.98023],[35.21101,31.98932],[35.21275,31.99862],[35.21335,32.00802],[35.21278,32.01742],[35.21105,32.02672],[35.20819,32.03581],[35.20421,32.0446],[35.19918,32.05299],[35.19314,32.06089],[35.18616,32.06821],[35.17831,32.07487],[35.16968,32.0808],[35.16036,32.08593],[35.15047,32.09021],[35.14009,32.09359],[35.12936,32.09602],[35.11839,32.0975],[35.10729,32.09799]]],"type":"Polygon"},"properties":{"placeId":"ab05a42","name":"Gaash","type":"mountain","landOrWater":"land","proposed":true,"role":"g507214.geometry"}},{"type":"Feature","geometry":{"coordinates":[[[35.22804,31.78058],[35.22748,31.78055],[35.22694,31.78048],[35.2264,31.78036],[35.22588,31.78019],[35.22539,31.77998],[35.22493,31.77972],[35.2245,31.77942],[35.22411,31.77909],[35.22376,31.77873],[35.22346,31.77833],[35.2232,31.77791],[35.22301,31.77747],[35.22286,31.77702],[35.22278,31.77655],[35.22275,31.77608],[35.22278,31.77561],[35.22286,31.77515],[35.22301,31.77469],[35.2232,31.77425],[35.22346,31.77383],[35.22376,31.77344],[35.22411,31.77307],[35.2245,31.77274],[35.22493,31.77245],[35.22539,31.77219],[35.22588,31.77198],[35.2264,31.77181],[35.22694,31.77168],[35.22748,31.77161],[35.22804,31.77159],[35.22859,31.77161],[35.22914,31.77168],[35.22967,31.77181],[35.23019,31.77198],[35.23068,31.77219],[35.23114,31.77245],[35.23158,31.77274],[35.23197,31.77307],[35.23232,31.77344],[35.23262,31.77383],[35.23287,31.77425],[35.23307,31.77469],[35.23321,31.77515],[35.2333,31.77561],[35.23333,31.77608],[35.2333,31.77655],[35.23321,31.77702],[35.23307,31.77747],[35.23287,31.77791],[35.23262,31.77833],[35.23232,31.77873],[35.23197,31.77909],[35.23158,31.77942],[35.23115,31.77972],[35.23068,31.77998],[35.23019,31.78019],[35.22967,31.78036],[35.22914,31.78048],[35.22859,31.78055],[35.22804,31.78058]]],"type":"Polygon"},"properties":{"placeId":"aec23b1","name":"Gabbatha","type":"structure","landOrWater":"land","proposed":true,"role":"g36a7ea.geometry"}},{"type":"Feature","geometry":{"coordinates":[[[[32.53164,41.12903],[31.296,39.97287],[31.09006,39.64254],[30.2663,37.99088],[30.06036,37.49538],[30.2663,36.99989],[32.11976,36.99989],[32.3257,36.99989],[32.53164,36.99989],[32.73758,36.99989],[32.94352,36.99989],[33.14946,36.99989],[33.3554,36.99989],[33.56134,36.99989],[39.5336,40.63353],[39.5336,40.7987],[39.5336,40.96386],[34.17916,41.62452],[33.97322,41.62452],[33.76728,41.62452],[33.14946,41.45936],[32.73758,41.29419],[32.53164,41.12903]]],[[[30.2663,37.99088],[30.2663,37.82572],[30.2663,37.66055],[30.2663,37.49538],[30.2663,37.33022],[30.2663,37.16505],[32.3257,36.99989],[33.76728,37.16505],[36.4445,40.46836],[36.4445,40.63353],[36.4445,40.7987],[36.23856,40.96386],[35.82668,41.12903],[35.4148,41.29419],[35.00292,41.45936],[34.17916,41.62452],[33.14946,41.45936],[32.73758,41.29419],[32.53164,41.12903],[31.09006,39.64254],[30.2663,37.99088]]],[[[31.09006,39.64254],[30.2663,37.99088],[31.91382,37.16505],[32.3257,36.99989],[33.76728,37.16505],[35.62074,39.8077],[36.03262,40.7987],[35.82668,41.12903],[35.4148,41.29419],[34.59104,41.45936],[34.3851,41.45936],[34.17916,41.45936],[33.97322,41.45936],[33.76728,41.45936],[33.56134,41.45936],[33.3554,41.45936],[33.14946,41.45936],[32.53164,41.12903],[31.09006,39.64254]]],[[[35.62074,41.12903],[35.20886,41.29419],[34.59104,41.45936],[34.3851,41.45936],[34.17916,41.45936],[33.97322,41.45936],[33.76728,41.45936],[33.56134,41.45936],[33.3554,41.45936],[33.14946,41.45936],[32.53164,41.12903],[31.09006,39.47737],[30.47224,37.99088],[31.91382,37.16505],[32.11976,37.16505],[32.3257,37.16505],[32.53164,37.16505],[32.73758,37.16505],[32.94352,37.16505],[33.56134,37.16505],[33.76728,37.16505],[35.62074,39.8077],[35.82668,40.7987],[35.82668,40.96386],[35.62074,41.12903]]],[[[30.67818,38.32121],[30.67818,38.15605],[30.67818,37.99088],[31.91382,37.16505],[32.11976,37.16505],[32.3257,37.16505],[33.56134,37.16505],[33.76728,37.16505],[35.62074,39.8077],[35.62074,39.97287],[35.62074,40.7987],[35.62074,40.96386],[35.4148,41.12903],[35.20886,41.29419],[34.17916,41.45936],[33.97322,41.45936],[33.76728,41.45936],[33.56134,41.45936],[33.3554,41.45936],[33.14946,41.45936],[32.53164,41.12903],[31.09006,39.47737],[30.67818,38.32121]]],[[[30.67818,38.15605],[30.67818,37.99088],[31.91382,37.16505],[32.11976,37.16505],[32.3257,37.16505],[33.56134,37.16505],[33.76728,37.16505],[35.4148,39.8077],[35.4148,39.97287],[35.4148,41.12903],[35.20886,41.29419],[35.00292,41.29419],[34.79698,41.29419],[32.53164,41.12903],[31.296,39.47737],[30.67818,38.15605]]],[[[31.50194,39.47737],[30.67818,38.15605],[30.88412,37.99088],[31.70788,37.33022],[31.91382,37.16505],[32.11976,37.16505],[32.3257,37.16505],[33.76728,37.33022],[35.20886,39.8077],[35.20886,40.96386],[35.20886,41.12903],[35.00292,41.12903],[34.79698,41.12903],[34.59104,41.12903],[34.3851,41.12903],[34.17916,41.12903],[33.14946,40.96386],[32.3257,40.3032],[31.50194,39.47737]]],[[[31.50194,37.66055],[31.70788,37.49538],[31.91382,37.33022],[32.11976,37.16505],[33.3554,37.33022],[33.56134,37.49538],[35.20886,39.8077],[35.00292,40.96386],[34.79698,41.12903],[34.17916,40.96386],[33.56134,40.7987],[33.14946,40.63353],[32.73758,40.46836],[32.53164,40.3032],[31.70788,39.47737],[30.88412,38.32121],[30.88412,38.15605],[31.50194,37.66055]]]],"type":"MultiPolygon"},"properties":{"placeId":"a0f440a","name":"Galatia","type":"region","landOrWater":"land","proposed":false,"role":"ga2818f.isobands"}},{"type":"Feature","geometry":{"coordinates":[[[[35.5405,33.19456],[35.51344,33.2174],[35.48639,33.2174],[35.45934,33.2174],[35.37818,33.2174],[35.35113,33.2174],[35.32407,33.2174],[35.16175,33.08034],[35.1347,33.0575],[35.08059,32.8519],[35.05354,32.60062],[35.24291,32.50925],[35.51344,32.41788],[35.56755,32.57778],[35.62166,32.92043],[35.62166,32.94328],[35.5946,33.14887],[35.5405,33.19456]]],[[[35.32407,33.12603],[35.21586,33.08034],[35.16175,33.0575],[35.10765,32.80622],[35.08059,32.62347],[35.08059,32.60062],[35.21586,32.53209],[35.40523,32.46356],[35.43228,32.46356],[35.45934,32.46356],[35.5405,32.53209],[35.56755,32.60062],[35.62166,32.94328],[35.5946,33.08034],[35.56755,33.12603],[35.5405,33.17171],[35.51344,33.19456],[35.48639,33.19456],[35.32407,33.12603]]],[[[35.10765,32.73769],[35.10765,32.71484],[35.10765,32.692],[35.10765,32.66916],[35.10765,32.64631],[35.21586,32.53209],[35.35113,32.48641],[35.37818,32.48641],[35.5405,32.53209],[35.56755,32.62347],[35.5946,32.89759],[35.5946,32.92043],[35.5946,32.94328],[35.5946,32.96612],[35.5946,32.98897],[35.5946,33.01181],[35.5946,33.03465],[35.5946,33.0575],[35.5946,33.08034],[35.56755,33.12603],[35.51344,33.19456],[35.32407,33.12603],[35.21586,33.0575],[35.10765,32.80622],[35.10765,32.78337],[35.10765,32.76053],[35.10765,32.73769]]],[[[35.29702,32.50925],[35.32407,32.50925],[35.5405,32.55494],[35.56755,32.62347],[35.5946,32.89759],[35.5946,32.92043],[35.5946,32.94328],[35.5946,32.96612],[35.5946,32.98897],[35.5946,33.01181],[35.5946,33.03465],[35.5946,33.0575],[35.5946,33.08034],[35.48639,33.14887],[35.45934,33.14887],[35.32407,33.12603],[35.24291,33.0575],[35.10765,32.80622],[35.10765,32.76053],[35.10765,32.73769],[35.10765,32.71484],[35.10765,32.692],[35.10765,32.66916],[35.18881,32.57778],[35.21586,32.55494],[35.24291,32.53209],[35.29702,32.50925]]],[[[35.32407,32.53209],[35.35113,32.53209],[35.5405,32.55494],[35.56755,32.62347],[35.5946,32.89759],[35.5946,32.92043],[35.5946,32.94328],[35.5946,32.96612],[35.5946,32.98897],[35.5946,33.01181],[35.5946,33.03465],[35.5946,33.0575],[35.5946,33.08034],[35.51344,33.12603],[35.48639,33.12603],[35.45934,33.12603],[35.43228,33.12603],[35.40523,33.12603],[35.37818,33.12603],[35.32407,33.10318],[35.24291,33.03465],[35.1347,32.82906],[35.10765,32.73769],[35.10765,32.71484],[35.10765,32.66916],[35.18881,32.57778],[35.21586,32.55494],[35.26997,32.53209],[35.29702,32.53209],[35.32407,32.53209]]],[[[35.1347,32.73769],[35.1347,32.71484],[35.1347,32.692],[35.1347,32.66916],[35.1347,32.64631],[35.21586,32.55494],[35.24291,32.55494],[35.26997,32.55494],[35.51344,32.55494],[35.5405,32.62347],[35.56755,32.71484],[35.5946,32.89759],[35.5946,32.92043],[35.5946,32.94328],[35.5946,32.96612],[35.5946,32.98897],[35.5946,33.01181],[35.5946,33.03465],[35.5946,33.0575],[35.5946,33.08034],[35.48639,33.12603],[35.45934,33.12603],[35.43228,33.12603],[35.40523,33.12603],[35.32407,33.10318],[35.26997,33.03465],[35.1347,32.82906],[35.1347,32.80622],[35.1347,32.78337],[35.1347,32.76053],[35.1347,32.73769]]],[[[35.21586,32.57778],[35.24291,32.55494],[35.48639,32.60062],[35.51344,32.62347],[35.5405,32.64631],[35.56755,32.71484],[35.5946,32.89759],[35.5946,32.92043],[35.5946,32.94328],[35.5946,32.96612],[35.5946,32.98897],[35.5946,33.01181],[35.5946,33.03465],[35.5946,33.0575],[35.5946,33.08034],[35.48639,33.12603],[35.45934,33.12603],[35.35113,33.10318],[35.26997,33.01181],[35.21586,32.94328],[35.16175,32.8519],[35.1347,32.80622],[35.1347,32.78337],[35.1347,32.76053],[35.1347,32.73769],[35.1347,32.71484],[35.1347,32.66916],[35.21586,32.57778]]],[[[35.1347,32.66916],[35.16175,32.64631],[35.21586,32.60062],[35.26997,32.57778],[35.43228,32.60062],[35.48639,32.62347],[35.51344,32.64631],[35.5405,32.66916],[35.56755,32.71484],[35.5946,32.89759],[35.5946,32.92043],[35.5946,32.94328],[35.5946,32.96612],[35.5946,32.98897],[35.5946,33.01181],[35.5946,33.03465],[35.5946,33.0575],[35.56755,33.08034],[35.43228,33.10318],[35.40523,33.10318],[35.37818,33.10318],[35.35113,33.08034],[35.32407,33.0575],[35.29702,33.03465],[35.24291,32.96612],[35.16175,32.8519],[35.1347,32.78337],[35.1347,32.76053],[35.1347,32.73769],[35.1347,32.71484],[35.1347,32.66916]]],[[[35.29702,32.60062],[35.32407,32.60062],[35.45934,32.62347],[35.48639,32.64631],[35.51344,32.66916],[35.5405,32.692],[35.5946,32.89759],[35.5946,32.92043],[35.5946,32.94328],[35.5946,32.96612],[35.5946,32.98897],[35.5946,33.01181],[35.56755,33.08034],[35.43228,33.10318],[35.40523,33.10318],[35.37818,33.10318],[35.29702,33.03465],[35.24291,32.96612],[35.16175,32.8519],[35.1347,32.76053],[35.1347,32.73769],[35.21586,32.62347],[35.29702,32.60062]]]],"type":"MultiPolygon"},"properties":{"placeId":"a9cf1e8","name":"Galilee 1","type":"region","landOrWater":"land","proposed":false,"role":"g99a57f.isobands"}},{"type":"Feature","geometry":{"coordinates":[[[[35.5405,33.19456],[35.51344,33.2174],[35.48639,33.2174],[35.45934,33.2174],[35.37818,33.2174],[35.35113,33.2174],[35.32407,33.2174],[35.16175,33.08034],[35.1347,33.0575],[35.08059,32.8519],[35.05354,32.60062],[35.24291,32.50925],[35.51344,32.41788],[35.56755,32.57778],[35.62166,32.92043],[35.62166,32.94328],[35.5946,33.14887],[35.5405,33.19456]]],[[[35.32407,33.12603],[35.21586,33.08034],[35.16175,33.0575],[35.10765,32.80622],[35.08059,32.62347],[35.08059,32.60062],[35.21586,32.53209],[35.40523,32.46356],[35.43228,32.46356],[35.45934,32.46356],[35.5405,32.53209],[35.56755,32.60062],[35.62166,32.94328],[35.5946,33.08034],[35.56755,33.12603],[35.5405,33.17171],[35.51344,33.19456],[35.48639,33.19456],[35.32407,33.12603]]],[[[35.10765,32.73769],[35.10765,32.71484],[35.10765,32.692],[35.10765,32.66916],[35.10765,32.64631],[35.21586,32.53209],[35.35113,32.48641],[35.37818,32.48641],[35.5405,32.53209],[35.56755,32.62347],[35.5946,32.89759],[35.5946,32.92043],[35.5946,32.94328],[35.5946,32.96612],[35.5946,32.98897],[35.5946,33.01181],[35.5946,33.03465],[35.5946,33.0575],[35.5946,33.08034],[35.56755,33.12603],[35.51344,33.19456],[35.32407,33.12603],[35.21586,33.0575],[35.10765,32.80622],[35.10765,32.78337],[35.10765,32.76053],[35.10765,32.73769]]],[[[35.29702,32.50925],[35.32407,32.50925],[35.5405,32.55494],[35.56755,32.62347],[35.5946,32.89759],[35.5946,32.92043],[35.5946,32.94328],[35.5946,32.96612],[35.5946,32.98897],[35.5946,33.01181],[35.5946,33.03465],[35.5946,33.0575],[35.5946,33.08034],[35.48639,33.14887],[35.45934,33.14887],[35.32407,33.12603],[35.24291,33.0575],[35.10765,32.80622],[35.10765,32.76053],[35.10765,32.73769],[35.10765,32.71484],[35.10765,32.692],[35.10765,32.66916],[35.18881,32.57778],[35.21586,32.55494],[35.24291,32.53209],[35.29702,32.50925]]],[[[35.32407,32.53209],[35.35113,32.53209],[35.5405,32.55494],[35.56755,32.62347],[35.5946,32.89759],[35.5946,32.92043],[35.5946,32.94328],[35.5946,32.96612],[35.5946,32.98897],[35.5946,33.01181],[35.5946,33.03465],[35.5946,33.0575],[35.5946,33.08034],[35.51344,33.12603],[35.48639,33.12603],[35.45934,33.12603],[35.43228,33.12603],[35.40523,33.12603],[35.37818,33.12603],[35.32407,33.10318],[35.24291,33.03465],[35.1347,32.82906],[35.10765,32.73769],[35.10765,32.71484],[35.10765,32.66916],[35.18881,32.57778],[35.21586,32.55494],[35.26997,32.53209],[35.29702,32.53209],[35.32407,32.53209]]],[[[35.1347,32.73769],[35.1347,32.71484],[35.1347,32.692],[35.1347,32.66916],[35.1347,32.64631],[35.21586,32.55494],[35.24291,32.55494],[35.26997,32.55494],[35.51344,32.55494],[35.5405,32.62347],[35.56755,32.71484],[35.5946,32.89759],[35.5946,32.92043],[35.5946,32.94328],[35.5946,32.96612],[35.5946,32.98897],[35.5946,33.01181],[35.5946,33.03465],[35.5946,33.0575],[35.5946,33.08034],[35.48639,33.12603],[35.45934,33.12603],[35.43228,33.12603],[35.40523,33.12603],[35.32407,33.10318],[35.26997,33.03465],[35.1347,32.82906],[35.1347,32.80622],[35.1347,32.78337],[35.1347,32.76053],[35.1347,32.73769]]],[[[35.21586,32.57778],[35.24291,32.55494],[35.48639,32.60062],[35.51344,32.62347],[35.5405,32.64631],[35.56755,32.71484],[35.5946,32.89759],[35.5946,32.92043],[35.5946,32.94328],[35.5946,32.96612],[35.5946,32.98897],[35.5946,33.01181],[35.5946,33.03465],[35.5946,33.0575],[35.5946,33.08034],[35.48639,33.12603],[35.45934,33.12603],[35.35113,33.10318],[35.26997,33.01181],[35.21586,32.94328],[35.16175,32.8519],[35.1347,32.80622],[35.1347,32.78337],[35.1347,32.76053],[35.1347,32.73769],[35.1347,32.71484],[35.1347,32.66916],[35.21586,32.57778]]],[[[35.1347,32.66916],[35.16175,32.64631],[35.21586,32.60062],[35.26997,32.57778],[35.43228,32.60062],[35.48639,32.62347],[35.51344,32.64631],[35.5405,32.66916],[35.56755,32.71484],[35.5946,32.89759],[35.5946,32.92043],[35.5946,32.94328],[35.5946,32.96612],[35.5946,32.98897],[35.5946,33.01181],[35.5946,33.03465],[35.5946,33.0575],[35.56755,33.08034],[35.43228,33.10318],[35.40523,33.10318],[35.37818,33.10318],[35.35113,33.08034],[35.32407,33.0575],[35.29702,33.03465],[35.24291,32.96612],[35.16175,32.8519],[35.1347,32.78337],[35.1347,32.76053],[35.1347,32.73769],[35.1347,32.71484],[35.1347,32.66916]]],[[[35.29702,32.60062],[35.32407,32.60062],[35.45934,32.62347],[35.48639,32.64631],[35.51344,32.66916],[35.5405,32.692],[35.5946,32.89759],[35.5946,32.92043],[35.5946,32.94328],[35.5946,32.96612],[35.5946,32.98897],[35.5946,33.01181],[35.56755,33.08034],[35.43228,33.10318],[35.40523,33.10318],[35.37818,33.10318],[35.29702,33.03465],[35.24291,32.96612],[35.16175,32.8519],[35.1347,32.76053],[35.1347,32.73769],[35.21586,32.62347],[35.29702,32.60062]]]],"type":"MultiPolygon"},"properties":{"placeId":"a4e39f6","name":"Galilee 2","type":"region","landOrWater":"land","proposed":true,"role":"g99a57f.isobands"}},{"type":"Feature","geometry":{"coordinates":[[[35.515845,30.99693],[35.4236,30.396406],[35.718003,30.37924],[35.816378,30.938602],[35.515845,30.99693]]],"type":"Polygon"},"properties":{"placeId":"a59b2e2","name":"Gebal 2","type":"region","landOrWater":"land","proposed":true,"role":"geade1c.geometry"}},{"type":"Feature","geometry":{"coordinates":[[[35.25758,31.8345],[35.25426,31.83435],[35.25098,31.83391],[35.24777,31.83318],[35.24466,31.83217],[35.2417,31.83088],[35.23891,31.82935],[35.23633,31.82757],[35.23398,31.82557],[35.23189,31.82338],[35.23008,31.82101],[35.22857,31.81849],[35.22738,31.81585],[35.22652,31.81313],[35.22601,31.81034],[35.22583,31.80752],[35.22601,31.8047],[35.22653,31.80191],[35.22739,31.79918],[35.22858,31.79654],[35.23009,31.79403],[35.2319,31.79166],[35.23399,31.78946],[35.23634,31.78747],[35.23892,31.78569],[35.24171,31.78415],[35.24467,31.78287],[35.24777,31.78186],[35.25098,31.78113],[35.25426,31.78069],[35.25758,31.78054],[35.2609,31.78069],[35.26418,31.78113],[35.26739,31.78186],[35.27049,31.78287],[35.27345,31.78415],[35.27624,31.78569],[35.27882,31.78747],[35.28117,31.78946],[35.28326,31.79166],[35.28507,31.79403],[35.28658,31.79654],[35.28777,31.79918],[35.28863,31.80191],[35.28915,31.8047],[35.28933,31.80752],[35.28915,31.81034],[35.28864,31.81313],[35.28778,31.81585],[35.28659,31.81849],[35.28508,31.82101],[35.28327,31.82338],[35.28118,31.82557],[35.27883,31.82757],[35.27625,31.82935],[35.27346,31.83088],[35.2705,31.83217],[35.26739,31.83318],[35.26418,31.83391],[35.2609,31.83435],[35.25758,31.8345]]],"type":"Polygon"},"properties":{"placeId":"a58df35","name":"Gebim","type":"settlement","landOrWater":"land","proposed":true,"role":"gcd38c6.geometry"}},{"type":"Feature","geometry":{"coordinates":[[[34.9,31.99497],[34.89446,31.99472],[34.88898,31.99398],[34.88362,31.99276],[34.87844,31.99108],[34.87349,31.98894],[34.86884,31.98637],[34.86453,31.98341],[34.8606,31.98008],[34.85711,31.97642],[34.85409,31.97247],[34.85158,31.96828],[34.84959,31.96389],[34.84816,31.95934],[34.84729,31.95469],[34.84701,31.94999],[34.8473,31.94529],[34.84817,31.94064],[34.84961,31.93609],[34.8516,31.9317],[34.85412,31.92751],[34.85714,31.92356],[34.86063,31.91991],[34.86455,31.91658],[34.86886,31.91362],[34.87351,31.91106],[34.87845,31.90892],[34.88363,31.90723],[34.88899,31.90602],[34.89446,31.90528],[34.9,31.90503],[34.90554,31.90528],[34.91101,31.90602],[34.91637,31.90723],[34.92155,31.90892],[34.92649,31.91106],[34.93114,31.91362],[34.93545,31.91658],[34.93937,31.91991],[34.94286,31.92356],[34.94588,31.92751],[34.9484,31.9317],[34.95039,31.93609],[34.95183,31.94064],[34.9527,31.94529],[34.95299,31.94999],[34.95271,31.95469],[34.95184,31.95934],[34.95041,31.96389],[34.94842,31.96828],[34.94591,31.97247],[34.94289,31.97642],[34.9394,31.98008],[34.93547,31.98341],[34.93116,31.98637],[34.92651,31.98894],[34.92156,31.99108],[34.91638,31.99276],[34.91102,31.99398],[34.90554,31.99472],[34.9,31.99497]]],"type":"Polygon"},"properties":{"placeId":"abf0690","name":"Ge-harashim","type":"valley","landOrWater":"land","proposed":true,"role":"g886dc3.geometry"}},{"type":"Feature","geometry":{"coordinates":[[[35.516378,32.824081],[35.543429,32.869915],[35.50442,32.868939],[35.48292,32.850893],[35.516378,32.824081]]],"type":"Polygon"},"properties":{"placeId":"a7de69e","name":"Gennesaret","type":"region","landOrWater":"land","proposed":false,"role":"g0e7a2e.geometry"}},{"type":"Feature","geometry":{"coordinates":[[[35.20764,31.74927],[35.20211,31.74903],[35.19664,31.74829],[35.1913,31.74707],[35.18613,31.74538],[35.1812,31.74324],[35.17656,31.74068],[35.17226,31.73772],[35.16835,31.73439],[35.16487,31.73073],[35.16186,31.72678],[35.15935,31.72259],[35.15737,31.71819],[35.15594,31.71364],[35.15507,31.709],[35.15479,31.7043],[35.15508,31.69959],[35.15595,31.69495],[35.15738,31.6904],[35.15936,31.68601],[35.16188,31.68181],[35.16489,31.67787],[35.16837,31.67421],[35.17229,31.67088],[35.17658,31.66792],[35.18122,31.66536],[35.18615,31.66323],[35.19131,31.66154],[35.19666,31.66032],[35.20212,31.65959],[35.20764,31.65934],[35.21316,31.65959],[35.21862,31.66032],[35.22396,31.66154],[35.22913,31.66323],[35.23405,31.66536],[35.23869,31.66792],[35.24299,31.67088],[35.2469,31.67421],[35.25039,31.67787],[35.2534,31.68181],[35.25591,31.68601],[35.2579,31.6904],[35.25933,31.69495],[35.2602,31.69959],[35.26049,31.7043],[35.26021,31.709],[35.25934,31.71364],[35.25791,31.71819],[35.25593,31.72259],[35.25342,31.72678],[35.25041,31.73073],[35.24693,31.73439],[35.24302,31.73772],[35.23872,31.74068],[35.23408,31.74324],[35.22915,31.74538],[35.22398,31.74707],[35.21863,31.74829],[35.21317,31.74903],[35.20764,31.74927]]],"type":"Polygon"},"properties":{"placeId":"a1c28f1","name":"Geruth Chimham","type":"natural area","landOrWater":"land","proposed":false,"role":"gdf3ad7.geometry"}},{"type":"Feature","geometry":{"coordinates":[[[[35.85015,33.08875],[35.83638,33.08875],[35.65731,33.04232],[35.64353,32.93785],[35.62976,32.74053],[35.64353,32.72892],[35.65731,32.71731],[35.8777,32.76374],[35.97412,32.82178],[36.04299,32.91464],[36.02922,32.93785],[35.89147,33.07714],[35.8777,33.08875],[35.86393,33.08875],[35.85015,33.08875]]],[[[35.64353,32.89142],[35.64353,32.79856],[35.64353,32.78696],[35.64353,32.77535],[35.65731,32.75213],[35.67108,32.72892],[35.85015,32.77535],[35.9879,32.8566],[35.9879,32.86821],[35.9879,32.87982],[35.97412,32.93785],[35.91902,33.04232],[35.89147,33.06554],[35.86393,33.07714],[35.79505,33.04232],[35.65731,32.94946],[35.64353,32.91464],[35.64353,32.90303],[35.64353,32.89142]]],[[[35.65731,32.90303],[35.65731,32.89142],[35.65731,32.87982],[35.65731,32.86821],[35.65731,32.79856],[35.65731,32.78696],[35.65731,32.77535],[35.67108,32.75213],[35.68486,32.74053],[35.72618,32.75213],[35.8226,32.78696],[35.85015,32.79856],[35.97412,32.8566],[35.96035,32.92625],[35.90525,33.01911],[35.89147,33.03071],[35.8777,33.03071],[35.86393,33.03071],[35.7675,33.0075],[35.65731,32.93785],[35.65731,32.92625],[35.65731,32.91464],[35.65731,32.90303]]],[[[35.65731,32.87982],[35.65731,32.78696],[35.67108,32.75213],[35.68486,32.75213],[35.69863,32.75213],[35.73995,32.76374],[35.8777,32.82178],[35.9328,32.8566],[35.9328,32.87982],[35.9328,32.90303],[35.89147,33.0075],[35.86393,33.01911],[35.80883,33.0075],[35.75373,32.99589],[35.65731,32.93785],[35.65731,32.92625],[35.65731,32.91464],[35.65731,32.87982]]],[[[35.85015,33.0075],[35.8226,33.0075],[35.65731,32.93785],[35.65731,32.92625],[35.65731,32.91464],[35.65731,32.87982],[35.67108,32.77535],[35.68486,32.76374],[35.69863,32.76374],[35.7124,32.76374],[35.79505,32.79856],[35.85015,32.82178],[35.8777,32.86821],[35.89147,32.90303],[35.85015,33.0075]]],[[[35.65731,32.93785],[35.65731,32.91464],[35.68486,32.77535],[35.7124,32.76374],[35.79505,32.82178],[35.80883,32.83339],[35.8226,32.84499],[35.83638,32.8566],[35.85015,32.86821],[35.86393,32.87982],[35.8777,32.90303],[35.83638,32.99589],[35.8226,32.99589],[35.65731,32.93785]]],[[[35.67108,32.91464],[35.67108,32.90303],[35.67108,32.87982],[35.67108,32.8566],[35.68486,32.77535],[35.69863,32.77535],[35.7124,32.77535],[35.79505,32.82178],[35.80883,32.83339],[35.83638,32.8566],[35.85015,32.86821],[35.8777,32.90303],[35.83638,32.98428],[35.8226,32.98428],[35.80883,32.98428],[35.69863,32.93785],[35.68486,32.92625],[35.67108,32.91464]]],[[[35.68486,32.78696],[35.69863,32.78696],[35.78128,32.82178],[35.8226,32.8566],[35.83638,32.87982],[35.83638,32.93785],[35.8226,32.98428],[35.72618,32.93785],[35.7124,32.92625],[35.69863,32.91464],[35.67108,32.87982],[35.68486,32.78696]]],[[[35.68486,32.8566],[35.69863,32.82178],[35.7124,32.82178],[35.8226,32.8566],[35.83638,32.87982],[35.83638,32.93785],[35.8226,32.97268],[35.80883,32.97268],[35.7124,32.92625],[35.68486,32.87982],[35.68486,32.8566]]]],"type":"MultiPolygon"},"properties":{"placeId":"af6c325","name":"Geshur","type":"region","landOrWater":"land","proposed":false,"role":"g307887.isobands"}},{"type":"Feature","geometry":{"coordinates":[[[35.27954,31.93098],[35.26846,31.93049],[35.2575,31.92901],[35.24679,31.92657],[35.23644,31.9232],[35.22656,31.91892],[35.21726,31.91379],[35.20865,31.90786],[35.20081,31.9012],[35.19384,31.89388],[35.18781,31.88598],[35.18279,31.87759],[35.17882,31.8688],[35.17596,31.8597],[35.17424,31.8504],[35.17367,31.841],[35.17426,31.8316],[35.17601,31.82231],[35.17888,31.81322],[35.18286,31.80443],[35.1879,31.79605],[35.19394,31.78816],[35.20091,31.78085],[35.20875,31.77419],[35.21736,31.76828],[35.22665,31.76315],[35.23651,31.75888],[35.24685,31.75551],[35.25755,31.75308],[35.26848,31.75161],[35.27954,31.75111],[35.29059,31.75161],[35.30152,31.75308],[35.31222,31.75551],[35.32256,31.75888],[35.33242,31.76315],[35.34171,31.76828],[35.35032,31.77419],[35.35816,31.78085],[35.36513,31.78816],[35.37117,31.79605],[35.37621,31.80443],[35.38019,31.81322],[35.38306,31.82231],[35.38481,31.8316],[35.3854,31.841],[35.38483,31.8504],[35.38311,31.8597],[35.38025,31.8688],[35.37628,31.87759],[35.37126,31.88598],[35.36523,31.89388],[35.35826,31.9012],[35.35042,31.90786],[35.34181,31.91379],[35.33251,31.91892],[35.32263,31.9232],[35.31228,31.92657],[35.30157,31.92901],[35.29061,31.93049],[35.27954,31.93098]]],"type":"Polygon"},"properties":{"placeId":"ac66d7a","name":"Giah","type":"natural area","landOrWater":"land","proposed":true,"role":"gf09047.geometry"}},{"type":"Feature","geometry":{"coordinates":[[[35.133674,31.52217],[35.04736,31.520131],[34.935599,31.381839],[35.159464,31.382627],[35.133674,31.52217]]],"type":"Polygon"},"properties":{"placeId":"ad15169","name":"Gibea","type":"settlement","landOrWater":"land","proposed":true,"role":"g99e384.geometry"}},{"type":"Feature","geometry":{"coordinates":[[[35.133674,31.52217],[35.04736,31.520131],[34.935599,31.381839],[35.159464,31.382627],[35.133674,31.52217]]],"type":"Polygon"},"properties":{"placeId":"a2f0f05","name":"Gibeah 2","type":"settlement","landOrWater":"land","proposed":true,"role":"g99e384.geometry"}},{"type":"Feature","geometry":{"coordinates":[[[35.45997,31.92685],[35.45443,31.9266],[35.44895,31.92587],[35.4436,31.92465],[35.43842,31.92296],[35.43348,31.92082],[35.42883,31.91826],[35.42452,31.91529],[35.4206,31.91197],[35.41712,31.90831],[35.4141,31.90436],[35.41158,31.90016],[35.4096,31.89577],[35.40817,31.89122],[35.4073,31.88657],[35.40701,31.88187],[35.40731,31.87717],[35.40818,31.87252],[35.40961,31.86798],[35.4116,31.86358],[35.41412,31.85939],[35.41714,31.85545],[35.42063,31.85179],[35.42455,31.84846],[35.42886,31.8455],[35.4335,31.84294],[35.43844,31.8408],[35.44361,31.83912],[35.44896,31.8379],[35.45444,31.83716],[35.45997,31.83692],[35.4655,31.83716],[35.47097,31.8379],[35.47633,31.83912],[35.4815,31.8408],[35.48644,31.84294],[35.49108,31.8455],[35.49539,31.84846],[35.49931,31.85179],[35.5028,31.85545],[35.50582,31.85939],[35.50834,31.86358],[35.51032,31.86798],[35.51176,31.87252],[35.51263,31.87717],[35.51292,31.88187],[35.51264,31.88657],[35.51177,31.89122],[35.51034,31.89577],[35.50836,31.90016],[35.50584,31.90436],[35.50282,31.90831],[35.49933,31.91197],[35.49542,31.91529],[35.49111,31.91826],[35.48646,31.92082],[35.48152,31.92296],[35.47634,31.92465],[35.47098,31.92587],[35.46551,31.9266],[35.45997,31.92685]]],"type":"Polygon"},"properties":{"placeId":"a97126d","name":"Gibeath-haaraloth","type":"hill","landOrWater":"land","proposed":true,"role":"g396756.geometry"}},{"type":"Feature","geometry":{"coordinates":[[[35.30514,31.93755],[35.29406,31.93706],[35.28311,31.93558],[35.27239,31.93315],[35.26204,31.92977],[35.25216,31.92549],[35.24286,31.92036],[35.23425,31.91443],[35.22641,31.90777],[35.21944,31.90045],[35.21341,31.89255],[35.20838,31.88416],[35.20442,31.87537],[35.20156,31.86628],[35.19984,31.85698],[35.19927,31.84758],[35.19986,31.83818],[35.2016,31.82888],[35.20448,31.81979],[35.20846,31.811],[35.2135,31.80262],[35.21954,31.79473],[35.22651,31.78742],[35.23435,31.78077],[35.24296,31.77485],[35.25225,31.76973],[35.26212,31.76546],[35.27245,31.76209],[35.28315,31.75965],[35.29408,31.75818],[35.30514,31.75769],[35.31619,31.75818],[35.32713,31.75965],[35.33782,31.76209],[35.34816,31.76546],[35.35803,31.76973],[35.36732,31.77485],[35.37593,31.78077],[35.38376,31.78742],[35.39074,31.79473],[35.39678,31.80262],[35.40182,31.811],[35.4058,31.81979],[35.40867,31.82888],[35.41042,31.83818],[35.41101,31.84758],[35.41044,31.85698],[35.40872,31.86628],[35.40586,31.87537],[35.40189,31.88416],[35.39687,31.89255],[35.39084,31.90045],[35.38387,31.90777],[35.37603,31.91443],[35.36742,31.92036],[35.35812,31.92549],[35.34824,31.92977],[35.33789,31.93315],[35.32717,31.93558],[35.31622,31.93706],[35.30514,31.93755]]],"type":"Polygon"},"properties":{"placeId":"ae87a54","name":"Gidom","type":"natural area","landOrWater":"land","proposed":true,"role":"ge04cd7.geometry"}},{"type":"Feature","geometry":{"coordinates":[[32.50641,15.64124],[32.56511,16.15133],[32.71356,16.38777],[32.95192,16.55592],[33.11583,16.52307],[33.64297,16.83735],[33.72145,16.98361],[33.73357,17.29374],[33.87965,17.42427],[33.97344,17.6496],[33.98393,18.00857],[33.93325,18.25404],[33.80148,18.31479],[33.67353,18.49584],[33.68565,18.69568],[33.56111,18.73881],[33.58701,19.1089],[33.41389,19.27437],[33.3283,19.52937],[32.88425,19.45702],[32.38153,18.92093],[32.04448,18.82381],[32.03232,18.61076],[31.86211,18.55957],[31.52533,18.08251],[31.21433,17.98326],[30.76226,18.15564],[30.69645,18.48917],[30.57768,18.59205],[30.47161,18.87864],[30.4935,19.24645],[30.29591,19.93647],[30.548,19.94806],[30.58044,20.29215],[30.38709,20.34491],[30.34188,20.42713],[30.28905,20.58492],[30.32506,20.79066],[30.53899,20.8389],[30.58358,21.01854],[30.69735,21.07635],[30.65834,21.18687],[30.98839,21.40132],[30.95816,21.48728],[31.17366,21.66365],[31.43225,22.17585],[32.1137,22.73589],[32.20964,22.74464],[32.29427,22.6215],[32.38727,22.62304],[32.94577,23.31672],[32.87144,23.59294],[32.92323,24.44909],[32.86968,24.48453],[32.93186,24.67286],[32.88824,24.98288],[32.56526,25.27726],[32.46825,25.56172],[32.76754,25.79133],[32.76073,26.10578],[32.63342,26.17901],[32.27785,26.02442],[32.12248,26.20443],[32.02343,26.17474],[31.99592,26.28987],[31.80991,26.44018],[31.80737,26.55024],[31.70632,26.5437],[31.70808,26.63279],[31.52426,26.78297],[31.30078,27.15568],[31.12483,27.20777],[30.84795,27.45684],[30.89596,27.78379],[30.82839,27.82289],[30.86746,27.96484],[30.74305,28.14557],[30.73948,28.30098],[30.84407,28.44511],[30.92729,28.87826],[31.22548,29.24542],[31.29308,29.84911],[31.21135,30.12366],[30.82031,30.33869],[30.8769,30.37565],[30.76263,30.71801],[30.81216,30.81963],[30.76271,30.82173],[30.76053,30.99229],[30.52221,31.19948],[30.51972,31.32732],[30.37128,31.45895]],"type":"LineString"},"properties":{"placeId":"a71d79b","name":"Gihon 1","type":"river","landOrWater":"water","proposed":true,"role":"gbd7010.simplified"}},{"type":"Feature","geometry":{"coordinates":[[[[35.64679,31.88655],[35.6714,31.78176],[35.86827,31.69793],[35.9421,31.7608],[36.26202,32.34762],[36.16358,32.53623],[35.89288,32.66198],[35.86827,32.66198],[35.84366,32.66198],[35.81906,32.66198],[35.72062,32.64102],[35.6714,32.59911],[35.64679,32.41049],[35.62219,32.01229],[35.64679,31.88655]]],[[[35.6714,32.57815],[35.64679,32.38953],[35.64679,32.36857],[35.64679,32.09612],[35.64679,32.07517],[35.64679,32.05421],[35.64679,32.03325],[35.64679,32.01229],[35.6714,31.86559],[35.69601,31.82368],[35.74523,31.80272],[35.9421,31.92846],[36.11436,32.3057],[36.13897,32.41049],[36.06514,32.53623],[36.04054,32.55719],[35.84366,32.66198],[35.74523,32.62006],[35.6714,32.57815]]],[[[35.6714,31.92846],[35.69601,31.90751],[35.72062,31.90751],[35.81906,31.94942],[36.08975,32.3057],[36.11436,32.41049],[36.06514,32.49432],[36.04054,32.51528],[36.01593,32.53623],[35.86827,32.62006],[35.84366,32.62006],[35.81906,32.62006],[35.79445,32.62006],[35.76984,32.62006],[35.6714,32.53623],[35.64679,32.05421],[35.6714,31.92846]]],[[[35.86827,32.62006],[35.84366,32.62006],[35.81906,32.62006],[35.79445,32.62006],[35.76984,32.62006],[35.6714,32.53623],[35.64679,32.05421],[35.6714,31.94942],[35.69601,31.92846],[35.72062,31.92846],[35.79445,31.97038],[36.06514,32.3057],[36.08975,32.41049],[36.01593,32.51528],[35.86827,32.62006]]],[[[35.79445,32.62006],[35.76984,32.59911],[35.72062,32.53623],[35.6714,32.36857],[35.6714,32.28474],[35.6714,32.07517],[35.6714,32.05421],[35.6714,32.03325],[35.6714,31.99134],[35.69601,31.92846],[35.72062,31.92846],[35.74523,31.94942],[35.76984,31.97038],[35.84366,32.05421],[36.04054,32.3057],[36.06514,32.34762],[36.04054,32.41049],[35.99132,32.47336],[35.89288,32.57815],[35.86827,32.59911],[35.84366,32.62006],[35.79445,32.62006]]],[[[35.69601,32.43145],[35.6714,32.03325],[35.69601,31.92846],[35.74523,31.94942],[35.76984,31.97038],[35.99132,32.26379],[36.01593,32.3057],[36.04054,32.34762],[36.01593,32.41049],[35.99132,32.47336],[35.86827,32.59911],[35.84366,32.59911],[35.81906,32.59911],[35.79445,32.59911],[35.76984,32.57815],[35.74523,32.53623],[35.72062,32.49432],[35.69601,32.43145]]],[[[35.69601,32.36857],[35.69601,32.34762],[35.69601,32.32666],[35.69601,32.3057],[35.69601,32.28474],[35.69601,32.26379],[35.69601,32.24283],[35.69601,32.22187],[35.69601,32.20091],[35.69601,32.17996],[35.69601,32.159],[35.69601,32.13804],[35.69601,32.11708],[35.69601,32.09612],[35.69601,32.07517],[35.69601,32.05421],[35.69601,32.03325],[35.69601,32.01229],[35.69601,31.99134],[35.69601,31.97038],[35.69601,31.94942],[35.72062,31.94942],[35.74523,31.97038],[35.76984,31.99134],[36.01593,32.3057],[36.01593,32.34762],[36.01593,32.36857],[36.01593,32.38953],[36.01593,32.41049],[35.99132,32.47336],[35.86827,32.59911],[35.84366,32.59911],[35.76984,32.57815],[35.74523,32.53623],[35.72062,32.49432],[35.69601,32.41049],[35.69601,32.36857]]],[[[35.69601,32.36857],[35.69601,32.34762],[35.69601,32.32666],[35.69601,32.3057],[35.69601,32.28474],[35.69601,32.26379],[35.69601,32.22187],[35.69601,32.20091],[35.69601,32.17996],[35.69601,32.159],[35.69601,32.11708],[35.69601,32.09612],[35.69601,32.07517],[35.69601,32.05421],[35.69601,32.01229],[35.69601,31.97038],[35.69601,31.94942],[35.72062,31.94942],[35.74523,31.97038],[35.76984,31.99134],[35.96671,32.26379],[35.99132,32.34762],[35.99132,32.36857],[35.99132,32.38953],[35.99132,32.41049],[35.96671,32.47336],[35.86827,32.57815],[35.84366,32.57815],[35.81906,32.57815],[35.76984,32.55719],[35.74523,32.51528],[35.72062,32.47336],[35.69601,32.41049],[35.69601,32.36857]]],[[[35.69601,32.20091],[35.69601,32.159],[35.69601,32.09612],[35.69601,32.07517],[35.69601,31.97038],[35.69601,31.94942],[35.72062,31.94942],[35.74523,31.97038],[35.96671,32.26379],[35.99132,32.36857],[35.96671,32.41049],[35.86827,32.57815],[35.84366,32.57815],[35.81906,32.57815],[35.76984,32.55719],[35.74523,32.51528],[35.69601,32.36857],[35.69601,32.34762],[35.69601,32.32666],[35.69601,32.3057],[35.69601,32.28474],[35.69601,32.26379],[35.69601,32.20091]]]],"type":"MultiPolygon"},"properties":{"placeId":"ae73b90","name":"Gilead 1","type":"region","landOrWater":"land","proposed":false,"role":"ge7afb2.isobands"}},{"type":"Feature","geometry":{"coordinates":[[[[35.64679,31.88655],[35.6714,31.78176],[35.86827,31.69793],[35.9421,31.7608],[36.26202,32.34762],[36.16358,32.53623],[35.89288,32.66198],[35.86827,32.66198],[35.84366,32.66198],[35.81906,32.66198],[35.72062,32.64102],[35.6714,32.59911],[35.64679,32.41049],[35.62219,32.01229],[35.64679,31.88655]]],[[[35.6714,32.57815],[35.64679,32.38953],[35.64679,32.36857],[35.64679,32.09612],[35.64679,32.07517],[35.64679,32.05421],[35.64679,32.03325],[35.64679,32.01229],[35.6714,31.86559],[35.69601,31.82368],[35.74523,31.80272],[35.9421,31.92846],[36.11436,32.3057],[36.13897,32.41049],[36.06514,32.53623],[36.04054,32.55719],[35.84366,32.66198],[35.74523,32.62006],[35.6714,32.57815]]],[[[35.6714,31.92846],[35.69601,31.90751],[35.72062,31.90751],[35.81906,31.94942],[36.08975,32.3057],[36.11436,32.41049],[36.06514,32.49432],[36.04054,32.51528],[36.01593,32.53623],[35.86827,32.62006],[35.84366,32.62006],[35.81906,32.62006],[35.79445,32.62006],[35.76984,32.62006],[35.6714,32.53623],[35.64679,32.05421],[35.6714,31.92846]]],[[[35.86827,32.62006],[35.84366,32.62006],[35.81906,32.62006],[35.79445,32.62006],[35.76984,32.62006],[35.6714,32.53623],[35.64679,32.05421],[35.6714,31.94942],[35.69601,31.92846],[35.72062,31.92846],[35.79445,31.97038],[36.06514,32.3057],[36.08975,32.41049],[36.01593,32.51528],[35.86827,32.62006]]],[[[35.79445,32.62006],[35.76984,32.59911],[35.72062,32.53623],[35.6714,32.36857],[35.6714,32.28474],[35.6714,32.07517],[35.6714,32.05421],[35.6714,32.03325],[35.6714,31.99134],[35.69601,31.92846],[35.72062,31.92846],[35.74523,31.94942],[35.76984,31.97038],[35.84366,32.05421],[36.04054,32.3057],[36.06514,32.34762],[36.04054,32.41049],[35.99132,32.47336],[35.89288,32.57815],[35.86827,32.59911],[35.84366,32.62006],[35.79445,32.62006]]],[[[35.69601,32.43145],[35.6714,32.03325],[35.69601,31.92846],[35.74523,31.94942],[35.76984,31.97038],[35.99132,32.26379],[36.01593,32.3057],[36.04054,32.34762],[36.01593,32.41049],[35.99132,32.47336],[35.86827,32.59911],[35.84366,32.59911],[35.81906,32.59911],[35.79445,32.59911],[35.76984,32.57815],[35.74523,32.53623],[35.72062,32.49432],[35.69601,32.43145]]],[[[35.69601,32.36857],[35.69601,32.34762],[35.69601,32.32666],[35.69601,32.3057],[35.69601,32.28474],[35.69601,32.26379],[35.69601,32.24283],[35.69601,32.22187],[35.69601,32.20091],[35.69601,32.17996],[35.69601,32.159],[35.69601,32.13804],[35.69601,32.11708],[35.69601,32.09612],[35.69601,32.07517],[35.69601,32.05421],[35.69601,32.03325],[35.69601,32.01229],[35.69601,31.99134],[35.69601,31.97038],[35.69601,31.94942],[35.72062,31.94942],[35.74523,31.97038],[35.76984,31.99134],[36.01593,32.3057],[36.01593,32.34762],[36.01593,32.36857],[36.01593,32.38953],[36.01593,32.41049],[35.99132,32.47336],[35.86827,32.59911],[35.84366,32.59911],[35.76984,32.57815],[35.74523,32.53623],[35.72062,32.49432],[35.69601,32.41049],[35.69601,32.36857]]],[[[35.69601,32.36857],[35.69601,32.34762],[35.69601,32.32666],[35.69601,32.3057],[35.69601,32.28474],[35.69601,32.26379],[35.69601,32.22187],[35.69601,32.20091],[35.69601,32.17996],[35.69601,32.159],[35.69601,32.11708],[35.69601,32.09612],[35.69601,32.07517],[35.69601,32.05421],[35.69601,32.01229],[35.69601,31.97038],[35.69601,31.94942],[35.72062,31.94942],[35.74523,31.97038],[35.76984,31.99134],[35.96671,32.26379],[35.99132,32.34762],[35.99132,32.36857],[35.99132,32.38953],[35.99132,32.41049],[35.96671,32.47336],[35.86827,32.57815],[35.84366,32.57815],[35.81906,32.57815],[35.76984,32.55719],[35.74523,32.51528],[35.72062,32.47336],[35.69601,32.41049],[35.69601,32.36857]]],[[[35.69601,32.20091],[35.69601,32.159],[35.69601,32.09612],[35.69601,32.07517],[35.69601,31.97038],[35.69601,31.94942],[35.72062,31.94942],[35.74523,31.97038],[35.96671,32.26379],[35.99132,32.36857],[35.96671,32.41049],[35.86827,32.57815],[35.84366,32.57815],[35.81906,32.57815],[35.76984,32.55719],[35.74523,32.51528],[35.69601,32.36857],[35.69601,32.34762],[35.69601,32.32666],[35.69601,32.3057],[35.69601,32.28474],[35.69601,32.26379],[35.69601,32.20091]]]],"type":"MultiPolygon"},"properties":{"placeId":"a19ec8c","name":"Gilead 2","type":"region","landOrWater":"land","proposed":true,"role":"ge7afb2.isobands"}},{"type":"Feature","geometry":{"coordinates":[[[35.01485,31.48605],[35.00824,31.48575],[35.00169,31.48487],[34.9953,31.48341],[34.98911,31.48138],[34.98321,31.47882],[34.97766,31.47574],[34.97252,31.47218],[34.96784,31.46819],[34.96367,31.4638],[34.96007,31.45906],[34.95706,31.45402],[34.9547,31.44875],[34.95299,31.44329],[34.95195,31.43771],[34.95161,31.43207],[34.95196,31.42643],[34.953,31.42086],[34.95472,31.4154],[34.95709,31.41013],[34.9601,31.4051],[34.96371,31.40036],[34.96787,31.39598],[34.97255,31.39198],[34.9777,31.38843],[34.98325,31.38536],[34.98914,31.38279],[34.99532,31.38077],[35.00171,31.37931],[35.00824,31.37843],[35.01485,31.37813],[35.02146,31.37843],[35.02799,31.37931],[35.03438,31.38077],[35.04056,31.38279],[35.04645,31.38536],[35.052,31.38843],[35.05715,31.39198],[35.06183,31.39598],[35.06599,31.40036],[35.0696,31.4051],[35.07261,31.41013],[35.07498,31.4154],[35.0767,31.42086],[35.07774,31.42643],[35.07809,31.43207],[35.07775,31.43771],[35.07671,31.44329],[35.075,31.44875],[35.07264,31.45402],[35.06963,31.45906],[35.06603,31.4638],[35.06186,31.46819],[35.05718,31.47218],[35.05204,31.47574],[35.04649,31.47882],[35.04059,31.48138],[35.0344,31.48341],[35.02801,31.48487],[35.02146,31.48575],[35.01485,31.48605]]],"type":"Polygon"},"properties":{"placeId":"a6df20a","name":"Giloh","type":"settlement","landOrWater":"land","proposed":true,"role":"g6e4656.geometry"}},{"type":"Feature","geometry":{"coordinates":[[[35.23417,31.84861],[35.22531,31.84822],[35.21656,31.84704],[35.208,31.84509],[35.19972,31.84239],[35.19182,31.83897],[35.18439,31.83486],[35.1775,31.83012],[35.17124,31.82479],[35.16567,31.81894],[35.16085,31.81262],[35.15683,31.80591],[35.15366,31.79887],[35.15137,31.7916],[35.14999,31.78416],[35.14954,31.77664],[35.15001,31.76912],[35.1514,31.76168],[35.1537,31.75441],[35.15688,31.74738],[35.1609,31.74067],[35.16573,31.73436],[35.17131,31.72851],[35.17757,31.72319],[35.18445,31.71845],[35.19188,31.71435],[35.19977,31.71094],[35.20803,31.70824],[35.21658,31.70629],[35.22533,31.70512],[35.23417,31.70472],[35.24301,31.70512],[35.25175,31.70629],[35.2603,31.70824],[35.26857,31.71094],[35.27645,31.71435],[35.28388,31.71845],[35.29076,31.72319],[35.29703,31.72851],[35.3026,31.73436],[35.30743,31.74067],[35.31146,31.74738],[35.31464,31.75441],[35.31694,31.76168],[35.31833,31.76912],[35.3188,31.77664],[35.31834,31.78416],[35.31696,31.7916],[35.31468,31.79887],[35.31151,31.80591],[35.30749,31.81262],[35.30267,31.81894],[35.29709,31.82479],[35.29083,31.83012],[35.28394,31.83486],[35.27651,31.83897],[35.26861,31.84239],[35.26034,31.84509],[35.25178,31.84704],[35.24302,31.84822],[35.23417,31.84861]]],"type":"Polygon"},"properties":{"placeId":"a5627a3","name":"Goah","type":"hill","landOrWater":"land","proposed":false,"role":"g9380af.geometry"}},{"type":"Feature","geometry":{"coordinates":[[[31.392542,36.749214],[35.868834,41.730286],[35.499977,41.67608],[35.213531,41.840519],[35.187504,41.953198],[35.250713,42.021125],[34.954668,42.115441],[34.799015,41.986157],[33.342387,42.060242],[32.228068,41.736616],[32.076236,41.612513],[31.334761,41.358243],[31.376137,41.242076],[31.320797,41.174055],[31.115059,41.126533],[30.7822,41.121269],[30.299895,41.261759],[30.124294,41.17792],[29.14993,41.269633],[28.992196,41.019867],[29.366112,40.739318],[28.95022,40.665445],[28.752571,40.534696],[28.956912,40.412575],[28.037852,40.425274],[28.063748,40.519235],[27.708702,40.555375],[27.685599,40.432284],[27.782244,40.360081],[27.352392,40.391619],[27.288489,40.495661],[26.753292,40.42701],[26.385547,40.200004],[26.391963,40.124427],[26.14944,40.005524],[26.02402,39.450739],[26.236043,39.43109],[26.88684,39.542399],[26.709359,39.40273],[26.529386,39.419071],[26.557371,39.268483],[26.798843,39.073284],[26.780363,38.898624],[26.895758,38.873333],[26.678294,38.723268],[26.699284,38.575175],[26.433303,38.71845],[26.298784,38.666938],[26.329535,38.479642],[26.189827,38.326381],[26.204678,38.245802],[26.616767,38.055712],[26.669864,38.180725],[26.746584,38.178977],[26.875646,37.998278],[26.956803,38.05162],[27.224144,37.961744],[27.186976,37.752091],[26.985582,37.694044],[26.974407,37.630626],[27.141411,37.581205],[27.154339,37.454133],[27.203203,37.45582],[27.167728,37.353736],[27.353632,37.320746],[27.49438,37.187429],[27.347423,37.193134],[27.192708,37.114144],[27.186554,36.984788],[27.486135,36.940459],[28.196953,37.017504],[28.013209,36.955075],[27.970899,36.8278],[27.595393,36.81813],[27.401456,36.770316],[27.337545,36.68034],[27.675026,36.638986],[27.739579,36.731769],[27.968262,36.730543],[27.971324,36.533466],[28.120871,36.567485],[28.333177,36.773642],[28.764923,36.67527],[28.850529,36.557328],[28.997783,36.676302],[28.98929,36.533745],[29.081132,36.522435],[29.082555,36.368471],[29.315711,36.206728],[29.730587,36.100342],[30.159125,36.297113],[30.318496,36.295438],[30.402879,36.201571],[30.497716,36.270193],[30.538907,36.33462],[30.48902,36.399177],[30.607819,36.60161],[30.581967,36.796408],[30.69303,36.879968],[31.327249,36.804253],[31.392542,36.749214]]],"type":"Polygon"},"properties":{"placeId":"a858723","name":"Gog","type":"region","landOrWater":"land","proposed":false,"role":"gcd335e.simplified"}},{"type":"Feature","geometry":{"coordinates":[[[[36.07666,32.1919],[36.40546,32.12227],[36.81647,32.47043],[36.89868,32.54006],[37.14528,32.88821],[37.8029,34.00232],[37.8851,34.21121],[37.8851,34.28084],[37.14528,34.69863],[37.06308,34.69863],[36.98088,34.69863],[35.99445,34.21121],[35.83005,33.86306],[35.74785,33.65416],[35.66565,33.44527],[35.58344,32.67932],[36.07666,32.1919]]],[[[35.99445,34.14158],[35.91225,34.00232],[35.74785,33.65416],[35.66565,33.44527],[35.58344,32.67932],[36.07666,32.1919],[36.15886,32.1919],[36.24106,32.1919],[36.32326,32.1919],[36.40546,32.1919],[36.89868,32.54006],[37.8851,34.21121],[37.8851,34.28084],[37.8029,34.28084],[37.72069,34.28084],[35.99445,34.14158]]],[[[35.66565,33.37564],[35.66565,33.09711],[35.66565,33.02748],[35.66565,32.95785],[35.66565,32.88821],[35.66565,32.81858],[35.66565,32.74895],[36.07666,32.1919],[36.15886,32.1919],[36.32326,32.26153],[36.48767,32.33116],[36.81647,32.60969],[36.89868,32.67932],[37.14528,33.5149],[37.14528,33.58453],[37.14528,33.65416],[37.14528,33.72379],[37.14528,33.79342],[36.89868,34.00232],[36.81647,34.00232],[36.73427,34.00232],[36.65207,34.00232],[36.56987,34.00232],[36.48767,34.00232],[36.15886,33.93269],[35.83005,33.72379],[35.74785,33.65416],[35.66565,33.37564]]],[[[36.24106,33.79342],[35.99445,33.72379],[35.83005,33.65416],[35.74785,33.58453],[35.66565,33.02748],[35.66565,32.95785],[35.66565,32.88821],[35.66565,32.81858],[35.66565,32.74895],[36.07666,32.1919],[36.15886,32.26153],[36.24106,32.33116],[36.32326,32.40079],[36.89868,33.09711],[36.98088,33.37564],[36.89868,33.72379],[36.48767,33.79342],[36.40546,33.79342],[36.32326,33.79342],[36.24106,33.79342]]],[[[36.15886,33.72379],[35.99445,33.65416],[35.91225,33.5149],[35.66565,32.88821],[35.74785,32.81858],[36.40546,32.74895],[36.48767,32.81858],[36.56987,32.88821],[36.65207,32.95785],[36.89868,33.23637],[36.89868,33.306],[36.89868,33.37564],[36.89868,33.44527],[36.89868,33.5149],[36.89868,33.58453],[36.48767,33.72379],[36.40546,33.72379],[36.32326,33.72379],[36.24106,33.72379],[36.15886,33.72379]]],[[[36.48767,33.65416],[36.40546,33.65416],[36.32326,33.65416],[36.24106,33.65416],[36.15886,33.65416],[36.07666,33.65416],[35.99445,33.5149],[35.74785,32.95785],[35.83005,32.95785],[35.91225,32.95785],[36.65207,33.23637],[36.81647,33.306],[36.89868,33.37564],[36.89868,33.44527],[36.48767,33.65416]]],[[[35.83005,33.09711],[35.83005,33.02748],[35.91225,32.95785],[36.73427,33.306],[36.73427,33.37564],[36.32326,33.65416],[36.24106,33.65416],[36.15886,33.58453],[36.07666,33.5149],[35.83005,33.09711]]],[[[36.07666,33.5149],[35.99445,33.23637],[35.99445,33.16674],[36.32326,33.37564],[36.40546,33.44527],[36.07666,33.5149]]]],"type":"MultiPolygon"},"properties":{"placeId":"a9796ee","name":"Goiim 1","type":"region","landOrWater":"land","proposed":true,"role":"g15edcb.isobands"}},{"type":"Feature","geometry":{"coordinates":[[[[35.5405,33.19456],[35.51344,33.2174],[35.48639,33.2174],[35.45934,33.2174],[35.37818,33.2174],[35.35113,33.2174],[35.32407,33.2174],[35.16175,33.08034],[35.1347,33.0575],[35.08059,32.8519],[35.05354,32.60062],[35.24291,32.50925],[35.51344,32.41788],[35.56755,32.57778],[35.62166,32.92043],[35.62166,32.94328],[35.5946,33.14887],[35.5405,33.19456]]],[[[35.32407,33.12603],[35.21586,33.08034],[35.16175,33.0575],[35.10765,32.80622],[35.08059,32.62347],[35.08059,32.60062],[35.21586,32.53209],[35.40523,32.46356],[35.43228,32.46356],[35.45934,32.46356],[35.5405,32.53209],[35.56755,32.60062],[35.62166,32.94328],[35.5946,33.08034],[35.56755,33.12603],[35.5405,33.17171],[35.51344,33.19456],[35.48639,33.19456],[35.32407,33.12603]]],[[[35.10765,32.73769],[35.10765,32.71484],[35.10765,32.692],[35.10765,32.66916],[35.10765,32.64631],[35.21586,32.53209],[35.35113,32.48641],[35.37818,32.48641],[35.5405,32.53209],[35.56755,32.62347],[35.5946,32.89759],[35.5946,32.92043],[35.5946,32.94328],[35.5946,32.96612],[35.5946,32.98897],[35.5946,33.01181],[35.5946,33.03465],[35.5946,33.0575],[35.5946,33.08034],[35.56755,33.12603],[35.51344,33.19456],[35.32407,33.12603],[35.21586,33.0575],[35.10765,32.80622],[35.10765,32.78337],[35.10765,32.76053],[35.10765,32.73769]]],[[[35.29702,32.50925],[35.32407,32.50925],[35.5405,32.55494],[35.56755,32.62347],[35.5946,32.89759],[35.5946,32.92043],[35.5946,32.94328],[35.5946,32.96612],[35.5946,32.98897],[35.5946,33.01181],[35.5946,33.03465],[35.5946,33.0575],[35.5946,33.08034],[35.48639,33.14887],[35.45934,33.14887],[35.32407,33.12603],[35.24291,33.0575],[35.10765,32.80622],[35.10765,32.76053],[35.10765,32.73769],[35.10765,32.71484],[35.10765,32.692],[35.10765,32.66916],[35.18881,32.57778],[35.21586,32.55494],[35.24291,32.53209],[35.29702,32.50925]]],[[[35.32407,32.53209],[35.35113,32.53209],[35.5405,32.55494],[35.56755,32.62347],[35.5946,32.89759],[35.5946,32.92043],[35.5946,32.94328],[35.5946,32.96612],[35.5946,32.98897],[35.5946,33.01181],[35.5946,33.03465],[35.5946,33.0575],[35.5946,33.08034],[35.51344,33.12603],[35.48639,33.12603],[35.45934,33.12603],[35.43228,33.12603],[35.40523,33.12603],[35.37818,33.12603],[35.32407,33.10318],[35.24291,33.03465],[35.1347,32.82906],[35.10765,32.73769],[35.10765,32.71484],[35.10765,32.66916],[35.18881,32.57778],[35.21586,32.55494],[35.26997,32.53209],[35.29702,32.53209],[35.32407,32.53209]]],[[[35.1347,32.73769],[35.1347,32.71484],[35.1347,32.692],[35.1347,32.66916],[35.1347,32.64631],[35.21586,32.55494],[35.24291,32.55494],[35.26997,32.55494],[35.51344,32.55494],[35.5405,32.62347],[35.56755,32.71484],[35.5946,32.89759],[35.5946,32.92043],[35.5946,32.94328],[35.5946,32.96612],[35.5946,32.98897],[35.5946,33.01181],[35.5946,33.03465],[35.5946,33.0575],[35.5946,33.08034],[35.48639,33.12603],[35.45934,33.12603],[35.43228,33.12603],[35.40523,33.12603],[35.32407,33.10318],[35.26997,33.03465],[35.1347,32.82906],[35.1347,32.80622],[35.1347,32.78337],[35.1347,32.76053],[35.1347,32.73769]]],[[[35.21586,32.57778],[35.24291,32.55494],[35.48639,32.60062],[35.51344,32.62347],[35.5405,32.64631],[35.56755,32.71484],[35.5946,32.89759],[35.5946,32.92043],[35.5946,32.94328],[35.5946,32.96612],[35.5946,32.98897],[35.5946,33.01181],[35.5946,33.03465],[35.5946,33.0575],[35.5946,33.08034],[35.48639,33.12603],[35.45934,33.12603],[35.35113,33.10318],[35.26997,33.01181],[35.21586,32.94328],[35.16175,32.8519],[35.1347,32.80622],[35.1347,32.78337],[35.1347,32.76053],[35.1347,32.73769],[35.1347,32.71484],[35.1347,32.66916],[35.21586,32.57778]]],[[[35.1347,32.66916],[35.16175,32.64631],[35.21586,32.60062],[35.26997,32.57778],[35.43228,32.60062],[35.48639,32.62347],[35.51344,32.64631],[35.5405,32.66916],[35.56755,32.71484],[35.5946,32.89759],[35.5946,32.92043],[35.5946,32.94328],[35.5946,32.96612],[35.5946,32.98897],[35.5946,33.01181],[35.5946,33.03465],[35.5946,33.0575],[35.56755,33.08034],[35.43228,33.10318],[35.40523,33.10318],[35.37818,33.10318],[35.35113,33.08034],[35.32407,33.0575],[35.29702,33.03465],[35.24291,32.96612],[35.16175,32.8519],[35.1347,32.78337],[35.1347,32.76053],[35.1347,32.73769],[35.1347,32.71484],[35.1347,32.66916]]],[[[35.29702,32.60062],[35.32407,32.60062],[35.45934,32.62347],[35.48639,32.64631],[35.51344,32.66916],[35.5405,32.692],[35.5946,32.89759],[35.5946,32.92043],[35.5946,32.94328],[35.5946,32.96612],[35.5946,32.98897],[35.5946,33.01181],[35.56755,33.08034],[35.43228,33.10318],[35.40523,33.10318],[35.37818,33.10318],[35.29702,33.03465],[35.24291,32.96612],[35.16175,32.8519],[35.1347,32.76053],[35.1347,32.73769],[35.21586,32.62347],[35.29702,32.60062]]]],"type":"MultiPolygon"},"properties":{"placeId":"a3cefc6","name":"Goiim 2","type":"region","landOrWater":"land","proposed":true,"role":"g99a57f.isobands"}},{"type":"Feature","geometry":{"coordinates":[[[41.443745,41.477736],[40.193087,41.05055],[39.396161,41.262838],[38.29866,41.036232],[36.783151,41.487219],[36.050399,41.796322],[35.1128,42.205988],[33.284948,42.108625],[31.207261,41.242446],[29.415421,41.394121],[28.772172,40.88419],[27.097272,40.50613],[26.266071,40.175571],[25.845718,39.222393],[26.529583,37.743166],[28.056268,36.541477],[29.503444,36.008826],[30.539958,36.04547],[30.791287,36.78345],[32.785773,35.819706],[34.6964,36.674644],[35.62556,36.432044],[35.897228,35.949509],[41.443745,41.477736]]],"type":"Polygon"},"properties":{"placeId":"a80bf37","name":"Gomer","type":"region","landOrWater":"land","proposed":false,"role":"g1d7e26.geometry"}},{"type":"Feature","geometry":{"coordinates":[[[35.408824,31.314783],[35.305248,30.924507],[35.479241,30.90329],[35.546828,31.303317],[35.408824,31.314783]]],"type":"Polygon"},"properties":{"placeId":"aa572e2","name":"Gomorrah","type":"settlement","landOrWater":"land","proposed":true,"role":"g9db00b.geometry"}},{"type":"Feature","geometry":{"coordinates":[[[[31.23728,30.94015],[31.07119,30.83224],[31.07119,30.79626],[31.07119,30.76029],[31.07119,30.72432],[31.23728,30.32862],[31.36184,30.04084],[31.40337,30.00487],[31.94316,30.29265],[32.06772,30.3646],[32.10925,30.40057],[32.15077,30.43654],[32.27534,30.65237],[32.27534,30.68835],[32.27534,30.72432],[32.27534,30.83224],[32.27534,30.86821],[32.27534,30.94015],[32.15077,31.0121],[32.0262,31.08404],[31.98468,31.08404],[31.94316,31.08404],[31.90164,31.08404],[31.86011,31.08404],[31.81859,31.08404],[31.77707,31.08404],[31.73555,31.08404],[31.69402,31.08404],[31.6525,31.08404],[31.61098,31.08404],[31.56946,31.08404],[31.40337,31.0121],[31.23728,30.94015]]],[[[32.19229,30.94015],[32.15077,30.97613],[32.0262,31.0121],[31.98468,31.0121],[31.94316,31.0121],[31.90164,31.0121],[31.86011,31.0121],[31.81859,31.0121],[31.77707,31.0121],[31.73555,31.0121],[31.69402,31.0121],[31.6525,31.0121],[31.61098,31.0121],[31.36184,30.94015],[31.2788,30.72432],[31.23728,30.47251],[31.2788,30.40057],[31.36184,30.32862],[31.44489,30.29265],[31.52793,30.25668],[31.56946,30.25668],[31.61098,30.25668],[31.6525,30.25668],[31.69402,30.25668],[31.73555,30.25668],[31.77707,30.25668],[31.81859,30.25668],[31.98468,30.32862],[32.06772,30.40057],[32.23381,30.65237],[32.23381,30.68835],[32.23381,30.72432],[32.23381,30.83224],[32.19229,30.94015]]],[[[31.36184,30.72432],[31.36184,30.47251],[31.36184,30.43654],[31.36184,30.40057],[31.36184,30.3646],[31.40337,30.32862],[31.48641,30.29265],[31.56946,30.25668],[31.81859,30.29265],[31.90164,30.32862],[31.98468,30.3646],[32.0262,30.40057],[32.06772,30.43654],[32.23381,30.68835],[32.19229,30.94015],[32.06772,30.97613],[31.81859,30.97613],[31.40337,30.94015],[31.36184,30.83224],[31.36184,30.72432]]],[[[31.44489,30.86821],[31.40337,30.83224],[31.36184,30.40057],[31.44489,30.32862],[31.69402,30.29265],[31.81859,30.32862],[32.0262,30.40057],[32.15077,30.65237],[32.15077,30.68835],[32.15077,30.72432],[32.10925,30.94015],[32.06772,30.94015],[32.0262,30.94015],[31.98468,30.94015],[31.94316,30.94015],[31.90164,30.94015],[31.86011,30.94015],[31.81859,30.94015],[31.77707,30.94015],[31.73555,30.94015],[31.69402,30.94015],[31.44489,30.86821]]],[[[31.56946,30.86821],[31.44489,30.83224],[31.40337,30.72432],[31.40337,30.47251],[31.40337,30.43654],[31.40337,30.40057],[31.61098,30.32862],[31.6525,30.32862],[31.69402,30.32862],[31.73555,30.32862],[31.77707,30.32862],[31.81859,30.32862],[31.98468,30.40057],[32.15077,30.68835],[32.15077,30.72432],[32.10925,30.83224],[32.06772,30.94015],[32.0262,30.94015],[31.98468,30.94015],[31.90164,30.94015],[31.81859,30.94015],[31.56946,30.86821]]],[[[31.86011,30.40057],[31.90164,30.43654],[32.10925,30.72432],[32.06772,30.83224],[32.0262,30.94015],[31.98468,30.94015],[31.77707,30.90418],[31.44489,30.83224],[31.44489,30.72432],[31.44489,30.47251],[31.48641,30.40057],[31.6525,30.32862],[31.69402,30.32862],[31.73555,30.32862],[31.81859,30.3646],[31.86011,30.40057]]],[[[31.56946,30.83224],[31.48641,30.47251],[31.61098,30.40057],[31.6525,30.40057],[31.77707,30.40057],[31.81859,30.40057],[31.98468,30.65237],[32.0262,30.83224],[31.86011,30.86821],[31.81859,30.86821],[31.77707,30.86821],[31.73555,30.86821],[31.56946,30.83224]]],[[[31.81859,30.86821],[31.56946,30.83224],[31.61098,30.40057],[31.6525,30.43654],[31.90164,30.83224],[31.81859,30.86821]]]],"type":"MultiPolygon"},"properties":{"placeId":"a60f092","name":"Goshen 1","type":"region","landOrWater":"land","proposed":false,"role":"g9a0f06.isobands"}},{"type":"Feature","geometry":{"coordinates":[[[34.9723,31.58749],[34.95023,31.5865],[34.9284,31.58355],[34.90706,31.57867],[34.88643,31.57191],[34.86675,31.56335],[34.84824,31.55308],[34.83109,31.54121],[34.81549,31.52788],[34.80161,31.51323],[34.78962,31.49742],[34.77963,31.48064],[34.77175,31.46305],[34.76608,31.44485],[34.76267,31.42625],[34.76156,31.40745],[34.76276,31.38865],[34.76625,31.37006],[34.77199,31.35189],[34.77993,31.33432],[34.78997,31.31756],[34.802,31.30179],[34.81589,31.28717],[34.83149,31.27388],[34.84862,31.26205],[34.8671,31.25181],[34.88673,31.24328],[34.9073,31.23654],[34.92857,31.23168],[34.95031,31.22874],[34.9723,31.22776],[34.99429,31.22874],[35.01603,31.23168],[35.0373,31.23654],[35.05787,31.24328],[35.0775,31.25181],[35.09598,31.26205],[35.11311,31.27388],[35.12871,31.28717],[35.1426,31.30179],[35.15463,31.31756],[35.16467,31.33432],[35.17261,31.35189],[35.17835,31.37006],[35.18184,31.38865],[35.18304,31.40745],[35.18193,31.42625],[35.17852,31.44485],[35.17285,31.46305],[35.16497,31.48064],[35.15498,31.49742],[35.14299,31.51323],[35.12911,31.52788],[35.11351,31.54121],[35.09636,31.55308],[35.07785,31.56335],[35.05817,31.57191],[35.03754,31.57867],[35.0162,31.58355],[34.99437,31.5865],[34.9723,31.58749]]],"type":"Polygon"},"properties":{"placeId":"ad3e63c","name":"Goshen 2","type":"region","landOrWater":"land","proposed":true,"role":"g64f331.geometry"}},{"type":"Feature","geometry":{"coordinates":[[[-5.059108,36.019613],[-5.117805,35.665487],[-4.499633,35.307226],[-2.988166,35.527792],[-1.962276,35.245673],[-0.756545,35.89537],[0.289383,36.359661],[2.314734,36.744466],[3.82732,37.111874],[5.348983,36.839402],[5.809423,37.072917],[8.086871,37.188496],[9.610212,37.518437],[11.029821,37.255215],[11.334762,36.995458],[10.976304,36.134165],[11.358003,35.192403],[10.587897,34.20995],[12.470949,32.97462],[13.144661,33.123303],[15.352058,32.550678],[15.716814,31.568542],[18.144941,31.051307],[19.068672,30.390776],[19.881405,31.109668],[19.70053,32.194911],[20.807608,32.86639],[22.437585,33.067134],[23.320526,32.598418],[24.899154,32.087131],[27.269542,31.489506],[28.333673,31.221584],[29.084772,30.925417],[30.23887,31.560918],[31.032129,31.781232],[31.926053,31.669766],[32.610156,31.166131],[33.029539,31.33009],[33.690969,31.268046],[34.315114,31.602683],[34.87919,32.94342],[35.775241,34.659547],[35.62671,35.503094],[35.662921,36.355668],[34.843393,36.619776],[33.933215,36.076309],[32.714115,35.91469],[30.777386,36.736311],[30.571703,36.092113],[29.413139,36.053078],[28.846286,36.372306],[27.573543,36.438793],[26.291849,38.738835],[25.823311,40.010259],[24.862732,40.355581],[23.356819,39.60364],[24.789236,38.164005],[23.382356,36.947522],[23.393528,36.284454],[21.456893,36.504213],[20.955569,38.288132],[19.217413,40.299186],[19.267034,41.707569],[16.575685,42.959296],[13.390366,45.277724],[12.980585,45.293228],[12.575197,44.490184],[13.66839,43.751176],[14.980478,42.237631],[16.476105,41.97549],[16.231153,41.592993],[18.655414,40.198971],[18.499436,39.657121],[16.991762,40.289924],[16.709968,39.807705],[17.285628,39.402073],[17.414601,38.903466],[16.693647,38.372818],[16.126436,37.835136],[15.60854,37.939045],[15.609022,38.225786],[15.676107,38.254936],[15.590668,38.536237],[15.506481,39.650649],[10.378687,42.767722],[9.907548,43.869787],[8.744007,44.180523],[6.24801,42.748505],[4.236519,43.263792],[3.430629,42.769344],[3.614332,41.596146],[1.817681,40.917756],[-0.053978,39.558823],[0.635683,38.659868],[-1.758423,36.586715],[-4.122767,36.591086],[-5.059108,36.019613]]],"type":"Polygon"},"properties":{"placeId":"aa805fb","name":"Great Sea","type":"body of water","landOrWater":"water","proposed":false,"role":"g23ec09.geometry"}},{"type":"Feature","geometry":{"coordinates":[[[19.3488,39.818485],[20.431213,37.523277],[21.850129,36.019669],[25.7176,36.223569],[24.451902,39.863057],[19.3488,39.818485]]],"type":"Polygon"},"properties":{"placeId":"a4492a0","name":"Greece","type":"region","landOrWater":"land","proposed":false,"role":"gd87a62.geometry"}},{"type":"Feature","geometry":{"coordinates":[[[35.01485,31.47706],[35.00934,31.47681],[35.00389,31.47607],[34.99856,31.47485],[34.99341,31.47317],[34.98849,31.47103],[34.98386,31.46846],[34.97957,31.4655],[34.97567,31.46217],[34.9722,31.45851],[34.9692,31.45456],[34.9667,31.45037],[34.96472,31.44598],[34.9633,31.44143],[34.96244,31.43678],[34.96215,31.43208],[34.96244,31.42738],[34.96331,31.42273],[34.96474,31.41818],[34.96672,31.41379],[34.96922,31.4096],[34.97223,31.40565],[34.9757,31.402],[34.9796,31.39867],[34.98389,31.39571],[34.98851,31.39315],[34.99342,31.39101],[34.99857,31.38932],[35.0039,31.38811],[35.00934,31.38737],[35.01485,31.38712],[35.02036,31.38737],[35.0258,31.38811],[35.03113,31.38932],[35.03628,31.39101],[35.04119,31.39315],[35.04581,31.39571],[35.0501,31.39867],[35.054,31.402],[35.05747,31.40565],[35.06048,31.4096],[35.06298,31.41379],[35.06496,31.41818],[35.06639,31.42273],[35.06726,31.42738],[35.06755,31.43208],[35.06726,31.43678],[35.0664,31.44143],[35.06498,31.44598],[35.063,31.45037],[35.0605,31.45456],[35.0575,31.45851],[35.05403,31.46217],[35.05013,31.4655],[35.04584,31.46846],[35.04121,31.47103],[35.03629,31.47317],[35.03114,31.47485],[35.02581,31.47607],[35.02036,31.47681],[35.01485,31.47706]]],"type":"Polygon"},"properties":{"placeId":"aaa3eca","name":"Gulloth-mayim","type":"spring","landOrWater":"water","proposed":false,"role":"gb039d6.geometry"}},{"type":"Feature","geometry":{"coordinates":[[[[34.3355,30.47512],[34.3355,30.41629],[34.47046,30.12217],[34.74039,29.59276],[34.80787,29.53393],[34.87535,29.47511],[35.01032,29.41629],[35.0778,29.41629],[35.41521,29.59276],[36.22499,30.23982],[36.29247,30.59276],[36.35995,31.00453],[36.29247,31.06336],[35.88758,31.12218],[35.8201,31.12218],[35.34773,31.06336],[34.60543,30.82806],[34.53794,30.76924],[34.47046,30.71041],[34.3355,30.53394],[34.3355,30.47512]]],[[[34.47046,30.53394],[34.40298,30.47512],[34.87535,29.53393],[34.94283,29.47511],[35.01032,29.47511],[35.0778,29.47511],[35.41521,29.65158],[36.15751,30.41629],[36.29247,30.76924],[36.29247,30.82806],[36.22499,31.00453],[35.75262,31.06336],[35.68513,31.06336],[35.61765,31.06336],[35.55017,31.06336],[35.48269,31.06336],[35.41521,31.06336],[35.28024,31.00453],[35.14528,30.94571],[34.87535,30.82806],[34.47046,30.53394]]],[[[34.53794,30.47512],[34.53794,30.41629],[34.94283,29.53393],[35.01032,29.53393],[35.0778,29.53393],[35.34773,29.65158],[35.41521,29.71041],[35.48269,29.76923],[35.95506,30.23982],[36.09003,30.41629],[36.15751,30.59276],[36.22499,30.76924],[36.22499,30.82806],[36.15751,30.88688],[35.95506,30.94571],[35.75262,31.00453],[35.68513,31.00453],[35.61765,31.00453],[35.55017,31.00453],[35.48269,31.00453],[35.41521,31.00453],[35.34773,31.00453],[34.87535,30.76924],[34.60543,30.53394],[34.53794,30.47512]]],[[[35.0778,29.82805],[35.14528,29.82805],[35.55017,29.9457],[35.61765,30.00453],[35.68513,30.06335],[36.02254,30.41629],[36.15751,30.76924],[36.15751,30.82806],[36.15751,30.88688],[35.95506,30.94571],[35.68513,31.00453],[35.61765,31.00453],[35.55017,31.00453],[35.48269,31.00453],[35.41521,31.00453],[35.28024,30.94571],[34.94283,30.76924],[34.87535,30.41629],[35.0778,29.82805]]],[[[34.94283,30.76924],[34.94283,30.71041],[34.94283,30.65159],[34.94283,30.53394],[34.94283,30.47512],[34.94283,30.41629],[35.14528,29.9457],[35.61765,30.00453],[36.02254,30.47512],[36.09003,30.88688],[35.95506,30.94571],[35.68513,31.00453],[35.61765,31.00453],[35.55017,31.00453],[35.48269,31.00453],[35.41521,31.00453],[34.94283,30.76924]]],[[[35.01032,30.76924],[35.01032,30.71041],[35.01032,30.65159],[35.01032,30.53394],[35.01032,30.47512],[35.34773,30.06335],[35.41521,30.06335],[35.48269,30.06335],[35.55017,30.06335],[35.61765,30.06335],[36.02254,30.47512],[36.02254,30.53394],[36.02254,30.59276],[36.02254,30.71041],[36.02254,30.76924],[36.02254,30.82806],[35.95506,30.88688],[35.68513,31.00453],[35.61765,31.00453],[35.55017,31.00453],[35.48269,31.00453],[35.41521,31.00453],[35.01032,30.76924]]],[[[35.0778,30.76924],[35.0778,30.71041],[35.14528,30.41629],[35.28024,30.181],[35.34773,30.12217],[35.48269,30.06335],[35.55017,30.06335],[35.61765,30.06335],[35.95506,30.59276],[36.02254,30.71041],[36.02254,30.76924],[36.02254,30.82806],[35.61765,31.00453],[35.55017,31.00453],[35.48269,31.00453],[35.41521,31.00453],[35.14528,30.82806],[35.0778,30.76924]]],[[[35.14528,30.47512],[35.28024,30.181],[35.34773,30.12217],[35.55017,30.06335],[35.61765,30.12217],[35.68513,30.181],[36.02254,30.71041],[36.02254,30.76924],[36.02254,30.82806],[35.61765,31.00453],[35.48269,31.00453],[35.0778,30.71041],[35.14528,30.47512]]],[[[35.41521,30.181],[35.48269,30.181],[35.55017,30.181],[35.61765,30.181],[35.68513,30.23982],[35.75262,30.29864],[35.8201,30.41629],[35.88758,30.53394],[35.95506,30.65159],[36.02254,30.76924],[35.88758,30.82806],[35.75262,30.88688],[35.61765,30.94571],[35.55017,30.94571],[35.48269,30.94571],[35.28024,30.82806],[35.21276,30.71041],[35.21276,30.65159],[35.21276,30.59276],[35.21276,30.53394],[35.21276,30.47512],[35.34773,30.181],[35.41521,30.181]]]],"type":"MultiPolygon"},"properties":{"placeId":"a763368","name":"Gurbaal","type":"settlement","landOrWater":"land","proposed":true,"role":"g7ad983.isobands"}},{"type":"Feature","geometry":{"coordinates":[[[[45.73136,35.44377],[45.67913,35.44377],[45.78358,34.43872],[45.9925,34.39502],[46.41033,34.35132],[46.88038,34.30763],[46.93261,34.30763],[46.98484,34.30763],[47.24598,34.35132],[47.35044,34.39502],[47.19375,34.7446],[47.0893,34.9194],[46.93261,35.00679],[46.3581,35.31267],[46.09696,35.44377],[46.04473,35.44377],[45.9925,35.44377],[45.94027,35.44377],[45.88804,35.44377],[45.83581,35.44377],[45.78358,35.44377],[45.73136,35.44377]]],[[[45.9925,34.70091],[45.9925,34.65721],[45.9925,34.61351],[45.9925,34.56981],[45.9925,34.52612],[45.9925,34.48242],[45.9925,34.43872],[46.3581,34.39502],[46.88038,34.35132],[46.93261,34.35132],[46.98484,34.35132],[47.03707,34.35132],[47.0893,34.35132],[47.24598,34.39502],[47.24598,34.43872],[47.24598,34.48242],[47.24598,34.52612],[47.24598,34.56981],[47.0893,34.7883],[46.98484,34.9194],[46.88038,35.00679],[46.41033,35.22528],[46.3581,35.22528],[46.09696,35.22528],[45.9925,35.00679],[45.9925,34.96309],[45.9925,34.9194],[45.9925,34.8757],[45.9925,34.832],[45.9925,34.7883],[45.9925,34.7446],[45.9925,34.70091]]],[[[45.9925,34.7446],[45.9925,34.70091],[46.3581,34.43872],[46.82815,34.39502],[46.88038,34.39502],[46.93261,34.39502],[46.98484,34.39502],[47.03707,34.39502],[47.0893,34.39502],[47.14152,34.39502],[47.19375,34.39502],[47.0893,34.7446],[46.98484,34.9194],[46.77593,35.00679],[46.56701,35.00679],[46.51478,35.00679],[46.46255,35.00679],[46.41033,35.00679],[46.3581,35.00679],[46.30587,35.00679],[46.25364,35.00679],[46.20141,35.00679],[46.14918,35.00679],[46.09696,35.00679],[46.04473,35.00679],[45.9925,34.7446]]],[[[46.04473,34.9194],[46.04473,34.8757],[46.04473,34.7446],[46.20141,34.65721],[46.67147,34.43872],[46.7237,34.43872],[46.82815,34.43872],[46.88038,34.43872],[46.93261,34.43872],[46.98484,34.43872],[46.98484,34.48242],[46.98484,34.52612],[46.98484,34.56981],[46.98484,34.61351],[46.98484,34.65721],[46.98484,34.70091],[46.98484,34.7446],[46.88038,34.9194],[46.56701,35.00679],[46.51478,35.00679],[46.46255,35.00679],[46.41033,35.00679],[46.3581,35.00679],[46.30587,35.00679],[46.25364,35.00679],[46.04473,34.9194]]],[[[46.04473,34.9194],[46.04473,34.8757],[46.14918,34.7446],[46.20141,34.70091],[46.77593,34.48242],[46.82815,34.48242],[46.88038,34.52612],[46.93261,34.7446],[46.88038,34.832],[46.82815,34.9194],[46.77593,34.9194],[46.7237,34.9194],[46.67147,34.9194],[46.61924,34.9194],[46.56701,34.9194],[46.51478,34.9194],[46.46255,34.9194],[46.41033,34.9194],[46.3581,34.9194],[46.30587,34.9194],[46.25364,34.9194],[46.20141,34.9194],[46.14918,34.9194],[46.09696,34.9194],[46.04473,34.9194]]],[[[46.14918,34.7446],[46.61924,34.70091],[46.67147,34.70091],[46.7237,34.70091],[46.77593,34.70091],[46.88038,34.7446],[46.61924,34.9194],[46.56701,34.9194],[46.51478,34.9194],[46.46255,34.9194],[46.41033,34.9194],[46.3581,34.9194],[46.14918,34.7446]]],[[[46.51478,34.8757],[46.51478,34.832],[46.56701,34.7446],[46.61924,34.7446],[46.67147,34.7446],[46.7237,34.7446],[46.61924,34.9194],[46.56701,34.9194],[46.51478,34.8757]]]],"type":"MultiPolygon"},"properties":{"placeId":"a654e6d","name":"Gutium","type":"region","landOrWater":"land","proposed":false,"role":"g06a14c.isobands"}},{"type":"Feature","geometry":{"coordinates":[[39.715023,37.561921],[39.710524,37.517291],[39.664917,37.50079],[39.649575,37.472816],[39.586897,37.437692],[39.557766,37.31318],[39.572037,37.279709],[39.589082,37.283987],[39.604438,37.265785],[39.616421,37.236236],[39.599817,37.225062],[39.652323,37.172797],[39.651987,37.153147],[39.685891,37.148539],[39.715228,37.119774],[39.698672,37.079074],[39.732136,37.074855],[39.729493,37.022026],[39.76063,36.988638],[39.792293,36.997864],[39.792958,36.962134],[39.862826,36.952286],[39.929004,36.891243],[39.962173,36.893968],[40.007694,36.859096],[39.994225,36.839144],[40.007774,36.828108],[40.073944,36.821318],[40.055294,36.7909],[40.091673,36.730311],[40.173641,36.720124],[40.256565,36.653401],[40.327428,36.678964],[40.34499,36.659887],[40.367268,36.664235],[40.354744,36.641929],[40.412497,36.587249],[40.487608,36.567341],[40.578333,36.564206],[40.594125,36.577441],[40.622106,36.542349],[40.695679,36.523695],[40.725361,36.49227],[40.796745,36.504711],[40.864377,36.429362],[40.857447,36.408014],[40.811312,36.40891],[40.808606,36.37918],[40.829527,36.366309],[40.785024,36.346073],[40.763544,36.302715],[40.794744,36.289952],[40.803627,36.262135],[40.769491,36.236658],[40.784426,36.228488],[40.773935,36.217778],[40.742368,36.224369],[40.723529,36.207957],[40.738676,36.1834],[40.721681,36.185202],[40.726428,36.167593],[40.700052,36.157691],[40.696178,36.125084],[40.7143,36.109999],[40.704133,36.084161],[40.741688,36.064441],[40.760628,36.017568],[40.779871,36.00845],[40.771205,35.9988],[40.811471,35.994252],[40.855989,35.963964],[40.887474,35.810061],[40.85091,35.766615],[40.756887,35.740771],[40.733494,35.708093],[40.723022,35.676167],[40.74448,35.664871],[40.736223,35.602932],[40.673223,35.540938],[40.686441,35.531858],[40.666357,35.526968],[40.674768,35.493712],[40.645414,35.466453],[40.651422,35.451213],[40.609365,35.436528],[40.609365,35.400576],[40.558836,35.355947],[40.571943,35.329182],[40.542074,35.295984],[40.569025,35.262632],[40.549584,35.244111],[40.514608,35.242726],[40.495554,35.209071],[40.462852,35.195816],[40.425993,35.125721]],"type":"LineString"},"properties":{"placeId":"af19252","name":"Habor","type":"river","landOrWater":"water","proposed":false,"role":"g6f839c.simplified"}},{"type":"Feature","geometry":{"coordinates":[[[34.713554,31.557625],[34.945039,31.550752],[34.985133,31.686723],[34.741279,31.696086],[34.713554,31.557625]]],"type":"Polygon"},"properties":{"placeId":"a785680","name":"Hadashah","type":"settlement","landOrWater":"land","proposed":true,"role":"g94abbb.geometry"}},{"type":"Feature","geometry":{"coordinates":[[[34.86806,32.11715],[34.85696,32.11666],[34.84598,32.11519],[34.83525,32.11275],[34.82487,32.10937],[34.81497,32.10509],[34.80566,32.09996],[34.79702,32.09403],[34.78917,32.08737],[34.78219,32.08005],[34.77615,32.07215],[34.77111,32.06376],[34.76714,32.05497],[34.76428,32.04588],[34.76255,32.03658],[34.76198,32.02718],[34.76257,32.01778],[34.76432,32.00848],[34.7672,31.99939],[34.77119,31.99061],[34.77624,31.98222],[34.78229,31.97433],[34.78928,31.96702],[34.79713,31.96037],[34.80575,31.95445],[34.81506,31.94933],[34.82495,31.94506],[34.83531,31.94169],[34.84602,31.93925],[34.85698,31.93778],[34.86806,31.93729],[34.87913,31.93778],[34.89009,31.93925],[34.90081,31.94169],[34.91116,31.94506],[34.92105,31.94933],[34.93036,31.95445],[34.93898,31.96037],[34.94684,31.96702],[34.95382,31.97433],[34.95988,31.98222],[34.96492,31.99061],[34.96891,31.99939],[34.97179,32.00848],[34.97354,32.01778],[34.97413,32.02718],[34.97356,32.03658],[34.97184,32.04588],[34.96897,32.05497],[34.965,32.06376],[34.95997,32.07215],[34.95392,32.08005],[34.94694,32.08737],[34.93909,32.09403],[34.93046,32.09996],[34.92114,32.10509],[34.91124,32.10937],[34.90087,32.11275],[34.89013,32.11519],[34.87915,32.11666],[34.86806,32.11715]]],"type":"Polygon"},"properties":{"placeId":"a607415","name":"Hakkephirim","type":"settlement","landOrWater":"land","proposed":false,"role":"g0fa27b.geometry"}},{"type":"Feature","geometry":{"coordinates":[[[43.19459,36.97132],[43.124,36.96835],[43.05419,36.95945],[42.98596,36.94473],[42.92006,36.92436],[42.85722,36.89856],[42.79815,36.86762],[42.74349,36.83188],[42.69386,36.79174],[42.64979,36.74766],[42.61176,36.70011],[42.58018,36.64963],[42.55539,36.59677],[42.53764,36.54212],[42.52713,36.48628],[42.52394,36.42985],[42.5281,36.37347],[42.53954,36.31775],[42.55813,36.2633],[42.58364,36.2107],[42.61579,36.16054],[42.65422,36.11335],[42.6985,36.06964],[42.74813,36.0299],[42.80258,35.99455],[42.86126,35.96397],[42.92352,35.93848],[42.9887,35.91837],[43.05609,35.90385],[43.12497,35.89507],[43.19459,35.89214],[43.26421,35.89507],[43.33309,35.90385],[43.40048,35.91837],[43.46566,35.93848],[43.52792,35.96397],[43.5866,35.99455],[43.64105,36.0299],[43.69068,36.06964],[43.73496,36.11335],[43.77339,36.16054],[43.80554,36.2107],[43.83105,36.2633],[43.84964,36.31775],[43.86108,36.37347],[43.86524,36.42985],[43.86205,36.48628],[43.85154,36.54212],[43.83379,36.59677],[43.809,36.64963],[43.77742,36.70011],[43.73939,36.74766],[43.69532,36.79174],[43.64569,36.83188],[43.59103,36.86762],[43.53196,36.89856],[43.46912,36.92436],[43.40322,36.94473],[43.33499,36.95945],[43.26518,36.96835],[43.19459,36.97132]]],"type":"Polygon"},"properties":{"placeId":"abf176f","name":"Halah","type":"region","landOrWater":"land","proposed":true,"role":"g7f0777.geometry"}},{"type":"Feature","geometry":{"coordinates":[[[[29.73021,24.8548],[32.76415,24.45298],[32.98086,24.45298],[33.19757,24.45298],[34.28111,24.45298],[34.28111,24.65389],[34.28111,24.8548],[33.84769,30.68111],[32.76415,31.08292],[32.11402,31.28383],[31.03047,31.48474],[28.21325,30.68111],[27.99654,30.4802],[28.21325,28.06932],[29.73021,24.8548]]],[[[30.59705,31.28383],[28.21325,30.4802],[28.42996,28.06932],[29.94692,24.8548],[32.33073,24.65389],[32.54744,24.65389],[32.76415,24.65389],[32.98086,24.65389],[33.63098,24.8548],[33.84769,25.45752],[33.84769,25.65843],[33.84769,25.85934],[33.84769,29.87748],[33.84769,30.07839],[33.84769,30.27929],[33.84769,30.4802],[31.89731,31.28383],[31.6806,31.28383],[31.46389,31.28383],[31.24718,31.28383],[31.03047,31.28383],[30.81376,31.28383],[30.59705,31.28383]]],[[[31.24718,31.28383],[31.03047,31.28383],[30.81376,31.28383],[30.59705,31.28383],[30.16363,31.08292],[29.2968,30.68111],[28.86338,29.87748],[29.08009,28.27022],[31.89731,24.8548],[32.54744,24.65389],[33.63098,25.45752],[33.84769,30.07839],[32.54744,30.88202],[32.11402,31.08292],[31.6806,31.28383],[31.46389,31.28383],[31.24718,31.28383]]],[[[29.2968,29.87748],[29.2968,29.67657],[29.51351,28.06932],[32.33073,25.05571],[32.54744,24.8548],[33.19757,26.66296],[32.54744,30.27929],[32.33073,30.68111],[32.11402,31.08292],[31.6806,31.28383],[31.46389,31.28383],[31.24718,31.28383],[31.03047,31.28383],[30.81376,31.28383],[30.16363,31.08292],[29.51351,30.68111],[29.2968,30.4802],[29.2968,29.87748]]],[[[29.73021,30.68111],[29.51351,30.4802],[29.2968,29.87748],[29.2968,29.67657],[29.51351,28.47113],[30.59705,27.26569],[32.33073,25.25661],[32.98086,26.46206],[32.98086,26.66296],[32.98086,26.86387],[32.98086,27.06478],[32.33073,30.4802],[32.11402,31.08292],[31.89731,31.08292],[31.6806,31.08292],[31.46389,31.08292],[31.24718,31.08292],[31.03047,31.08292],[30.81376,31.08292],[30.59705,31.08292],[30.38034,31.08292],[30.16363,31.08292],[29.73021,30.68111]]],[[[31.89731,31.08292],[31.6806,31.08292],[31.46389,31.08292],[31.24718,31.08292],[31.03047,31.08292],[30.81376,31.08292],[30.59705,31.08292],[30.38034,31.08292],[29.51351,30.4802],[29.2968,29.87748],[29.2968,29.67657],[29.73021,28.47113],[31.03047,27.06478],[31.24718,26.86387],[31.46389,26.66296],[31.6806,26.66296],[31.89731,26.66296],[32.76415,27.26569],[32.76415,27.46659],[32.76415,27.6675],[32.76415,27.86841],[31.89731,31.08292]]],[[[29.51351,30.4802],[29.2968,29.67657],[29.73021,28.67204],[29.94692,28.27022],[30.16363,28.06932],[31.24718,27.06478],[31.46389,26.86387],[31.6806,26.86387],[31.89731,26.86387],[32.11402,26.86387],[32.76415,27.46659],[32.76415,27.6675],[31.89731,31.08292],[31.6806,31.08292],[31.46389,31.08292],[31.24718,31.08292],[31.03047,31.08292],[30.81376,31.08292],[30.59705,31.08292],[30.38034,31.08292],[29.51351,30.4802]]],[[[29.94692,28.87294],[29.94692,28.67204],[29.94692,28.47113],[30.16363,28.06932],[31.24718,27.06478],[31.46389,27.06478],[32.54744,27.46659],[32.76415,27.6675],[31.89731,31.08292],[31.6806,31.08292],[31.46389,31.08292],[31.24718,31.08292],[31.03047,31.08292],[30.81376,31.08292],[30.38034,30.88202],[30.16363,30.68111],[29.94692,29.07385],[29.94692,28.87294]]],[[[30.16363,28.47113],[30.38034,28.27022],[30.59705,28.06932],[30.81376,27.86841],[32.54744,27.46659],[32.54744,27.6675],[31.6806,31.08292],[31.46389,31.08292],[31.24718,31.08292],[31.03047,31.08292],[30.38034,30.88202],[29.94692,29.07385],[30.16363,28.47113]]]],"type":"MultiPolygon"},"properties":{"placeId":"a2f3001","name":"Ham 2","type":"region","landOrWater":"land","proposed":false,"role":"g40d263.isobands"}},{"type":"Feature","geometry":{"coordinates":[[[[35.56354,31.56646],[35.56354,31.55548],[35.56354,31.5445],[35.5763,31.48961],[35.58906,31.47863],[35.60182,31.46765],[35.61458,31.45667],[35.67839,31.42373],[35.69115,31.42373],[35.85706,31.74211],[35.86982,31.77505],[35.86982,31.78603],[35.86982,31.79701],[35.85706,31.80798],[35.75496,31.81896],[35.7422,31.81896],[35.72944,31.81896],[35.71668,31.81896],[35.70392,31.81896],[35.69115,31.81896],[35.67839,31.81896],[35.61458,31.77505],[35.60182,31.76407],[35.58906,31.72016],[35.5763,31.65428],[35.56354,31.57743],[35.56354,31.56646]]],[[[35.65287,31.79701],[35.64011,31.78603],[35.62734,31.77505],[35.61458,31.76407],[35.60182,31.75309],[35.58906,31.72016],[35.5763,31.63233],[35.5763,31.62135],[35.62734,31.51156],[35.65287,31.50058],[35.66563,31.51156],[35.76772,31.61037],[35.85706,31.75309],[35.86982,31.78603],[35.86982,31.79701],[35.8443,31.80798],[35.75496,31.81896],[35.7422,31.81896],[35.72944,31.81896],[35.71668,31.81896],[35.70392,31.81896],[35.69115,31.81896],[35.67839,31.81896],[35.66563,31.80798],[35.65287,31.79701]]],[[[35.62734,31.73113],[35.61458,31.72016],[35.60182,31.6982],[35.58906,31.67624],[35.58906,31.66526],[35.58906,31.65428],[35.61458,31.61037],[35.62734,31.61037],[35.64011,31.61037],[35.65287,31.61037],[35.67839,31.61037],[35.69115,31.61037],[35.70392,31.61037],[35.71668,31.61037],[35.78049,31.78603],[35.76772,31.79701],[35.75496,31.79701],[35.62734,31.73113]]],[[[35.69115,31.73113],[35.66563,31.6982],[35.65287,31.67624],[35.64011,31.65428],[35.64011,31.64331],[35.64011,31.63233],[35.65287,31.63233],[35.66563,31.63233],[35.67839,31.64331],[35.71668,31.6982],[35.72944,31.72016],[35.72944,31.73113],[35.72944,31.74211],[35.71668,31.74211],[35.70392,31.74211],[35.69115,31.73113]]],[[[35.70392,31.73113],[35.69115,31.73113],[35.67839,31.65428],[35.67839,31.64331],[35.69115,31.66526],[35.70392,31.68722],[35.72944,31.73113],[35.71668,31.73113],[35.70392,31.73113]]]],"type":"MultiPolygon"},"properties":{"placeId":"a154d7b","name":"Hamonah","type":"settlement","landOrWater":"land","proposed":false,"role":"g3d49f6.isobands"}},{"type":"Feature","geometry":{"coordinates":[[[40.03967,37.27645],[39.9806,37.27397],[39.9222,37.26656],[39.8651,37.25431],[39.80995,37.23735],[39.75735,37.21587],[39.7079,37.19011],[39.66213,37.16035],[39.62055,37.12693],[39.58362,37.09022],[39.55174,37.05062],[39.52525,37.00857],[39.50444,36.96454],[39.48952,36.91901],[39.48065,36.87248],[39.47792,36.82546],[39.48134,36.77848],[39.49086,36.73203],[39.50638,36.68664],[39.52771,36.64279],[39.5546,36.60097],[39.58676,36.56162],[39.62384,36.52518],[39.66541,36.49203],[39.71104,36.46255],[39.76021,36.43704],[39.8124,36.41578],[39.86704,36.39901],[39.92354,36.38689],[39.98129,36.37957],[40.03967,36.37712],[40.09805,36.37957],[40.1558,36.38689],[40.2123,36.39901],[40.26694,36.41578],[40.31913,36.43704],[40.3683,36.46255],[40.41393,36.49203],[40.4555,36.52518],[40.49258,36.56162],[40.52474,36.60097],[40.55163,36.64279],[40.57296,36.68664],[40.58848,36.73203],[40.598,36.77848],[40.60142,36.82546],[40.59869,36.87248],[40.58982,36.91901],[40.5749,36.96454],[40.55409,37.00857],[40.5276,37.05062],[40.49572,37.09022],[40.45879,37.12693],[40.41721,37.16035],[40.37144,37.19011],[40.32199,37.21587],[40.26939,37.23735],[40.21424,37.25431],[40.15714,37.26656],[40.09874,37.27397],[40.03967,37.27645]]],"type":"Polygon"},"properties":{"placeId":"ab786f4","name":"Hara","type":"settlement","landOrWater":"land","proposed":true,"role":"gfec865.geometry"}},{"type":"Feature","geometry":{"coordinates":[[34.64918,30.49431],[34.64566,30.49266],[34.64145,30.49434],[34.6368,30.49213],[34.63433,30.49325],[34.62961,30.49148],[34.62815,30.4893],[34.62118,30.48475],[34.61794,30.48135],[34.61626,30.47702],[34.61304,30.47469],[34.60343,30.47307],[34.60051,30.47068],[34.59919,30.47128],[34.5995,30.47397],[34.59582,30.47511],[34.594,30.47209],[34.59254,30.47359],[34.59088,30.47284],[34.59069,30.47059],[34.58485,30.47088],[34.58484,30.46919],[34.58718,30.46872],[34.58715,30.46795],[34.58121,30.46644],[34.58035,30.46255],[34.57816,30.46215],[34.57543,30.46503],[34.57299,30.46298],[34.5698,30.46222],[34.56861,30.45861],[34.56684,30.45864],[34.56361,30.46244],[34.56204,30.46212],[34.55974,30.45957],[34.5543,30.4622],[34.5492,30.46323],[34.5408,30.45918],[34.53727,30.4594],[34.53309,30.4617],[34.52779,30.4605],[34.5262,30.459],[34.52412,30.45362],[34.52133,30.45214],[34.50721,30.45149],[34.50257,30.4462],[34.50103,30.4376],[34.4933,30.4297],[34.4862,30.42552],[34.48058,30.42755],[34.47815,30.42557],[34.47755,30.42211],[34.47282,30.42035],[34.44305,30.42183],[34.43268,30.4183],[34.42171,30.4187],[34.41652,30.41726],[34.41244,30.41367],[34.40845,30.41389],[34.40373,30.41112],[34.39564,30.41049],[34.39178,30.41208],[34.37549,30.41223],[34.35262,30.42544],[34.34961,30.42869],[34.34489,30.43025],[34.33451,30.44087],[34.3203,30.44509],[34.31691,30.44719],[34.3085,30.44827],[34.30438,30.45456],[34.30305,30.45474],[34.29893,30.45219],[34.2952,30.45748],[34.29009,30.45774],[34.29043,30.46088],[34.30082,30.47327],[34.30245,30.481],[34.30743,30.48718],[34.30524,30.49739],[34.30138,30.50245],[34.30331,30.50974],[34.29902,30.51369],[34.29644,30.51876],[34.29035,30.52094],[34.2864,30.52541],[34.28095,30.52793],[34.27443,30.53314],[34.25391,30.54216],[34.2461,30.54674],[34.22988,30.5511],[34.22233,30.55724],[34.21967,30.5613],[34.21486,30.56492],[34.21134,30.57135],[34.19992,30.5868],[34.19735,30.59478],[34.1819,30.61007],[34.17727,30.61723],[34.17177,30.63562],[34.16061,30.64911]],"type":"LineString"},"properties":{"placeId":"a73af5f","name":"Haradah","type":"campsite","landOrWater":"land","proposed":true,"role":"gf2494c.simplified"}},{"type":"Feature","geometry":{"coordinates":[[[48.090556,34.432996],[48.083613,34.416049],[48.06111,34.408549],[48.055834,34.39883],[48.045834,34.389941],[48.034444,34.390771],[48.017221,34.39827],[48.001388,34.40133],[47.989441,34.40105],[47.993629,34.364661],[47.963328,34.355214],[47.952495,34.345495],[47.940829,34.319657],[47.913882,34.295768],[47.901106,34.273268],[47.891659,34.267989],[47.88777,34.261879],[47.886659,34.255209],[47.900273,34.238549],[47.938606,34.245769],[47.944995,34.244099],[47.964719,34.231329],[47.985275,34.222159],[47.999997,34.218371],[48.000555,34.220769],[48.007498,34.221049],[48.019164,34.217159],[48.038888,34.216879],[48.053891,34.212719],[48.070557,34.199099],[48.081114,34.177159],[48.093337,34.167158],[48.100837,34.153548],[48.10806,34.146598],[48.12917,34.145217],[48.137784,34.141047],[48.167507,34.105766],[48.17723,34.086044],[48.186953,34.079654],[48.193063,34.078823],[48.217786,34.065763],[48.234453,34.051321],[48.240566,34.049101],[48.304458,34.056602],[48.305845,34.054652],[48.303625,34.026869],[48.304735,34.021318],[48.332515,34.014928],[48.352238,34.006877],[48.379184,34.001316],[48.420017,34.002707],[48.445573,34.008547],[48.473633,34.006317],[48.483076,34.010207],[48.511412,34.044101],[48.519466,34.050762],[48.519189,34.087435],[48.521412,34.100766],[48.526968,34.107156],[48.534469,34.107707],[48.541412,34.105216],[48.537245,34.131878],[48.531688,34.138819],[48.515299,34.146328],[48.513079,34.150489],[48.515579,34.162439],[48.506132,34.17493],[48.509745,34.19549],[48.508079,34.19938],[48.497242,34.20383],[48.494465,34.210211],[48.490575,34.21272],[48.478075,34.2166],[48.449743,34.2491],[48.436963,34.25771],[48.413073,34.25938],[48.403073,34.267439],[48.38835,34.297438],[48.377793,34.304099],[48.396406,34.315488],[48.397239,34.320777],[48.392516,34.336886],[48.370847,34.354665],[48.366403,34.363554],[48.351957,34.380493],[48.34668,34.383272],[48.31918,34.389102],[48.313624,34.387162],[48.306401,34.378832],[48.295567,34.377443],[48.267788,34.386602],[48.256121,34.392721],[48.248341,34.391882],[48.229452,34.383832],[48.216952,34.384111],[48.203342,34.393001],[48.185005,34.397161],[48.175282,34.40355],[48.152506,34.432157],[48.147782,34.434666],[48.142502,34.434386],[48.131949,34.429107],[48.117226,34.434106],[48.090556,34.432996]]],"type":"Polygon"},"properties":{"placeId":"adeff6d","name":"Harhar","type":"region","landOrWater":"land","proposed":true,"role":"g9d73e6.simplified"}},{"type":"Feature","geometry":{"coordinates":[[[34.9078,31.57972],[34.8747,31.57823],[34.84196,31.5738],[34.80995,31.56647],[34.77902,31.55633],[34.74951,31.54347],[34.72175,31.52806],[34.69605,31.51024],[34.67268,31.49023],[34.65189,31.46825],[34.63393,31.44453],[34.61898,31.41933],[34.60721,31.39294],[34.59873,31.36564],[34.59365,31.33774],[34.59202,31.30953],[34.59384,31.28134],[34.5991,31.25346],[34.60774,31.2262],[34.61965,31.19986],[34.63471,31.17473],[34.65275,31.15109],[34.67358,31.12918],[34.69695,31.10925],[34.72262,31.09152],[34.7503,31.07617],[34.77969,31.06339],[34.81048,31.05329],[34.84233,31.046],[34.87489,31.0416],[34.9078,31.04012],[34.94071,31.0416],[34.97327,31.046],[35.00512,31.05329],[35.03591,31.06339],[35.0653,31.07617],[35.09298,31.09152],[35.11865,31.10925],[35.14202,31.12918],[35.16285,31.15109],[35.18089,31.17473],[35.19595,31.19986],[35.20786,31.2262],[35.2165,31.25346],[35.22176,31.28134],[35.22358,31.30953],[35.22195,31.33774],[35.21687,31.36564],[35.20839,31.39294],[35.19662,31.41933],[35.18167,31.44453],[35.16371,31.46825],[35.14292,31.49023],[35.11955,31.51024],[35.09385,31.52806],[35.06609,31.54347],[35.03658,31.55633],[35.00565,31.56647],[34.97364,31.5738],[34.9409,31.57823],[34.9078,31.57972]]],"type":"Polygon"},"properties":{"placeId":"aaa8a88","name":"Hashmonah","type":"campsite","landOrWater":"land","proposed":true,"role":"gff0370.geometry"}},{"type":"Feature","geometry":{"coordinates":[[[31.113501,41.17356],[31.638218,36.569905],[32.018013,36.438596],[32.480967,35.983283],[32.851415,35.967947],[33.769264,36.079696],[34.086596,36.220293],[34.693377,36.735027],[35.36228,36.480242],[35.657797,36.53217],[36.107665,36.79231],[36.10943,36.657552],[35.700582,36.369328],[35.854585,36.015448],[35.669181,35.55193],[35.846205,35.412152],[35.810508,34.948423],[35.95383,34.544272],[35.70969,34.412845],[35.605638,34.250291],[36.530773,34.204564],[37.563927,35.611343],[39.103347,35.789851],[39.620393,39.080715],[38.29744,41.002588],[36.642896,41.476014],[36.444122,41.355599],[36.056485,41.834528],[35.476456,41.752322],[35.083431,42.184753],[34.621495,42.008625],[33.30003,42.110344],[32.174585,41.7389],[31.330483,41.337715],[31.283385,41.199137],[31.113501,41.17356]]],"type":"Polygon"},"properties":{"placeId":"a4b8b4d","name":"Hatti","type":"region","landOrWater":"land","proposed":false,"role":"gfb335d.geometry"}},{"type":"Feature","geometry":{"coordinates":[[[[36.49293,33.09992],[35.83568,33.07211],[35.83568,33.04431],[35.83568,33.0165],[35.83568,32.98869],[35.96713,32.68282],[36.06572,32.5994],[36.42721,32.29353],[36.46007,32.29353],[36.49293,32.29353],[36.85442,32.37695],[36.88729,32.51598],[36.88729,32.54379],[36.88729,32.5716],[36.88729,32.5994],[36.82156,32.76624],[36.5258,33.09992],[36.49293,33.09992]]],[[[36.42721,33.07211],[36.39435,33.07211],[36.36148,33.07211],[36.32862,33.07211],[36.19717,33.04431],[36.06572,33.0165],[35.93427,32.98869],[35.96713,32.73844],[36.46007,32.29353],[36.75583,32.46037],[36.82156,32.68282],[36.82156,32.71063],[36.82156,32.73844],[36.5258,33.07211],[36.49293,33.07211],[36.46007,33.07211],[36.42721,33.07211]]],[[[36.13144,32.98869],[35.99999,32.73844],[36.46007,32.34915],[36.49293,32.34915],[36.65725,32.51598],[36.82156,32.71063],[36.59152,32.93308],[36.19717,32.98869],[36.16431,32.98869],[36.13144,32.98869]]],[[[36.13144,32.76624],[36.09858,32.73844],[36.13144,32.71063],[36.16431,32.68282],[36.19717,32.65502],[36.23003,32.62721],[36.49293,32.43257],[36.75583,32.71063],[36.55866,32.93308],[36.5258,32.93308],[36.49293,32.93308],[36.46007,32.93308],[36.42721,32.93308],[36.39435,32.93308],[36.36148,32.93308],[36.32862,32.93308],[36.29576,32.90527],[36.13144,32.76624]]],[[[36.16431,32.76624],[36.09858,32.73844],[36.19717,32.65502],[36.46007,32.54379],[36.59152,32.62721],[36.62438,32.65502],[36.65725,32.68282],[36.65725,32.71063],[36.62438,32.73844],[36.55866,32.76624],[36.5258,32.76624],[36.49293,32.76624],[36.46007,32.76624],[36.42721,32.76624],[36.39435,32.76624],[36.36148,32.76624],[36.32862,32.76624],[36.29576,32.76624],[36.26289,32.76624],[36.23003,32.76624],[36.16431,32.76624]]],[[[36.19717,32.65502],[36.39435,32.5994],[36.46007,32.5994],[36.49293,32.5994],[36.65725,32.68282],[36.65725,32.71063],[36.59152,32.73844],[36.49293,32.76624],[36.46007,32.76624],[36.42721,32.76624],[36.39435,32.76624],[36.36148,32.76624],[36.32862,32.76624],[36.29576,32.76624],[36.26289,32.76624],[36.16431,32.73844],[36.19717,32.65502]]],[[[36.29576,32.76624],[36.19717,32.73844],[36.19717,32.71063],[36.23003,32.68282],[36.32862,32.65502],[36.46007,32.62721],[36.49293,32.62721],[36.59152,32.65502],[36.65725,32.68282],[36.62438,32.71063],[36.55866,32.73844],[36.46007,32.76624],[36.42721,32.76624],[36.39435,32.76624],[36.36148,32.76624],[36.32862,32.76624],[36.29576,32.76624]]],[[[36.23003,32.71063],[36.29576,32.68282],[36.46007,32.62721],[36.62438,32.68282],[36.62438,32.71063],[36.46007,32.76624],[36.42721,32.76624],[36.39435,32.76624],[36.29576,32.73844],[36.23003,32.71063]]],[[[36.36148,32.73844],[36.32862,32.73844],[36.29576,32.71063],[36.42721,32.65502],[36.46007,32.65502],[36.49293,32.65502],[36.59152,32.68282],[36.62438,32.71063],[36.46007,32.73844],[36.42721,32.73844],[36.39435,32.73844],[36.36148,32.73844]]]],"type":"MultiPolygon"},"properties":{"placeId":"a0e8903","name":"Hauran","type":"region","landOrWater":"land","proposed":false,"role":"g25b264.isobands"}},{"type":"Feature","geometry":{"coordinates":[[[[43.05808,34.00047],[40.85894,33.59109],[43.21516,31.54421],[43.37224,31.40775],[46.35679,30.45254],[46.82804,30.31608],[47.77052,30.72546],[48.87009,31.54421],[48.87009,31.68067],[48.87009,31.81713],[46.82804,34.00047],[46.67095,34.00047],[46.51387,34.00047],[46.35679,34.00047],[46.19971,34.00047],[46.04263,34.00047],[45.88555,34.00047],[45.72847,34.00047],[45.57138,34.00047],[45.4143,34.00047],[45.25722,34.00047],[45.10014,34.00047],[44.94306,34.00047],[44.78598,34.00047],[44.62889,34.00047],[44.47181,34.00047],[44.31473,34.00047],[44.15765,34.00047],[44.00057,34.00047],[43.84349,34.00047],[43.68641,34.00047],[43.52932,34.00047],[43.37224,34.00047],[43.21516,34.00047],[43.05808,34.00047]]],[[[43.21516,33.86401],[43.05808,33.86401],[42.74392,32.2265],[43.21516,31.54421],[44.00057,31.40775],[46.98512,30.99837],[47.1422,31.13483],[47.61344,31.54421],[47.61344,31.68067],[47.61344,31.81713],[46.82804,33.31817],[43.52932,33.86401],[43.37224,33.86401],[43.21516,33.86401]]],[[[43.21516,33.86401],[43.05808,33.59109],[43.21516,31.81713],[43.68641,31.54421],[45.10014,31.27129],[46.98512,31.13483],[47.1422,31.13483],[47.1422,31.54421],[47.1422,31.81713],[46.98512,32.2265],[46.51387,33.31817],[43.21516,33.86401]]],[[[43.52932,33.72755],[43.37224,33.72755],[43.21516,33.72755],[43.21516,32.2265],[43.21516,32.09004],[43.21516,31.95358],[43.37224,31.81713],[43.68641,31.54421],[46.98512,31.27129],[47.1422,31.54421],[46.82804,32.2265],[45.72847,33.18171],[45.4143,33.31817],[43.52932,33.72755]]],[[[46.82804,32.09004],[46.51387,32.36296],[46.04263,32.77234],[45.88555,32.9088],[45.57138,33.04525],[45.10014,33.18171],[44.62889,33.31817],[44.15765,33.45463],[44.00057,33.45463],[43.84349,33.45463],[43.68641,33.45463],[43.21516,32.09004],[43.37224,31.81713],[43.68641,31.68067],[44.31473,31.54421],[44.62889,31.54421],[44.78598,31.54421],[44.94306,31.54421],[45.57138,31.54421],[45.72847,31.54421],[45.88555,31.54421],[46.04263,31.54421],[46.19971,31.54421],[46.35679,31.54421],[46.51387,31.54421],[46.67095,31.54421],[46.82804,31.54421],[46.98512,31.54421],[46.98512,31.68067],[46.82804,32.09004]]],[[[45.88555,31.54421],[46.04263,31.54421],[46.19971,31.54421],[46.35679,31.54421],[46.51387,31.54421],[46.67095,31.54421],[46.82804,31.54421],[46.82804,31.68067],[46.82804,31.81713],[46.82804,31.95358],[46.67095,32.09004],[46.35679,32.36296],[46.04263,32.63588],[45.72847,32.9088],[44.94306,33.18171],[44.15765,33.45463],[44.00057,33.45463],[43.84349,33.45463],[43.68641,32.09004],[43.68641,31.95358],[43.68641,31.81713],[44.00057,31.68067],[44.62889,31.54421],[44.78598,31.54421],[45.88555,31.54421]]],[[[43.84349,32.09004],[43.68641,31.81713],[46.35679,31.54421],[46.51387,31.54421],[46.67095,31.54421],[46.82804,31.54421],[46.82804,31.81713],[46.67095,32.09004],[45.57138,32.9088],[45.25722,33.04525],[44.94306,33.18171],[44.78598,33.18171],[44.62889,33.04525],[43.84349,32.09004]]],[[[44.78598,33.04525],[44.00057,32.09004],[43.84349,31.81713],[46.51387,31.54421],[46.67095,31.54421],[46.82804,31.54421],[46.67095,32.09004],[44.94306,33.04525],[44.78598,33.04525]]],[[[44.15765,32.09004],[44.47181,31.81713],[46.67095,31.54421],[46.67095,31.68067],[46.67095,32.09004],[45.57138,32.36296],[45.4143,32.36296],[44.78598,32.2265],[44.15765,32.09004]]]],"type":"MultiPolygon"},"properties":{"placeId":"ad7e819","name":"Havilah 1","type":"region","landOrWater":"land","proposed":true,"role":"g523915.isobands"}},{"type":"Feature","geometry":{"coordinates":[[[46.552684,29.100273],[44.715219,29.196033],[42.085599,31.111658],[40.413254,31.948076],[39.200916,32.154338],[37.006171,31.50064],[37.997146,30.500661],[37.505505,30.000769],[36.784903,29.867901],[36.072812,29.183401],[34.957163,29.356106],[34.571034,28.096175],[35.222334,28.046521],[37.239083,25.190222],[37.155208,24.823834],[37.426918,24.369397],[38.463171,23.780694],[39.113265,22.526225],[38.93004,22.012118],[39.172439,21.779023],[39.190219,21.101647],[39.730523,20.391647],[40.75593,19.778557],[41.638534,17.997428],[42.318148,17.436428],[42.83138,16.190734],[42.677223,15.688416],[42.8103,15.280105],[42.598942,15.228503],[42.944571,14.923925],[43.468106,12.673867],[45.028142,12.750895],[45.662866,13.350703],[46.700724,13.429404],[47.977117,14.050316],[48.683285,14.04569],[49.347048,14.640919],[52.195361,15.609998],[52.150592,15.986543],[52.475232,16.431033],[54.048019,16.991036],[55.020497,17.000475],[55.426355,17.817317],[56.354085,17.920083],[56.790368,18.740697],[57.840664,18.999959],[57.676889,19.706838],[57.824284,20.201791],[58.180743,20.624268],[58.209048,20.397612],[58.520274,20.41603],[59.823822,22.292675],[59.797585,22.536882],[59.290457,22.764747],[58.753757,23.522954],[56.912798,24.144064],[56.375426,24.977273],[56.273845,25.706125],[56.52156,26.317879],[56.378704,26.388557],[56.415962,26.205003],[56.208245,26.253527],[55.345647,25.199515],[54.671877,24.814196],[54.514247,24.314448],[54.128036,24.328401],[54.016951,24.185152],[54.175433,24.188173],[53.803968,24.049843],[52.590281,24.214843],[52.242452,23.970315],[51.831482,23.986257],[51.597506,24.379798],[51.276815,24.294166],[51.504991,24.574401],[51.213623,24.620143],[51.369095,24.580011],[51.656581,25.029115],[51.474149,25.513766],[51.657861,25.926819],[51.264525,26.156949],[51.033925,26.043673],[50.969103,25.600658],[50.756803,25.504118],[50.769988,24.71877],[50.000305,25.989164],[50.240762,26.370728],[49.99452,26.744755],[50.159171,26.64698],[49.583662,27.092148],[49.487681,27.304013],[49.702123,27.300766],[49.48641,27.344645],[49.441679,27.081499],[49.122844,27.40608],[49.312348,27.424965],[49.221662,27.569714],[48.848542,27.603241],[48.101384,29.352594],[47.702785,29.359877],[48.188363,29.546838],[48.007887,29.986786],[47.189553,30.02835],[46.552684,29.100273]]],"type":"Polygon"},"properties":{"placeId":"ac5e5c4","name":"Havilah 2","type":"region","landOrWater":"land","proposed":true,"role":"g9ace11.simplified"}},{"type":"Feature","geometry":{"coordinates":[[[46.552684,29.100273],[44.715219,29.196033],[42.085599,31.111658],[40.413254,31.948076],[39.200916,32.154338],[37.006171,31.50064],[37.997146,30.500661],[37.505505,30.000769],[36.784903,29.867901],[36.072812,29.183401],[34.957163,29.356106],[34.571034,28.096175],[35.222334,28.046521],[37.239083,25.190222],[37.155208,24.823834],[37.426918,24.369397],[38.463171,23.780694],[39.113265,22.526225],[38.93004,22.012118],[39.172439,21.779023],[39.190219,21.101647],[39.730523,20.391647],[40.75593,19.778557],[41.638534,17.997428],[42.318148,17.436428],[42.83138,16.190734],[42.677223,15.688416],[42.8103,15.280105],[42.598942,15.228503],[42.944571,14.923925],[43.468106,12.673867],[45.028142,12.750895],[45.662866,13.350703],[46.700724,13.429404],[47.977117,14.050316],[48.683285,14.04569],[49.347048,14.640919],[52.195361,15.609998],[52.150592,15.986543],[52.475232,16.431033],[54.048019,16.991036],[55.020497,17.000475],[55.426355,17.817317],[56.354085,17.920083],[56.790368,18.740697],[57.840664,18.999959],[57.676889,19.706838],[57.824284,20.201791],[58.180743,20.624268],[58.209048,20.397612],[58.520274,20.41603],[59.823822,22.292675],[59.797585,22.536882],[59.290457,22.764747],[58.753757,23.522954],[56.912798,24.144064],[56.375426,24.977273],[56.273845,25.706125],[56.52156,26.317879],[56.378704,26.388557],[56.415962,26.205003],[56.208245,26.253527],[55.345647,25.199515],[54.671877,24.814196],[54.514247,24.314448],[54.128036,24.328401],[54.016951,24.185152],[54.175433,24.188173],[53.803968,24.049843],[52.590281,24.214843],[52.242452,23.970315],[51.831482,23.986257],[51.597506,24.379798],[51.276815,24.294166],[51.504991,24.574401],[51.213623,24.620143],[51.369095,24.580011],[51.656581,25.029115],[51.474149,25.513766],[51.657861,25.926819],[51.264525,26.156949],[51.033925,26.043673],[50.969103,25.600658],[50.756803,25.504118],[50.769988,24.71877],[50.000305,25.989164],[50.240762,26.370728],[49.99452,26.744755],[50.159171,26.64698],[49.583662,27.092148],[49.487681,27.304013],[49.702123,27.300766],[49.48641,27.344645],[49.441679,27.081499],[49.122844,27.40608],[49.312348,27.424965],[49.221662,27.569714],[48.848542,27.603241],[48.101384,29.352594],[47.702785,29.359877],[48.188363,29.546838],[48.007887,29.986786],[47.189553,30.02835],[46.552684,29.100273]]],"type":"Polygon"},"properties":{"placeId":"a1d9047","name":"Havilah 3","type":"region","landOrWater":"land","proposed":true,"role":"g9ace11.simplified"}},{"type":"Feature","geometry":{"coordinates":[[[[35.60265,32.64729],[35.60265,32.6385],[35.60265,32.62971],[35.63388,32.4891],[35.64429,32.4891],[35.6547,32.4891],[35.91496,32.54183],[36.01906,32.61213],[36.01906,32.62092],[36.01906,32.62971],[35.93578,32.7088],[35.92537,32.7088],[35.91496,32.7088],[35.90455,32.7088],[35.89414,32.7088],[35.79003,32.7088],[35.77962,32.7088],[35.69634,32.70002],[35.66511,32.69123],[35.61306,32.65608],[35.60265,32.64729]]],[[[35.61306,32.6385],[35.61306,32.62971],[35.73798,32.55062],[35.74839,32.55062],[35.89414,32.55941],[35.93578,32.6385],[35.93578,32.64729],[35.93578,32.65608],[35.93578,32.66486],[35.93578,32.67365],[35.92537,32.70002],[35.91496,32.70002],[35.90455,32.70002],[35.89414,32.70002],[35.88373,32.70002],[35.87332,32.70002],[35.86291,32.70002],[35.8525,32.70002],[35.84208,32.70002],[35.83167,32.70002],[35.82126,32.70002],[35.81085,32.70002],[35.80044,32.70002],[35.79003,32.70002],[35.77962,32.70002],[35.76921,32.70002],[35.7588,32.70002],[35.74839,32.70002],[35.73798,32.70002],[35.66511,32.69123],[35.6547,32.68244],[35.61306,32.6385]]],[[[35.6547,32.66486],[35.6547,32.65608],[35.6547,32.64729],[35.6547,32.6385],[35.66511,32.62971],[35.70675,32.62092],[35.83167,32.61213],[35.84208,32.61213],[35.8525,32.61213],[35.93578,32.66486],[35.92537,32.68244],[35.8525,32.70002],[35.68593,32.67365],[35.6547,32.66486]]],[[[35.68593,32.67365],[35.66511,32.66486],[35.6547,32.64729],[35.6547,32.6385],[35.68593,32.62971],[35.71716,32.62092],[35.72757,32.62092],[35.73798,32.62092],[35.74839,32.62092],[35.77962,32.62092],[35.79003,32.62092],[35.80044,32.62092],[35.81085,32.62092],[35.8525,32.62971],[35.93578,32.66486],[35.87332,32.68244],[35.86291,32.68244],[35.8525,32.68244],[35.84208,32.68244],[35.83167,32.68244],[35.68593,32.67365]]],[[[35.69634,32.66486],[35.66511,32.65608],[35.66511,32.64729],[35.66511,32.6385],[35.69634,32.62971],[35.70675,32.62971],[35.71716,32.62971],[35.72757,32.62971],[35.73798,32.62971],[35.74839,32.62971],[35.7588,32.62971],[35.76921,32.62971],[35.77962,32.62971],[35.79003,32.62971],[35.80044,32.62971],[35.81085,32.62971],[35.82126,32.62971],[35.83167,32.62971],[35.84208,32.62971],[35.88373,32.65608],[35.87332,32.68244],[35.86291,32.68244],[35.8525,32.68244],[35.69634,32.66486]]],[[[35.69634,32.66486],[35.67552,32.64729],[35.68593,32.6385],[35.69634,32.62971],[35.70675,32.62971],[35.71716,32.62971],[35.72757,32.62971],[35.73798,32.62971],[35.74839,32.62971],[35.7588,32.62971],[35.76921,32.62971],[35.77962,32.62971],[35.79003,32.62971],[35.80044,32.62971],[35.81085,32.62971],[35.8525,32.64729],[35.86291,32.65608],[35.87332,32.67365],[35.86291,32.68244],[35.69634,32.66486]]],[[[35.70675,32.65608],[35.68593,32.6385],[35.71716,32.62971],[35.72757,32.62971],[35.73798,32.62971],[35.74839,32.62971],[35.7588,32.62971],[35.76921,32.62971],[35.77962,32.62971],[35.79003,32.62971],[35.82126,32.6385],[35.8525,32.66486],[35.86291,32.67365],[35.8525,32.67365],[35.84208,32.67365],[35.76921,32.66486],[35.70675,32.65608]]],[[[35.7588,32.65608],[35.74839,32.65608],[35.73798,32.64729],[35.74839,32.6385],[35.7588,32.62971],[35.76921,32.62971],[35.81085,32.6385],[35.7588,32.65608]]]],"type":"MultiPolygon"},"properties":{"placeId":"a26c8f2","name":"Havvoth-jair","type":"region","landOrWater":"land","proposed":false,"role":"g858c01.isobands"}},{"type":"Feature","geometry":{"coordinates":[[[34.84083,31.69438],[34.78559,31.69191],[34.73097,31.68451],[34.67757,31.67227],[34.62597,31.65533],[34.57677,31.63387],[34.53049,31.60813],[34.48766,31.5784],[34.44873,31.54501],[34.41414,31.50832],[34.38427,31.46875],[34.35943,31.42672],[34.3399,31.3827],[34.32588,31.33719],[34.31751,31.29066],[34.31489,31.24365],[34.31803,31.19666],[34.32689,31.15021],[34.34137,31.1048],[34.36129,31.06094],[34.38643,31.01909],[34.41652,30.97972],[34.45122,30.94325],[34.49015,30.91008],[34.53287,30.88057],[34.57894,30.85504],[34.62784,30.83376],[34.67904,30.81697],[34.73199,30.80484],[34.78611,30.79751],[34.84083,30.79506],[34.89555,30.79751],[34.94968,30.80484],[35.00263,30.81697],[35.05383,30.83376],[35.10273,30.85504],[35.14879,30.88057],[35.19152,30.91008],[35.23045,30.94325],[35.26514,30.97972],[35.29523,31.01909],[35.32038,31.06094],[35.3403,31.1048],[35.35477,31.15021],[35.36363,31.19666],[35.36677,31.24365],[35.36415,31.29066],[35.35579,31.33719],[35.34177,31.3827],[35.32224,31.42672],[35.2974,31.46875],[35.26753,31.50832],[35.23294,31.54501],[35.19401,31.5784],[35.15117,31.60813],[35.1049,31.63387],[35.05569,31.65533],[35.0041,31.67227],[34.9507,31.68451],[34.89607,31.69191],[34.84083,31.69438]]],"type":"Polygon"},"properties":{"placeId":"a7672d8","name":"Hazar-gaddah","type":"settlement","landOrWater":"land","proposed":true,"role":"g1c1424.geometry"}},{"type":"Feature","geometry":{"coordinates":[[[34.84083,31.33465],[34.82983,31.33416],[34.81894,31.33269],[34.8083,31.33025],[34.79801,31.32687],[34.7882,31.32259],[34.77896,31.31746],[34.7704,31.31154],[34.76261,31.30487],[34.75569,31.29755],[34.74969,31.28966],[34.7447,31.28126],[34.74076,31.27247],[34.73792,31.26338],[34.73621,31.25408],[34.73564,31.24468],[34.73623,31.23528],[34.73796,31.22598],[34.74082,31.21689],[34.74478,31.20811],[34.74978,31.19972],[34.75578,31.19183],[34.76271,31.18452],[34.7705,31.17787],[34.77905,31.17195],[34.78828,31.16683],[34.79809,31.16256],[34.80836,31.15919],[34.81898,31.15675],[34.82985,31.15528],[34.84083,31.15479],[34.85182,31.15528],[34.86268,31.15675],[34.87331,31.15919],[34.88358,31.16256],[34.89338,31.16683],[34.90261,31.17195],[34.91117,31.17787],[34.91895,31.18452],[34.92588,31.19183],[34.93189,31.19972],[34.93689,31.20811],[34.94084,31.21689],[34.9437,31.22598],[34.94543,31.23528],[34.94602,31.24468],[34.94546,31.25408],[34.94374,31.26338],[34.9409,31.27247],[34.93696,31.28126],[34.93197,31.28966],[34.92598,31.29755],[34.91905,31.30487],[34.91127,31.31154],[34.90271,31.31746],[34.89347,31.32259],[34.88365,31.32687],[34.87337,31.33025],[34.86272,31.33269],[34.85184,31.33416],[34.84083,31.33465]]],"type":"Polygon"},"properties":{"placeId":"a89005a","name":"Hazar-shual","type":"settlement","landOrWater":"land","proposed":true,"role":"g3c299a.geometry"}},{"type":"Feature","geometry":{"coordinates":[[[35.401213,31.464095],[35.378021,31.461094],[35.372933,31.46034],[35.367161,31.461488],[35.358893,31.464223],[35.351791,31.468925],[35.345659,31.46794],[35.349772,31.464152],[35.34853,31.46011],[35.350874,31.455509],[35.358737,31.454237],[35.361204,31.452982],[35.365899,31.448944],[35.375945,31.452907],[35.37947,31.451779],[35.379767,31.448263],[35.3964,31.449905],[35.401213,31.464095]]],"type":"Polygon"},"properties":{"placeId":"a887a2d","name":"Hazazon-tamar 2","type":"region","landOrWater":"land","proposed":false,"role":"g5008cf.geometry"}},{"type":"Feature","geometry":{"coordinates":[[[39.86831,30.71074],[39.75898,30.70577],[39.65088,30.69091],[39.54523,30.66633],[39.44321,30.63231],[39.34597,30.58922],[39.25458,30.53756],[39.17007,30.47791],[39.09337,30.41092],[39.02531,30.33735],[38.96663,30.25802],[38.91797,30.1738],[38.87982,30.08564],[38.8526,29.99451],[38.83656,29.90141],[38.83185,29.80737],[38.8385,29.71342],[38.85639,29.62058],[38.8853,29.52987],[38.92489,29.44228],[38.9747,29.35875],[39.03417,29.28019],[39.10264,29.20745],[39.17935,29.14131],[39.26345,29.08247],[39.35404,29.03159],[39.45014,28.98919],[39.55071,28.95573],[39.65467,28.93158],[39.76092,28.91698],[39.86831,28.9121],[39.9757,28.91698],[40.08194,28.93158],[40.1859,28.95573],[40.28647,28.98919],[40.38257,29.03159],[40.47316,29.08247],[40.55727,29.14131],[40.63397,29.20745],[40.70244,29.28019],[40.76191,29.35875],[40.81172,29.44228],[40.85131,29.52987],[40.88022,29.62058],[40.89812,29.71342],[40.90476,29.80737],[40.90005,29.90141],[40.88401,29.99451],[40.85679,30.08564],[40.81865,30.1738],[40.76998,30.25802],[40.7113,30.33735],[40.64324,30.41092],[40.56654,30.47791],[40.48203,30.53756],[40.39064,30.58922],[40.2934,30.63231],[40.19138,30.66633],[40.08573,30.69091],[39.97763,30.70577],[39.86831,30.71074]]],"type":"Polygon"},"properties":{"placeId":"a3088c2","name":"Hazor 5","type":"region","landOrWater":"land","proposed":false,"role":"g6e396e.geometry"}},{"type":"Feature","geometry":{"coordinates":[[[[32.02849,37.00751],[32.02849,36.91129],[32.02849,36.81507],[32.02849,36.71885],[32.02849,36.62263],[32.02849,36.52642],[32.02849,36.4302],[32.26612,36.14154],[32.38493,36.04532],[32.50374,35.9491],[32.62255,35.9491],[32.74136,35.9491],[33.81067,36.04532],[35.83046,36.33398],[36.89976,36.81507],[37.13739,37.00751],[37.13739,37.10373],[37.13739,37.9697],[37.01858,37.9697],[36.89976,37.9697],[36.78095,37.9697],[36.66214,37.9697],[36.30571,37.9697],[36.06808,37.9697],[35.94927,37.9697],[35.83046,37.9697],[35.71165,37.9697],[35.47403,37.9697],[35.35522,37.9697],[35.2364,37.9697],[35.11759,37.9697],[34.99878,37.9697],[32.38493,37.29617],[32.26612,37.19995],[32.1473,37.10373],[32.02849,37.00751]]],[[[32.02849,37.00751],[32.02849,36.91129],[32.02849,36.81507],[32.02849,36.71885],[32.02849,36.62263],[32.02849,36.52642],[32.02849,36.4302],[32.26612,36.14154],[32.38493,36.04532],[32.50374,35.9491],[32.62255,35.9491],[32.74136,35.9491],[33.69185,36.04532],[34.1671,36.14154],[36.1869,36.62263],[36.78095,36.81507],[36.89976,36.91129],[37.01858,37.00751],[37.01858,37.39238],[36.89976,37.58482],[36.78095,37.68104],[36.42452,37.87348],[36.06808,37.9697],[34.76116,37.77726],[32.50374,37.19995],[32.1473,37.10373],[32.02849,37.00751]]],[[[32.02849,36.52642],[32.02849,36.4302],[32.26612,36.14154],[32.38493,36.04532],[32.50374,35.9491],[32.62255,35.9491],[32.74136,35.9491],[33.69185,36.04532],[34.1671,36.14154],[35.71165,36.52642],[36.66214,36.81507],[36.89976,36.91129],[36.89976,37.00751],[36.89976,37.10373],[36.89976,37.19995],[36.89976,37.29617],[36.89976,37.39238],[36.89976,37.4886],[36.78095,37.68104],[36.30571,37.87348],[36.1869,37.87348],[36.06808,37.87348],[35.94927,37.87348],[35.83046,37.87348],[35.35522,37.77726],[32.1473,37.10373],[32.02849,36.81507],[32.02849,36.71885],[32.02849,36.62263],[32.02849,36.52642]]],[[[32.02849,36.4302],[32.38493,36.04532],[32.50374,35.9491],[32.62255,35.9491],[32.74136,35.9491],[33.69185,36.04532],[34.1671,36.14154],[35.71165,36.52642],[36.78095,36.91129],[36.89976,37.00751],[36.89976,37.10373],[36.89976,37.19995],[36.89976,37.39238],[36.89976,37.4886],[36.78095,37.68104],[36.1869,37.87348],[35.47403,37.77726],[32.26612,37.10373],[32.1473,36.81507],[32.02849,36.52642],[32.02849,36.4302]]],[[[32.02849,36.4302],[32.38493,36.04532],[32.50374,35.9491],[32.62255,35.9491],[33.69185,36.04532],[35.59284,36.52642],[36.78095,36.91129],[36.89976,37.00751],[36.89976,37.10373],[36.78095,37.4886],[36.66214,37.58482],[36.54333,37.68104],[35.83046,37.77726],[35.71165,37.77726],[35.59284,37.77726],[32.74136,37.10373],[32.38493,37.00751],[32.26612,36.91129],[32.1473,36.71885],[32.02849,36.52642],[32.02849,36.4302]]],[[[32.1473,36.71885],[32.1473,36.62263],[32.1473,36.52642],[32.1473,36.4302],[32.1473,36.33398],[32.38493,36.04532],[32.50374,35.9491],[33.69185,36.04532],[35.59284,36.52642],[36.66214,36.91129],[36.78095,37.00751],[36.78095,37.10373],[36.66214,37.58482],[36.30571,37.68104],[36.1869,37.68104],[36.06808,37.68104],[35.94927,37.68104],[35.47403,37.68104],[35.35522,37.68104],[32.50374,37.00751],[32.38493,36.91129],[32.26612,36.81507],[32.1473,36.71885]]],[[[32.1473,36.62263],[32.1473,36.52642],[32.1473,36.4302],[32.1473,36.33398],[32.50374,35.9491],[33.69185,36.04532],[35.59284,36.52642],[35.83046,36.62263],[36.30571,36.81507],[36.78095,37.00751],[36.66214,37.39238],[36.30571,37.68104],[36.1869,37.68104],[36.06808,37.68104],[35.47403,37.58482],[34.87997,37.4886],[32.62255,37.00751],[32.26612,36.81507],[32.1473,36.62263]]],[[[32.1473,36.62263],[32.1473,36.52642],[32.1473,36.4302],[32.26612,36.23776],[32.38493,36.14154],[32.50374,36.04532],[32.62255,36.04532],[32.74136,36.04532],[32.86017,36.04532],[32.97899,36.04532],[33.0978,36.04532],[33.21661,36.04532],[33.33542,36.04532],[33.45423,36.04532],[33.57304,36.04532],[34.04829,36.14154],[35.59284,36.52642],[35.83046,36.62263],[36.54333,37.00751],[36.54333,37.10373],[36.54333,37.19995],[36.54333,37.39238],[36.06808,37.68104],[34.99878,37.4886],[34.52353,37.39238],[32.50374,36.81507],[32.26612,36.71885],[32.1473,36.62263]]],[[[32.50374,36.14154],[32.62255,36.04532],[32.74136,36.04532],[32.86017,36.04532],[32.97899,36.04532],[33.0978,36.04532],[33.21661,36.04532],[33.81067,36.14154],[35.47403,36.52642],[36.42452,37.00751],[36.54333,37.10373],[36.42452,37.19995],[36.30571,37.29617],[36.06808,37.39238],[35.2364,37.4886],[35.11759,37.4886],[34.52353,37.39238],[32.50374,36.71885],[32.38493,36.62263],[32.26612,36.33398],[32.38493,36.23776],[32.50374,36.14154]]]],"type":"MultiPolygon"},"properties":{"placeId":"ab5f357","name":"Helech","type":"region","landOrWater":"land","proposed":true,"role":"gc82ef6.isobands"}},{"type":"Feature","geometry":{"coordinates":[[[35.18335,31.85195],[35.1828,31.85192],[35.18225,31.85185],[35.18172,31.85173],[35.1812,31.85156],[35.1807,31.85135],[35.18024,31.85109],[35.17981,31.85079],[35.17942,31.85046],[35.17907,31.85009],[35.17877,31.8497],[35.17852,31.84928],[35.17832,31.84884],[35.17817,31.84839],[35.17809,31.84792],[35.17806,31.84745],[35.17809,31.84698],[35.17817,31.84652],[35.17832,31.84606],[35.17852,31.84562],[35.17877,31.8452],[35.17907,31.84481],[35.17942,31.84444],[35.17981,31.84411],[35.18024,31.84381],[35.1807,31.84356],[35.1812,31.84334],[35.18172,31.84317],[35.18225,31.84305],[35.1828,31.84298],[35.18335,31.84295],[35.1839,31.84298],[35.18445,31.84305],[35.18499,31.84317],[35.1855,31.84334],[35.186,31.84356],[35.18646,31.84381],[35.18689,31.84411],[35.18728,31.84444],[35.18763,31.84481],[35.18794,31.8452],[35.18819,31.84562],[35.18839,31.84606],[35.18853,31.84652],[35.18862,31.84698],[35.18864,31.84745],[35.18862,31.84792],[35.18853,31.84839],[35.18839,31.84884],[35.18819,31.84928],[35.18794,31.8497],[35.18763,31.85009],[35.18728,31.85046],[35.18689,31.85079],[35.18646,31.85109],[35.186,31.85135],[35.1855,31.85156],[35.18499,31.85173],[35.18445,31.85185],[35.1839,31.85192],[35.18335,31.85195]]],"type":"Polygon"},"properties":{"placeId":"ac722b9","name":"Helkath-hazzurim","type":"field","landOrWater":"land","proposed":false,"role":"g83fb8b.geometry"}},{"type":"Feature","geometry":{"coordinates":[[[35.811761,33.353421],[35.661238,32.513198],[35.639106,31.965954],[35.715941,31.789723],[35.047135,29.528504],[37.670975,29.350224],[38.273915,33.302161],[35.811761,33.353421]]],"type":"Polygon"},"properties":{"placeId":"a2466e4","name":"Heres","type":"natural area","landOrWater":"land","proposed":true,"role":"g357ac3.geometry"}},{"type":"Feature","geometry":{"coordinates":[[[34.9078,31.57972],[34.8747,31.57823],[34.84196,31.5738],[34.80995,31.56647],[34.77902,31.55633],[34.74951,31.54347],[34.72175,31.52806],[34.69605,31.51024],[34.67268,31.49023],[34.65189,31.46825],[34.63393,31.44453],[34.61898,31.41933],[34.60721,31.39294],[34.59873,31.36564],[34.59365,31.33774],[34.59202,31.30953],[34.59384,31.28134],[34.5991,31.25346],[34.60774,31.2262],[34.61965,31.19986],[34.63471,31.17473],[34.65275,31.15109],[34.67358,31.12918],[34.69695,31.10925],[34.72262,31.09152],[34.7503,31.07617],[34.77969,31.06339],[34.81048,31.05329],[34.84233,31.046],[34.87489,31.0416],[34.9078,31.04012],[34.94071,31.0416],[34.97327,31.046],[35.00512,31.05329],[35.03591,31.06339],[35.0653,31.07617],[35.09298,31.09152],[35.11865,31.10925],[35.14202,31.12918],[35.16285,31.15109],[35.18089,31.17473],[35.19595,31.19986],[35.20786,31.2262],[35.2165,31.25346],[35.22176,31.28134],[35.22358,31.30953],[35.22195,31.33774],[35.21687,31.36564],[35.20839,31.39294],[35.19662,31.41933],[35.18167,31.44453],[35.16371,31.46825],[35.14292,31.49023],[35.11955,31.51024],[35.09385,31.52806],[35.06609,31.54347],[35.03658,31.55633],[35.00565,31.56647],[34.97364,31.5738],[34.9409,31.57823],[34.9078,31.57972]]],"type":"Polygon"},"properties":{"placeId":"ad2d29f","name":"Heshmon","type":"settlement","landOrWater":"land","proposed":true,"role":"gff0370.geometry"}},{"type":"Feature","geometry":{"coordinates":[[[34.42222,30.73827],[34.41129,30.73777],[34.40047,30.7363],[34.38989,30.73386],[34.37967,30.73048],[34.36991,30.72621],[34.36073,30.72108],[34.35223,30.71515],[34.34449,30.70849],[34.33761,30.70117],[34.33165,30.69327],[34.32669,30.68488],[34.32278,30.67609],[34.31995,30.66699],[34.31825,30.65769],[34.31769,30.64829],[34.31827,30.63889],[34.31999,30.6296],[34.32283,30.6205],[34.32676,30.61172],[34.33173,30.60334],[34.3377,30.59544],[34.34459,30.58813],[34.35232,30.58148],[34.36082,30.57556],[34.37,30.57044],[34.37974,30.56617],[34.38995,30.5628],[34.40051,30.56036],[34.41131,30.55889],[34.42222,30.5584],[34.43314,30.55889],[34.44394,30.56036],[34.4545,30.5628],[34.4647,30.56617],[34.47445,30.57044],[34.48362,30.57556],[34.49212,30.58148],[34.49986,30.58813],[34.50675,30.59544],[34.51271,30.60334],[34.51768,30.61172],[34.52161,30.6205],[34.52445,30.6296],[34.52617,30.63889],[34.52676,30.64829],[34.52619,30.65769],[34.52449,30.66699],[34.52167,30.67609],[34.51775,30.68488],[34.51279,30.69327],[34.50684,30.70117],[34.49995,30.70849],[34.49222,30.71515],[34.48371,30.72108],[34.47453,30.72621],[34.46478,30.73048],[34.45455,30.73386],[34.44398,30.7363],[34.43316,30.73777],[34.42222,30.73827]]],"type":"Polygon"},"properties":{"placeId":"ad5c4a1","name":"Hezron","type":"settlement","landOrWater":"land","proposed":true,"role":"gf612ef.geometry"}},{"type":"Feature","geometry":{"coordinates":[[[[32.02849,37.00751],[32.02849,36.91129],[32.02849,36.81507],[32.02849,36.71885],[32.02849,36.62263],[32.02849,36.52642],[32.02849,36.4302],[32.26612,36.14154],[32.38493,36.04532],[32.50374,35.9491],[32.62255,35.9491],[32.74136,35.9491],[33.81067,36.04532],[35.83046,36.33398],[36.89976,36.81507],[37.13739,37.00751],[37.13739,37.10373],[37.13739,37.9697],[37.01858,37.9697],[36.89976,37.9697],[36.78095,37.9697],[36.66214,37.9697],[36.30571,37.9697],[36.06808,37.9697],[35.94927,37.9697],[35.83046,37.9697],[35.71165,37.9697],[35.47403,37.9697],[35.35522,37.9697],[35.2364,37.9697],[35.11759,37.9697],[34.99878,37.9697],[32.38493,37.29617],[32.26612,37.19995],[32.1473,37.10373],[32.02849,37.00751]]],[[[32.02849,37.00751],[32.02849,36.91129],[32.02849,36.81507],[32.02849,36.71885],[32.02849,36.62263],[32.02849,36.52642],[32.02849,36.4302],[32.26612,36.14154],[32.38493,36.04532],[32.50374,35.9491],[32.62255,35.9491],[32.74136,35.9491],[33.69185,36.04532],[34.1671,36.14154],[36.1869,36.62263],[36.78095,36.81507],[36.89976,36.91129],[37.01858,37.00751],[37.01858,37.39238],[36.89976,37.58482],[36.78095,37.68104],[36.42452,37.87348],[36.06808,37.9697],[34.76116,37.77726],[32.50374,37.19995],[32.1473,37.10373],[32.02849,37.00751]]],[[[32.02849,36.52642],[32.02849,36.4302],[32.26612,36.14154],[32.38493,36.04532],[32.50374,35.9491],[32.62255,35.9491],[32.74136,35.9491],[33.69185,36.04532],[34.1671,36.14154],[35.71165,36.52642],[36.66214,36.81507],[36.89976,36.91129],[36.89976,37.00751],[36.89976,37.10373],[36.89976,37.19995],[36.89976,37.29617],[36.89976,37.39238],[36.89976,37.4886],[36.78095,37.68104],[36.30571,37.87348],[36.1869,37.87348],[36.06808,37.87348],[35.94927,37.87348],[35.83046,37.87348],[35.35522,37.77726],[32.1473,37.10373],[32.02849,36.81507],[32.02849,36.71885],[32.02849,36.62263],[32.02849,36.52642]]],[[[32.02849,36.4302],[32.38493,36.04532],[32.50374,35.9491],[32.62255,35.9491],[32.74136,35.9491],[33.69185,36.04532],[34.1671,36.14154],[35.71165,36.52642],[36.78095,36.91129],[36.89976,37.00751],[36.89976,37.10373],[36.89976,37.19995],[36.89976,37.39238],[36.89976,37.4886],[36.78095,37.68104],[36.1869,37.87348],[35.47403,37.77726],[32.26612,37.10373],[32.1473,36.81507],[32.02849,36.52642],[32.02849,36.4302]]],[[[32.02849,36.4302],[32.38493,36.04532],[32.50374,35.9491],[32.62255,35.9491],[33.69185,36.04532],[35.59284,36.52642],[36.78095,36.91129],[36.89976,37.00751],[36.89976,37.10373],[36.78095,37.4886],[36.66214,37.58482],[36.54333,37.68104],[35.83046,37.77726],[35.71165,37.77726],[35.59284,37.77726],[32.74136,37.10373],[32.38493,37.00751],[32.26612,36.91129],[32.1473,36.71885],[32.02849,36.52642],[32.02849,36.4302]]],[[[32.1473,36.71885],[32.1473,36.62263],[32.1473,36.52642],[32.1473,36.4302],[32.1473,36.33398],[32.38493,36.04532],[32.50374,35.9491],[33.69185,36.04532],[35.59284,36.52642],[36.66214,36.91129],[36.78095,37.00751],[36.78095,37.10373],[36.66214,37.58482],[36.30571,37.68104],[36.1869,37.68104],[36.06808,37.68104],[35.94927,37.68104],[35.47403,37.68104],[35.35522,37.68104],[32.50374,37.00751],[32.38493,36.91129],[32.26612,36.81507],[32.1473,36.71885]]],[[[32.1473,36.62263],[32.1473,36.52642],[32.1473,36.4302],[32.1473,36.33398],[32.50374,35.9491],[33.69185,36.04532],[35.59284,36.52642],[35.83046,36.62263],[36.30571,36.81507],[36.78095,37.00751],[36.66214,37.39238],[36.30571,37.68104],[36.1869,37.68104],[36.06808,37.68104],[35.47403,37.58482],[34.87997,37.4886],[32.62255,37.00751],[32.26612,36.81507],[32.1473,36.62263]]],[[[32.1473,36.62263],[32.1473,36.52642],[32.1473,36.4302],[32.26612,36.23776],[32.38493,36.14154],[32.50374,36.04532],[32.62255,36.04532],[32.74136,36.04532],[32.86017,36.04532],[32.97899,36.04532],[33.0978,36.04532],[33.21661,36.04532],[33.33542,36.04532],[33.45423,36.04532],[33.57304,36.04532],[34.04829,36.14154],[35.59284,36.52642],[35.83046,36.62263],[36.54333,37.00751],[36.54333,37.10373],[36.54333,37.19995],[36.54333,37.39238],[36.06808,37.68104],[34.99878,37.4886],[34.52353,37.39238],[32.50374,36.81507],[32.26612,36.71885],[32.1473,36.62263]]],[[[32.50374,36.14154],[32.62255,36.04532],[32.74136,36.04532],[32.86017,36.04532],[32.97899,36.04532],[33.0978,36.04532],[33.21661,36.04532],[33.81067,36.14154],[35.47403,36.52642],[36.42452,37.00751],[36.54333,37.10373],[36.42452,37.19995],[36.30571,37.29617],[36.06808,37.39238],[35.2364,37.4886],[35.11759,37.4886],[34.52353,37.39238],[32.50374,36.71885],[32.38493,36.62263],[32.26612,36.33398],[32.38493,36.23776],[32.50374,36.14154]]]],"type":"MultiPolygon"},"properties":{"placeId":"ad1c917","name":"Hilakku","type":"region","landOrWater":"land","proposed":false,"role":"gc82ef6.isobands"}},{"type":"Feature","geometry":{"coordinates":[[[[35.45177,31.02662],[35.48621,30.99704],[36.03722,30.81953],[36.1061,31.02662],[36.14054,31.4704],[36.14054,31.49999],[36.14054,31.52957],[36.14054,31.55916],[36.14054,31.58874],[36.14054,31.61833],[36.14054,31.64791],[36.14054,31.6775],[36.14054,31.70708],[36.1061,31.73667],[36.00278,31.79584],[35.96835,31.79584],[35.93391,31.79584],[35.89947,31.79584],[35.72728,31.76625],[35.58952,31.73667],[35.41733,31.2633],[35.45177,31.02662]]],[[[35.45177,31.02662],[35.96835,30.84911],[36.00278,30.84911],[36.03722,30.90828],[36.1061,31.05621],[36.14054,31.55916],[36.14054,31.58874],[36.14054,31.61833],[36.14054,31.64791],[36.14054,31.6775],[36.14054,31.70708],[35.96835,31.79584],[35.93391,31.79584],[35.89947,31.79584],[35.72728,31.76625],[35.58952,31.73667],[35.41733,31.2633],[35.45177,31.02662]]],[[[35.58952,31.73667],[35.41733,31.2633],[35.45177,31.05621],[35.48621,31.02662],[35.96835,30.84911],[36.00278,30.8787],[36.03722,30.93787],[36.07166,31.02662],[36.1061,31.32247],[36.1061,31.49999],[36.03722,31.6775],[36.00278,31.73667],[35.96835,31.76625],[35.93391,31.76625],[35.89947,31.76625],[35.86503,31.76625],[35.83059,31.76625],[35.76172,31.76625],[35.72728,31.76625],[35.58952,31.73667]]],[[[35.69284,31.73667],[35.6584,31.73667],[35.62396,31.73667],[35.58952,31.73667],[35.41733,31.2633],[35.45177,31.05621],[35.48621,31.02662],[35.96835,30.84911],[36.00278,30.8787],[36.03722,31.02662],[36.1061,31.32247],[36.07166,31.49999],[36.00278,31.6775],[35.96835,31.73667],[35.93391,31.73667],[35.89947,31.73667],[35.86503,31.73667],[35.83059,31.73667],[35.79615,31.73667],[35.76172,31.73667],[35.72728,31.73667],[35.69284,31.73667]]],[[[35.93391,31.73667],[35.89947,31.73667],[35.86503,31.73667],[35.83059,31.73667],[35.79615,31.73667],[35.76172,31.73667],[35.72728,31.73667],[35.69284,31.73667],[35.6584,31.73667],[35.62396,31.73667],[35.58952,31.73667],[35.41733,31.2633],[35.45177,31.05621],[35.48621,31.02662],[35.96835,30.84911],[36.00278,30.93787],[36.03722,31.05621],[36.07166,31.29289],[36.07166,31.32247],[36.07166,31.35206],[36.03722,31.49999],[35.96835,31.73667],[35.93391,31.73667]]],[[[35.96835,31.73667],[35.93391,31.73667],[35.89947,31.73667],[35.86503,31.73667],[35.83059,31.73667],[35.79615,31.73667],[35.76172,31.73667],[35.72728,31.73667],[35.69284,31.73667],[35.6584,31.73667],[35.62396,31.73667],[35.58952,31.73667],[35.41733,31.2633],[35.45177,31.05621],[35.48621,31.02662],[35.96835,30.84911],[36.03722,31.17455],[36.03722,31.20413],[36.03722,31.2633],[36.03722,31.29289],[36.03722,31.32247],[36.03722,31.35206],[35.96835,31.73667]]],[[[35.69284,31.6775],[35.6584,31.64791],[35.48621,31.38164],[35.45177,31.29289],[35.45177,31.2633],[35.45177,31.23372],[35.45177,31.05621],[35.48621,31.02662],[35.96835,30.84911],[36.00278,31.02662],[36.03722,31.2633],[36.03722,31.29289],[36.03722,31.32247],[36.03722,31.35206],[35.96835,31.6775],[35.86503,31.73667],[35.83059,31.73667],[35.79615,31.73667],[35.69284,31.6775]]],[[[35.96835,31.6775],[35.83059,31.73667],[35.6584,31.64791],[35.48621,31.38164],[35.45177,31.29289],[35.45177,31.2633],[35.45177,31.23372],[35.48621,31.02662],[35.86503,30.90828],[35.89947,30.90828],[36.00278,31.05621],[36.03722,31.2633],[36.03722,31.29289],[36.03722,31.32247],[35.96835,31.6775]]],[[[35.69284,31.64791],[35.62396,31.55916],[35.48621,31.38164],[35.45177,31.29289],[35.45177,31.2633],[35.45177,31.23372],[35.48621,31.05621],[35.52065,31.02662],[35.76172,30.96745],[35.79615,30.96745],[35.83059,30.96745],[35.86503,30.96745],[35.89947,30.96745],[35.93391,30.96745],[35.96835,31.02662],[36.03722,31.2633],[36.03722,31.29289],[36.03722,31.32247],[35.89947,31.64791],[35.86503,31.6775],[35.83059,31.6775],[35.79615,31.6775],[35.76172,31.6775],[35.69284,31.64791]]]],"type":"MultiPolygon"},"properties":{"placeId":"a2a444a","name":"Holon 2","type":"settlement","landOrWater":"land","proposed":true,"role":"g228665.isobands"}},{"type":"Feature","geometry":{"coordinates":[[[35.46444,33.67133],[35.40797,33.66885],[35.35212,33.66145],[35.29752,33.64921],[35.24478,33.63226],[35.19448,33.61079],[35.14718,33.58505],[35.1034,33.55531],[35.06361,33.52191],[35.02827,33.48521],[34.99775,33.44563],[34.97237,33.40359],[34.95243,33.35957],[34.93812,33.31405],[34.92959,33.26753],[34.92694,33.22051],[34.93017,33.17352],[34.93924,33.12707],[34.95405,33.08167],[34.97443,33.03781],[35.00014,32.99597],[35.0309,32.95661],[35.06636,32.92015],[35.10614,32.88699],[35.14981,32.85749],[35.19688,32.83196],[35.24684,32.81069],[35.29915,32.79391],[35.35325,32.78178],[35.40854,32.77446],[35.46444,32.77201],[35.52034,32.77446],[35.57564,32.78178],[35.62974,32.79391],[35.68205,32.81069],[35.73201,32.83196],[35.77908,32.85749],[35.82274,32.88699],[35.86253,32.92015],[35.89799,32.95661],[35.92875,32.99597],[35.95446,33.03781],[35.97484,33.08167],[35.98965,33.12707],[35.99872,33.17352],[36.00195,33.22051],[35.9993,33.26753],[35.99077,33.31405],[35.97646,33.35957],[35.95651,33.40359],[35.93114,33.44563],[35.90062,33.48521],[35.86527,33.52191],[35.82549,33.55531],[35.78171,33.58505],[35.73441,33.61079],[35.68411,33.63226],[35.63136,33.64921],[35.57677,33.66145],[35.52092,33.66885],[35.46444,33.67133]]],"type":"Polygon"},"properties":{"placeId":"a9cdd53","name":"Horem","type":"settlement","landOrWater":"land","proposed":true,"role":"g750f22.geometry"}},{"type":"Feature","geometry":{"coordinates":[[34.535437,30.074034],[34.540758,30.06902],[34.548912,30.068945],[34.558439,30.059363],[34.571142,30.063189],[34.57449,30.062149],[34.57891,30.057729],[34.581514,30.057321],[34.589217,30.063561],[34.610384,30.065684],[34.624365,30.076362],[34.64077,30.0779],[34.648841,30.081801],[34.655589,30.081001],[34.663363,30.083138],[34.67236,30.082579],[34.6978,30.09184],[34.700676,30.097119],[34.705949,30.099766],[34.707754,30.107474],[34.710735,30.110955],[34.712056,30.116585],[34.716895,30.122093],[34.718502,30.123178],[34.72318,30.122657],[34.725174,30.127175],[34.732492,30.127438],[34.735304,30.129067],[34.732685,30.139774],[34.735575,30.145478],[34.749624,30.151415],[34.752031,30.154765],[34.752846,30.160035],[34.757928,30.163373],[34.763466,30.164731],[34.765789,30.170885],[34.772544,30.178002],[34.768911,30.182294],[34.769886,30.188361],[34.776062,30.192195],[34.781509,30.191462],[34.784586,30.195941],[34.786558,30.204273],[34.791315,30.210385],[34.794791,30.220291],[34.806095,30.223987],[34.810079,30.227896],[34.811301,30.231878],[34.809912,30.239761],[34.812689,30.244087],[34.816973,30.246775],[34.83014,30.24522],[34.834957,30.247205],[34.831864,30.251547],[34.823633,30.251998],[34.820459,30.253398],[34.81742,30.258267],[34.818168,30.260074],[34.824904,30.263873],[34.826407,30.272679],[34.829326,30.273649],[34.832694,30.277429],[34.847628,30.283003],[34.853316,30.291517],[34.852659,30.294138],[34.850367,30.293968],[34.848629,30.295478],[34.849081,30.299065],[34.853882,30.301685],[34.856829,30.300426],[34.864677,30.307014],[34.87519,30.310296],[34.882177,30.327994],[34.898208,30.337021],[34.903339,30.334201],[34.906283,30.330486],[34.908548,30.330156],[34.912852,30.333113],[34.918152,30.340261],[34.920512,30.340779],[34.928237,30.338446],[34.932529,30.338594],[34.937814,30.330444],[34.951595,30.323722],[34.957841,30.325317],[34.967633,30.332859],[34.972264,30.330896],[34.973972,30.325368],[34.975369,30.324558],[34.979712,30.323536],[34.989233,30.324124],[34.991991,30.326961],[35.009638,30.318737],[35.019585,30.317608],[35.030136,30.32216],[35.051869,30.347893],[35.10844,30.362035],[35.148719,30.389791],[35.158944,30.395079],[35.162826,30.400337]],"type":"LineString"},"properties":{"placeId":"a5e36e6","name":"Hor-haggidgad","type":"campsite","landOrWater":"land","proposed":true,"role":"g9beb4a.simplified"}},{"type":"Feature","geometry":{"coordinates":[[[35.10222,31.65099],[35.08676,31.6503],[35.07147,31.64824],[35.05652,31.64482],[35.04207,31.64009],[35.02828,31.6341],[35.01531,31.62692],[35.00329,31.61861],[34.99236,31.60929],[34.98263,31.59904],[34.97422,31.58798],[34.96721,31.57623],[34.96169,31.56392],[34.9577,31.55118],[34.9553,31.53816],[34.95452,31.525],[34.95535,31.51184],[34.95778,31.49883],[34.9618,31.4861],[34.96736,31.47381],[34.97439,31.46207],[34.98282,31.45103],[34.99255,31.44079],[35.00349,31.43148],[35.0155,31.4232],[35.02845,31.41603],[35.04222,31.41005],[35.05664,31.40534],[35.07155,31.40193],[35.0868,31.39987],[35.10222,31.39918],[35.11764,31.39987],[35.13289,31.40193],[35.1478,31.40534],[35.16222,31.41005],[35.17599,31.41603],[35.18894,31.4232],[35.20095,31.43148],[35.21189,31.44079],[35.22162,31.45103],[35.23005,31.46207],[35.23708,31.47381],[35.24264,31.4861],[35.24666,31.49883],[35.24909,31.51184],[35.24992,31.525],[35.24914,31.53816],[35.24674,31.55118],[35.24275,31.56392],[35.23723,31.57623],[35.23022,31.58798],[35.22181,31.59904],[35.21208,31.60929],[35.20115,31.61861],[35.18913,31.62692],[35.17616,31.6341],[35.16237,31.64009],[35.14792,31.64482],[35.13297,31.64824],[35.11768,31.6503],[35.10222,31.65099]]],"type":"Polygon"},"properties":{"placeId":"a5a846f","name":"Humtah","type":"settlement","landOrWater":"land","proposed":true,"role":"g89ebff.geometry"}},{"type":"Feature","geometry":{"coordinates":[[[34.860216,31.745623],[34.512165,31.381663],[34.774822,31.24537],[35.372166,31.183454],[35.454223,31.699954],[34.860216,31.745623]]],"type":"Polygon"},"properties":{"placeId":"a2517a0","name":"Idumea","type":"region","landOrWater":"land","proposed":false,"role":"g5e98fb.geometry"}},{"type":"Feature","geometry":{"coordinates":[[[[14.26116,45.31599],[14.26116,45.20259],[15.31613,44.06862],[16.37109,43.50164],[19.38528,42.02749],[19.53599,42.14088],[19.6867,42.25428],[19.83741,42.36768],[19.98812,42.48107],[20.13882,42.59447],[19.98812,43.04806],[19.23457,44.18202],[18.78244,44.8624],[16.37109,45.54278],[14.41187,45.42938],[14.26116,45.31599]]],[[[16.37109,45.31599],[15.31613,44.9758],[15.46684,44.40881],[15.76826,44.06862],[15.91897,43.95523],[16.06967,43.84183],[18.63173,42.48107],[19.08386,42.25428],[19.6867,42.36768],[19.83741,42.59447],[19.83741,42.82126],[19.23457,44.06862],[18.1796,44.8624],[16.37109,45.31599]]],[[[15.91897,44.9758],[15.61755,44.8624],[15.61755,44.749],[15.76826,44.18202],[16.37109,43.72843],[17.87819,42.93466],[18.63173,42.59447],[19.6867,42.36768],[19.6867,42.48107],[19.6867,42.59447],[19.08386,43.72843],[18.93315,43.84183],[18.78244,43.95523],[18.63173,44.06862],[17.42606,44.8624],[17.12464,44.9758],[16.97393,44.9758],[16.82322,44.9758],[16.67251,44.9758],[16.5218,44.9758],[16.37109,44.9758],[16.22038,44.9758],[16.06967,44.9758],[15.91897,44.9758]]],[[[15.76826,44.8624],[15.61755,44.749],[15.91897,44.29542],[16.06967,44.06862],[16.22038,43.95523],[16.37109,43.84183],[16.5218,43.72843],[17.12464,43.38825],[18.1796,42.82126],[18.78244,42.59447],[18.93315,42.70787],[18.93315,42.82126],[18.93315,42.93466],[18.93315,43.72843],[18.63173,44.06862],[17.27535,44.8624],[16.82322,44.9758],[16.67251,44.9758],[16.5218,44.9758],[16.37109,44.9758],[16.22038,44.9758],[16.06967,44.9758],[15.91897,44.9758],[15.76826,44.8624]]],[[[16.06967,44.06862],[16.22038,43.95523],[16.37109,43.84183],[16.5218,43.72843],[16.97393,43.50164],[18.1796,42.93466],[18.33031,42.93466],[18.63173,43.38825],[18.63173,43.84183],[18.63173,43.95523],[18.48102,44.06862],[17.57677,44.63561],[17.12464,44.8624],[16.22038,44.9758],[16.06967,44.9758],[15.91897,44.8624],[15.76826,44.749],[16.06967,44.06862]]],[[[16.97393,44.749],[16.5218,44.8624],[16.37109,44.8624],[16.22038,44.8624],[16.06967,44.8624],[15.91897,44.749],[15.91897,44.63561],[16.37109,43.95523],[16.5218,43.84183],[16.67251,43.72843],[17.27535,43.38825],[17.42606,43.38825],[17.57677,43.38825],[17.72748,43.38825],[18.63173,43.84183],[18.48102,43.95523],[18.33031,44.06862],[16.97393,44.749]]],[[[16.22038,44.8624],[15.91897,44.749],[16.5218,43.84183],[16.67251,43.72843],[16.82322,43.72843],[16.97393,43.72843],[17.12464,43.72843],[17.27535,43.72843],[17.42606,43.72843],[17.57677,43.72843],[17.72748,43.72843],[18.0289,43.72843],[18.1796,43.84183],[16.67251,44.749],[16.37109,44.8624],[16.22038,44.8624]]],[[[17.12464,44.06862],[17.12464,43.95523],[17.27535,43.72843],[17.57677,43.84183],[17.42606,43.95523],[17.12464,44.06862]]]],"type":"MultiPolygon"},"properties":{"placeId":"ac405c0","name":"Illyricum","type":"region","landOrWater":"land","proposed":false,"role":"g857eea.isobands"}},{"type":"Feature","geometry":{"coordinates":[[[[43.05808,34.00047],[40.85894,33.59109],[43.21516,31.54421],[43.37224,31.40775],[46.35679,30.45254],[46.82804,30.31608],[47.77052,30.72546],[48.87009,31.54421],[48.87009,31.68067],[48.87009,31.81713],[46.82804,34.00047],[46.67095,34.00047],[46.51387,34.00047],[46.35679,34.00047],[46.19971,34.00047],[46.04263,34.00047],[45.88555,34.00047],[45.72847,34.00047],[45.57138,34.00047],[45.4143,34.00047],[45.25722,34.00047],[45.10014,34.00047],[44.94306,34.00047],[44.78598,34.00047],[44.62889,34.00047],[44.47181,34.00047],[44.31473,34.00047],[44.15765,34.00047],[44.00057,34.00047],[43.84349,34.00047],[43.68641,34.00047],[43.52932,34.00047],[43.37224,34.00047],[43.21516,34.00047],[43.05808,34.00047]]],[[[43.21516,33.86401],[43.05808,33.86401],[42.74392,32.2265],[43.21516,31.54421],[44.00057,31.40775],[46.98512,30.99837],[47.1422,31.13483],[47.61344,31.54421],[47.61344,31.68067],[47.61344,31.81713],[46.82804,33.31817],[43.52932,33.86401],[43.37224,33.86401],[43.21516,33.86401]]],[[[43.21516,33.86401],[43.05808,33.59109],[43.21516,31.81713],[43.68641,31.54421],[45.10014,31.27129],[46.98512,31.13483],[47.1422,31.13483],[47.1422,31.54421],[47.1422,31.81713],[46.98512,32.2265],[46.51387,33.31817],[43.21516,33.86401]]],[[[43.52932,33.72755],[43.37224,33.72755],[43.21516,33.72755],[43.21516,32.2265],[43.21516,32.09004],[43.21516,31.95358],[43.37224,31.81713],[43.68641,31.54421],[46.98512,31.27129],[47.1422,31.54421],[46.82804,32.2265],[45.72847,33.18171],[45.4143,33.31817],[43.52932,33.72755]]],[[[46.82804,32.09004],[46.51387,32.36296],[46.04263,32.77234],[45.88555,32.9088],[45.57138,33.04525],[45.10014,33.18171],[44.62889,33.31817],[44.15765,33.45463],[44.00057,33.45463],[43.84349,33.45463],[43.68641,33.45463],[43.21516,32.09004],[43.37224,31.81713],[43.68641,31.68067],[44.31473,31.54421],[44.62889,31.54421],[44.78598,31.54421],[44.94306,31.54421],[45.57138,31.54421],[45.72847,31.54421],[45.88555,31.54421],[46.04263,31.54421],[46.19971,31.54421],[46.35679,31.54421],[46.51387,31.54421],[46.67095,31.54421],[46.82804,31.54421],[46.98512,31.54421],[46.98512,31.68067],[46.82804,32.09004]]],[[[45.88555,31.54421],[46.04263,31.54421],[46.19971,31.54421],[46.35679,31.54421],[46.51387,31.54421],[46.67095,31.54421],[46.82804,31.54421],[46.82804,31.68067],[46.82804,31.81713],[46.82804,31.95358],[46.67095,32.09004],[46.35679,32.36296],[46.04263,32.63588],[45.72847,32.9088],[44.94306,33.18171],[44.15765,33.45463],[44.00057,33.45463],[43.84349,33.45463],[43.68641,32.09004],[43.68641,31.95358],[43.68641,31.81713],[44.00057,31.68067],[44.62889,31.54421],[44.78598,31.54421],[45.88555,31.54421]]],[[[43.84349,32.09004],[43.68641,31.81713],[46.35679,31.54421],[46.51387,31.54421],[46.67095,31.54421],[46.82804,31.54421],[46.82804,31.81713],[46.67095,32.09004],[45.57138,32.9088],[45.25722,33.04525],[44.94306,33.18171],[44.78598,33.18171],[44.62889,33.04525],[43.84349,32.09004]]],[[[44.78598,33.04525],[44.00057,32.09004],[43.84349,31.81713],[46.51387,31.54421],[46.67095,31.54421],[46.82804,31.54421],[46.67095,32.09004],[44.94306,33.04525],[44.78598,33.04525]]],[[[44.15765,32.09004],[44.47181,31.81713],[46.67095,31.54421],[46.67095,31.68067],[46.67095,32.09004],[45.57138,32.36296],[45.4143,32.36296],[44.78598,32.2265],[44.15765,32.09004]]]],"type":"MultiPolygon"},"properties":{"placeId":"ae4d198","name":"Immer","type":"settlement","landOrWater":"land","proposed":true,"role":"g523915.isobands"}},{"type":"Feature","geometry":{"coordinates":[[[[66.06272,25.85951],[66.5123,25.65374],[68.08585,25.44797],[71.90732,27.09415],[71.90732,27.29992],[71.90732,27.50569],[71.90732,27.71146],[71.00815,31.82691],[70.55856,32.03268],[70.10898,32.23846],[69.4346,32.44423],[69.20981,32.44423],[68.53543,31.62114],[65.83793,28.12301],[65.61314,27.09415],[65.83793,26.06529],[66.06272,25.85951]]],[[[68.76023,30.79805],[68.53543,30.59228],[68.31064,30.3865],[68.08585,30.18073],[66.5123,28.74033],[66.28751,28.53455],[66.06272,27.29992],[66.28751,26.6826],[66.5123,26.47683],[67.18668,26.27106],[70.78335,27.09415],[70.55856,30.3865],[68.76023,30.79805]]],[[[66.96189,28.53455],[66.7371,27.91724],[66.5123,27.29992],[66.5123,27.09415],[66.7371,26.88837],[67.18668,26.6826],[67.41147,26.6826],[69.65939,27.09415],[70.33377,29.56342],[70.33377,29.97496],[69.4346,30.3865],[68.76023,30.59228],[68.53543,30.59228],[68.31064,30.3865],[67.86106,29.76919],[67.41147,29.15187],[66.96189,28.53455]]],[[[66.96189,28.12301],[66.96189,27.91724],[67.18668,27.09415],[69.88419,29.76919],[69.65939,29.97496],[69.4346,30.18073],[69.20981,30.3865],[68.98502,30.3865],[68.76023,30.3865],[68.53543,30.3865],[67.63627,29.35764],[67.41147,28.9461],[67.18668,28.53455],[66.96189,28.12301]]],[[[68.53543,30.18073],[67.18668,28.53455],[67.41147,28.53455],[67.63627,28.53455],[67.86106,28.53455],[68.08585,28.74033],[69.4346,30.18073],[68.98502,30.3865],[68.76023,30.3865],[68.53543,30.18073]]]],"type":"MultiPolygon"},"properties":{"placeId":"a878481","name":"India","type":"region","landOrWater":"land","proposed":false,"role":"g323d81.isobands"}},{"type":"Feature","geometry":{"coordinates":[[[15.603471,38.23356],[15.612656,38.022486],[15.76486,37.896897],[16.112317,37.921506],[16.193108,38.126258],[16.607679,38.435688],[16.626063,38.813921],[16.96499,38.93],[17.097358,38.870382],[17.245159,39.03303],[17.148344,39.083734],[17.188978,39.398457],[16.792838,39.641921],[16.562413,39.662237],[16.512389,39.788507],[16.664824,39.946889],[16.62814,40.093455],[16.962518,40.476567],[17.081803,40.512386],[17.522412,40.281127],[17.865766,40.255103],[17.972773,39.990024],[18.346974,39.781803],[18.527179,40.094239],[18.445305,40.292343],[18.020336,40.65034],[15.970077,41.474078],[15.916154,41.609377],[16.21987,41.78828],[16.091703,41.972387],[15.348388,41.921834],[14.73358,42.099799],[14.038028,42.677779],[13.639907,43.558954],[12.481401,44.158995],[12.351979,44.352202],[12.259643,44.744216],[12.297021,44.837173],[12.414517,44.786068],[12.582459,44.96806],[12.336767,45.184725],[12.343399,45.342245],[13.175226,45.709535],[13.406182,45.666926],[13.571225,45.757933],[13.704425,45.656902],[13.686434,45.566871],[13.45829,45.531047],[13.583523,45.045233],[13.907232,44.747846],[14.031006,44.779095],[14.101594,44.939188],[14.177197,44.924535],[14.209826,45.62214],[14.606602,46.668979],[8.621098,46.60395],[7.086238,45.739431],[7.199822,44.893686],[7.086235,44.3085],[7.558748,43.771314],[8.197428,43.941879],[8.494798,44.269825],[8.768272,44.408925],[9.259749,44.31779],[9.83391,44.0213],[10.000518,44.023497],[10.216034,43.87919],[10.265888,43.516184],[10.471246,43.27366],[10.487486,43.140466],[10.433977,42.9515],[10.082874,42.858974],[10.070526,42.701348],[10.436536,42.679538],[10.75455,42.77298],[11.138316,42.537475],[11.064206,42.409186],[11.589155,42.303305],[11.833035,42.016338],[12.625066,41.430341],[12.90115,41.383792],[13.057968,41.201519],[13.256653,41.271818],[13.559272,41.188611],[13.671858,41.236394],[14.015041,40.896207],[14.021325,40.799572],[13.842016,40.777586],[13.833307,40.705725],[14.271676,40.822147],[14.472372,40.707888],[14.15814,40.567975],[14.187855,40.520347],[14.772882,40.674225],[14.994539,40.373288],[14.890156,40.248457],[15.390517,39.986943],[15.623158,40.069508],[15.789726,39.868],[16.222614,38.858495],[16.114349,38.720974],[15.854024,38.667653],[15.926044,38.547112],[15.837249,38.361169],[15.603471,38.23356]]],"type":"Polygon"},"properties":{"placeId":"a7184a7","name":"Italy","type":"region","landOrWater":"land","proposed":false,"role":"g776ba1.simplified"}},{"type":"Feature","geometry":{"coordinates":[[[35.02361,31.93104],[35.01253,31.93055],[35.00158,31.92908],[34.99087,31.92664],[34.98051,31.92326],[34.97063,31.91898],[34.96134,31.91385],[34.95272,31.90792],[34.94489,31.90126],[34.93792,31.89394],[34.93189,31.88604],[34.92686,31.87765],[34.9229,31.86886],[34.92004,31.85977],[34.91832,31.85047],[34.91775,31.84107],[34.91834,31.83167],[34.92008,31.82237],[34.92296,31.81328],[34.92694,31.8045],[34.93198,31.79611],[34.93802,31.78822],[34.94499,31.78091],[34.95283,31.77426],[34.96144,31.76834],[34.97072,31.76322],[34.98059,31.75895],[34.99093,31.75558],[35.00162,31.75314],[35.01256,31.75167],[35.02361,31.75118],[35.03467,31.75167],[35.0456,31.75314],[35.05629,31.75558],[35.06663,31.75895],[35.0765,31.76322],[35.08579,31.76834],[35.0944,31.77426],[35.10223,31.78091],[35.10921,31.78822],[35.11525,31.79611],[35.12028,31.8045],[35.12426,31.81328],[35.12714,31.82237],[35.12888,31.83167],[35.12947,31.84107],[35.1289,31.85047],[35.12718,31.85977],[35.12432,31.86886],[35.12036,31.87765],[35.11534,31.88604],[35.1093,31.89394],[35.10233,31.90126],[35.0945,31.90792],[35.08588,31.91385],[35.07659,31.91898],[35.06671,31.92326],[35.05635,31.92664],[35.04564,31.92908],[35.03469,31.93055],[35.02361,31.93104]]],"type":"Polygon"},"properties":{"placeId":"abf8060","name":"Ithlah","type":"settlement","landOrWater":"land","proposed":true,"role":"gc93cda.geometry"}},{"type":"Feature","geometry":{"coordinates":[[[[35.62006,33.33283],[35.62006,33.32254],[35.69367,33.16829],[35.70594,33.15801],[35.79182,33.15801],[35.93905,33.26084],[36.0372,33.33283],[36.04947,33.34311],[36.06174,33.35339],[36.07401,33.36368],[36.00039,33.55906],[35.90224,33.63104],[35.88997,33.63104],[35.8777,33.63104],[35.86543,33.63104],[35.85317,33.63104],[35.8409,33.63104],[35.73048,33.62076],[35.65686,33.55906],[35.62006,33.33283]]],[[[35.71821,33.55906],[35.6446,33.36368],[35.63233,33.32254],[35.76728,33.18886],[36.00039,33.52821],[36.00039,33.53849],[36.00039,33.54878],[36.00039,33.55906],[35.81636,33.62076],[35.80409,33.62076],[35.71821,33.55906]]],[[[35.73048,33.55906],[35.6446,33.34311],[35.6446,33.33283],[35.65686,33.33283],[35.66913,33.33283],[35.6814,33.33283],[35.70594,33.34311],[35.90224,33.51793],[35.91451,33.52821],[35.91451,33.53849],[35.91451,33.54878],[35.91451,33.55906],[35.82863,33.60019],[35.73048,33.55906]]],[[[35.74275,33.55906],[35.73048,33.54878],[35.66913,33.35339],[35.6814,33.35339],[35.69367,33.35339],[35.70594,33.36368],[35.90224,33.52821],[35.91451,33.53849],[35.85317,33.55906],[35.8409,33.55906],[35.82863,33.55906],[35.81636,33.55906],[35.80409,33.55906],[35.79182,33.55906],[35.77955,33.55906],[35.76728,33.55906],[35.74275,33.55906]]],[[[35.80409,33.55906],[35.75502,33.54878],[35.74275,33.53849],[35.74275,33.52821],[35.76728,33.51793],[35.77955,33.51793],[35.81636,33.51793],[35.82863,33.51793],[35.8409,33.53849],[35.80409,33.55906]]],[[[35.79182,33.53849],[35.79182,33.54878],[35.74275,33.53849],[35.77955,33.52821],[35.79182,33.53849]]]],"type":"MultiPolygon"},"properties":{"placeId":"aa9e265","name":"Ituraea","type":"region","landOrWater":"land","proposed":false,"role":"gb731f9.isobands"}},{"type":"Feature","geometry":{"coordinates":[[35.977104,31.986669],[35.986606,31.994936],[35.986411,31.999834],[35.998662,32.007732],[36.000974,32.014501],[36.00843,32.017547],[36.039985,32.019755],[36.048877,32.016651],[36.070918,32.021439],[36.082984,32.035673],[36.086568,32.053007],[36.073565,32.064519],[36.071933,32.074131],[36.063452,32.090576],[36.060464,32.110431],[36.057802,32.112712],[36.063472,32.126792],[36.058206,32.142885],[36.049978,32.147818],[36.039617,32.144343],[36.022673,32.153182],[36.02243,32.160949],[36.01151,32.167114],[36.011523,32.173976],[35.997685,32.18198],[35.998226,32.185173],[35.992904,32.191272],[35.996362,32.194081],[35.994511,32.202642],[35.990256,32.204146],[35.982787,32.205333],[35.975788,32.20222],[35.964013,32.187238],[35.943199,32.19379],[35.936728,32.191504],[35.9418,32.187597],[35.925642,32.19119],[35.918981,32.186286],[35.915455,32.189469],[35.916553,32.19377],[35.908048,32.195798],[35.905399,32.201305],[35.899901,32.200523],[35.902407,32.211568],[35.893589,32.214822],[35.889214,32.213396],[35.879899,32.218237],[35.873105,32.2146],[35.868066,32.215478],[35.869855,32.210151],[35.865479,32.205044],[35.859169,32.207291],[35.857895,32.200499],[35.853616,32.19969],[35.852064,32.20298],[35.847976,32.200074],[35.850738,32.196206],[35.841007,32.19735],[35.83693,32.19074],[35.813091,32.191667],[35.811675,32.18749],[35.805538,32.185383],[35.805237,32.190141],[35.794729,32.191402],[35.787995,32.185599],[35.785339,32.187989],[35.780896,32.184894],[35.778992,32.189498],[35.755439,32.182974],[35.708733,32.18721],[35.69877,32.186807],[35.697091,32.184235],[35.689505,32.188602],[35.687632,32.187564],[35.690263,32.184229],[35.68166,32.183874],[35.683521,32.18813],[35.679934,32.194384],[35.675702,32.192615],[35.663216,32.200231],[35.657786,32.19855],[35.658624,32.19251],[35.652049,32.193624],[35.645699,32.189914],[35.636207,32.193488],[35.637154,32.186269],[35.626334,32.184088],[35.626927,32.178277],[35.62126,32.172534],[35.60442,32.168683],[35.602937,32.154334],[35.596192,32.151449],[35.582004,32.137139],[35.582501,32.131341],[35.573989,32.123731],[35.575285,32.117367],[35.572898,32.113687],[35.5642,32.110342],[35.558757,32.111699],[35.551189,32.106606],[35.548733,32.113619],[35.543336,32.115891]],"type":"LineString"},"properties":{"placeId":"aca7bd9","name":"Jabbok","type":"river","landOrWater":"water","proposed":false,"role":"g907409.simplified"}},{"type":"Feature","geometry":{"coordinates":[[[35.20764,31.74927],[35.20211,31.74903],[35.19664,31.74829],[35.1913,31.74707],[35.18613,31.74538],[35.1812,31.74324],[35.17656,31.74068],[35.17226,31.73772],[35.16835,31.73439],[35.16487,31.73073],[35.16186,31.72678],[35.15935,31.72259],[35.15737,31.71819],[35.15594,31.71364],[35.15507,31.709],[35.15479,31.7043],[35.15508,31.69959],[35.15595,31.69495],[35.15738,31.6904],[35.15936,31.68601],[35.16188,31.68181],[35.16489,31.67787],[35.16837,31.67421],[35.17229,31.67088],[35.17658,31.66792],[35.18122,31.66536],[35.18615,31.66323],[35.19131,31.66154],[35.19666,31.66032],[35.20212,31.65959],[35.20764,31.65934],[35.21316,31.65959],[35.21862,31.66032],[35.22396,31.66154],[35.22913,31.66323],[35.23405,31.66536],[35.23869,31.66792],[35.24299,31.67088],[35.2469,31.67421],[35.25039,31.67787],[35.2534,31.68181],[35.25591,31.68601],[35.2579,31.6904],[35.25933,31.69495],[35.2602,31.69959],[35.26049,31.7043],[35.26021,31.709],[35.25934,31.71364],[35.25791,31.71819],[35.25593,31.72259],[35.25342,31.72678],[35.25041,31.73073],[35.24693,31.73439],[35.24302,31.73772],[35.23872,31.74068],[35.23408,31.74324],[35.22915,31.74538],[35.22398,31.74707],[35.21863,31.74829],[35.21317,31.74903],[35.20764,31.74927]]],"type":"Polygon"},"properties":{"placeId":"aedf531","name":"Jabez","type":"settlement","landOrWater":"land","proposed":true,"role":"gdf3ad7.geometry"}},{"type":"Feature","geometry":{"coordinates":[[[26.735359,38.764064],[26.648409,38.603471],[26.453462,38.73243],[25.741247,38.597024],[25.806193,38.199685],[25.97343,38.097837],[26.235108,38.212278],[26.648107,38.04684],[26.696387,38.159063],[26.789718,38.124994],[26.845326,37.978778],[26.970734,38.022208],[27.145711,37.940732],[27.222125,37.940795],[27.183986,37.867593],[27.233102,37.777239],[27.146061,37.721228],[27.069583,37.83302],[26.786147,37.845115],[26.49259,37.761786],[26.547856,37.680336],[26.613723,37.616155],[26.722117,37.659766],[26.804351,37.548213],[26.939779,37.617544],[27.157335,37.488797],[27.606775,37.462857],[27.531916,38.751817],[26.735359,38.764064]]],"type":"Polygon"},"properties":{"placeId":"a116c5c","name":"Javan","type":"region","landOrWater":"land","proposed":false,"role":"g8e7709.geometry"}},{"type":"Feature","geometry":{"coordinates":[[[[35.24585,31.57983],[35.22445,31.50073],[35.22445,31.49465],[35.24585,31.48856],[35.28865,31.48248],[35.29578,31.48248],[35.30291,31.48248],[35.31004,31.48248],[35.31718,31.48248],[35.32431,31.48248],[35.33144,31.48248],[35.33858,31.48248],[35.34571,31.48248],[35.35284,31.48248],[35.38137,31.56766],[35.38851,31.592],[35.38851,31.59809],[35.38851,31.60417],[35.38851,31.61026],[35.38851,31.61634],[35.38851,31.62242],[35.38851,31.64676],[35.38851,31.65285],[35.36711,31.65893],[35.33858,31.66502],[35.33144,31.66502],[35.32431,31.66502],[35.26011,31.61634],[35.25298,31.60417],[35.24585,31.57983]]],[[[35.23872,31.50681],[35.23872,31.50073],[35.23872,31.49465],[35.28865,31.48248],[35.29578,31.48248],[35.30291,31.48248],[35.37424,31.56766],[35.38137,31.59809],[35.37424,31.65285],[35.28865,31.62242],[35.28151,31.61634],[35.27438,31.61026],[35.25298,31.56766],[35.23872,31.50681]]],[[[35.34571,31.62242],[35.33858,31.62242],[35.33144,31.62242],[35.32431,31.62242],[35.31718,31.62242],[35.31004,31.62242],[35.28865,31.61634],[35.27438,31.51898],[35.35284,31.57375],[35.35998,31.61634],[35.35998,31.62242],[35.35284,31.62242],[35.34571,31.62242]]],[[[35.31004,31.61026],[35.30291,31.60417],[35.29578,31.58592],[35.29578,31.57983],[35.29578,31.57375],[35.29578,31.56766],[35.30291,31.56766],[35.31004,31.56766],[35.31718,31.56766],[35.32431,31.56766],[35.33858,31.57375],[35.34571,31.57983],[35.35284,31.59809],[35.35284,31.60417],[35.35284,31.61026],[35.35284,31.61634],[35.35284,31.62242],[35.34571,31.62242],[35.31004,31.61026]]],[[[35.29578,31.57375],[35.31004,31.56766],[35.31718,31.56766],[35.33144,31.57375],[35.35284,31.60417],[35.34571,31.60417],[35.33858,31.60417],[35.33144,31.60417],[35.32431,31.59809],[35.31718,31.592],[35.29578,31.57375]]]],"type":"MultiPolygon"},"properties":{"placeId":"a8ccbf2","name":"Jeruel","type":"region","landOrWater":"land","proposed":false,"role":"gf2ea0e.isobands"}},{"type":"Feature","geometry":{"coordinates":[[[[35.2131,31.38297],[35.2131,31.37544],[35.2131,31.36791],[35.2131,31.36039],[35.2131,31.30015],[35.2131,31.29262],[35.2131,31.2851],[35.2131,31.27757],[35.2131,31.27004],[35.23071,31.26251],[35.27475,31.25498],[35.35401,31.43568],[35.36282,31.46579],[35.36282,31.47332],[35.36282,31.48085],[35.36282,31.48838],[35.3452,31.5712],[35.32759,31.59379],[35.30117,31.60131],[35.29236,31.60131],[35.28356,31.60131],[35.27475,31.60131],[35.26594,31.60131],[35.25714,31.60131],[35.23952,31.56367],[35.22191,31.49591],[35.2131,31.45826],[35.2131,31.45073],[35.2131,31.44321],[35.2131,31.43568],[35.2131,31.42815],[35.2131,31.3905],[35.2131,31.38297]]],[[[35.2131,31.44321],[35.23071,31.26251],[35.27475,31.25498],[35.28356,31.27757],[35.30117,31.35286],[35.30998,31.3905],[35.31878,31.42815],[35.32759,31.46579],[35.3364,31.5185],[35.32759,31.5712],[35.31878,31.5712],[35.30998,31.5712],[35.30117,31.5712],[35.29236,31.5712],[35.28356,31.5712],[35.27475,31.5712],[35.26594,31.5712],[35.25714,31.5712],[35.24833,31.5712],[35.22191,31.48085],[35.2131,31.44321]]],[[[35.27475,31.51097],[35.23952,31.49591],[35.23071,31.48085],[35.23071,31.47332],[35.23071,31.46579],[35.23071,31.45826],[35.23071,31.45073],[35.23071,31.44321],[35.24833,31.35286],[35.29236,31.34533],[35.30117,31.36039],[35.32759,31.47332],[35.32759,31.48085],[35.32759,31.48838],[35.32759,31.49591],[35.29236,31.51097],[35.28356,31.51097],[35.27475,31.51097]]],[[[35.26594,31.48838],[35.25714,31.45826],[35.25714,31.45073],[35.25714,31.44321],[35.26594,31.42062],[35.27475,31.42062],[35.28356,31.42815],[35.29236,31.44321],[35.30117,31.49591],[35.29236,31.49591],[35.28356,31.49591],[35.27475,31.49591],[35.26594,31.48838]]]],"type":"MultiPolygon"},"properties":{"placeId":"ad41f6e","name":"Jeshimon","type":"region","landOrWater":"land","proposed":false,"role":"gffa031.isobands"}},{"type":"Feature","geometry":{"coordinates":[[[35.09,31.51073],[35.08228,31.51039],[35.07465,31.50935],[35.06718,31.50765],[35.05997,31.50528],[35.05308,31.50229],[35.0466,31.4987],[35.0406,31.49455],[35.03514,31.48989],[35.03028,31.48477],[35.02607,31.47924],[35.02257,31.47337],[35.01981,31.46721],[35.01781,31.46085],[35.01661,31.45434],[35.01621,31.44776],[35.01662,31.44118],[35.01783,31.43467],[35.01984,31.42831],[35.02261,31.42216],[35.02612,31.41629],[35.03033,31.41076],[35.03519,31.40564],[35.04065,31.40099],[35.04665,31.39684],[35.05313,31.39325],[35.06,31.39026],[35.06721,31.3879],[35.07467,31.3862],[35.08229,31.38517],[35.09,31.38483],[35.09771,31.38517],[35.10533,31.3862],[35.11279,31.3879],[35.12,31.39026],[35.12687,31.39325],[35.13335,31.39684],[35.13935,31.40099],[35.14481,31.40564],[35.14967,31.41076],[35.15388,31.41629],[35.15739,31.42216],[35.16016,31.42831],[35.16217,31.43467],[35.16338,31.44118],[35.16379,31.44776],[35.16339,31.45434],[35.16219,31.46085],[35.16019,31.46721],[35.15743,31.47337],[35.15393,31.47924],[35.14972,31.48477],[35.14486,31.48989],[35.1394,31.49455],[35.1334,31.4987],[35.12692,31.50229],[35.12003,31.50528],[35.11282,31.50765],[35.10535,31.50935],[35.09772,31.51039],[35.09,31.51073]]],"type":"Polygon"},"properties":{"placeId":"ad94cc9","name":"Jezreel 1","type":"settlement","landOrWater":"land","proposed":true,"role":"g554d91.geometry"}},{"type":"Feature","geometry":{"coordinates":[[[35.09,31.51073],[35.08228,31.51039],[35.07465,31.50935],[35.06718,31.50765],[35.05997,31.50528],[35.05308,31.50229],[35.0466,31.4987],[35.0406,31.49455],[35.03514,31.48989],[35.03028,31.48477],[35.02607,31.47924],[35.02257,31.47337],[35.01981,31.46721],[35.01781,31.46085],[35.01661,31.45434],[35.01621,31.44776],[35.01662,31.44118],[35.01783,31.43467],[35.01984,31.42831],[35.02261,31.42216],[35.02612,31.41629],[35.03033,31.41076],[35.03519,31.40564],[35.04065,31.40099],[35.04665,31.39684],[35.05313,31.39325],[35.06,31.39026],[35.06721,31.3879],[35.07467,31.3862],[35.08229,31.38517],[35.09,31.38483],[35.09771,31.38517],[35.10533,31.3862],[35.11279,31.3879],[35.12,31.39026],[35.12687,31.39325],[35.13335,31.39684],[35.13935,31.40099],[35.14481,31.40564],[35.14967,31.41076],[35.15388,31.41629],[35.15739,31.42216],[35.16016,31.42831],[35.16217,31.43467],[35.16338,31.44118],[35.16379,31.44776],[35.16339,31.45434],[35.16219,31.46085],[35.16019,31.46721],[35.15743,31.47337],[35.15393,31.47924],[35.14972,31.48477],[35.14486,31.48989],[35.1394,31.49455],[35.1334,31.4987],[35.12692,31.50229],[35.12003,31.50528],[35.11282,31.50765],[35.10535,31.50935],[35.09772,31.51039],[35.09,31.51073]]],"type":"Polygon"},"properties":{"placeId":"ac644e9","name":"Jezreel 3","type":"settlement","landOrWater":"land","proposed":true,"role":"g554d91.geometry"}},{"type":"Feature","geometry":{"coordinates":[[[34.84917,31.79011],[34.82152,31.78887],[34.79418,31.78518],[34.76744,31.77908],[34.7416,31.77063],[34.71695,31.75992],[34.69376,31.74708],[34.67229,31.73224],[34.65276,31.71557],[34.63539,31.69725],[34.62037,31.67749],[34.60787,31.6565],[34.59802,31.63451],[34.59093,31.61176],[34.58668,31.58851],[34.5853,31.56501],[34.58681,31.54151],[34.59119,31.51827],[34.5984,31.49556],[34.60834,31.47361],[34.62092,31.45266],[34.63599,31.43295],[34.65339,31.41469],[34.67292,31.39808],[34.69437,31.38329],[34.71751,31.3705],[34.74208,31.35984],[34.76781,31.35143],[34.79443,31.34535],[34.82165,31.34168],[34.84917,31.34045],[34.87668,31.34168],[34.9039,31.34535],[34.93052,31.35143],[34.95626,31.35984],[34.98083,31.3705],[35.00397,31.38329],[35.02542,31.39808],[35.04495,31.41469],[35.06234,31.43295],[35.07741,31.45266],[35.08999,31.47361],[35.09994,31.49556],[35.10714,31.51827],[35.11153,31.54151],[35.11304,31.56501],[35.11166,31.58851],[35.1074,31.61176],[35.10031,31.63451],[35.09046,31.6565],[35.07796,31.67749],[35.06295,31.69725],[35.04558,31.71557],[35.02605,31.73224],[35.00457,31.74708],[34.98138,31.75992],[34.95673,31.77063],[34.9309,31.77908],[34.90416,31.78518],[34.87682,31.78887],[34.84917,31.79011]]],"type":"Polygon"},"properties":{"placeId":"a45dd20","name":"Joktheel 1","type":"settlement","landOrWater":"land","proposed":true,"role":"gd370ed.geometry"}},{"type":"Feature","geometry":{"coordinates":[[35.61916,33.18645],[35.610403,33.165053],[35.627097,33.151602],[35.629627,33.139012],[35.621243,33.071613],[35.63096,33.035985],[35.624071,32.906789],[35.612225,32.900013],[35.611199,32.89245],[35.618909,32.890198],[35.579259,32.710794],[35.562705,32.702003],[35.570919,32.688577],[35.562945,32.689422],[35.556646,32.67516],[35.570185,32.653303],[35.560931,32.645618],[35.567942,32.641891],[35.560625,32.637686],[35.567867,32.632956],[35.561371,32.624688],[35.57233,32.614124],[35.5671,32.596645],[35.578145,32.596851],[35.576717,32.568515],[35.570319,32.565745],[35.577367,32.552217],[35.568371,32.550933],[35.571665,32.540148],[35.561183,32.544937],[35.559209,32.531704],[35.567186,32.525029],[35.552643,32.514755],[35.559922,32.507369],[35.562529,32.514516],[35.558356,32.502088],[35.575855,32.496624],[35.580232,32.487561],[35.565512,32.481058],[35.569991,32.477198],[35.562106,32.464576],[35.574127,32.45885],[35.566467,32.452866],[35.566129,32.435862],[35.555513,32.431027],[35.562449,32.424072],[35.551897,32.422405],[35.559171,32.418294],[35.56069,32.401025],[35.546463,32.400654],[35.563391,32.38385],[35.561242,32.363596],[35.552906,32.366234],[35.55959,32.348289],[35.553056,32.321909],[35.563774,32.309687],[35.555065,32.298299],[35.567765,32.283659],[35.557455,32.273209],[35.562658,32.250909],[35.57108,32.251054],[35.560867,32.241472],[35.564066,32.228787],[35.572733,32.229429],[35.566542,32.219445],[35.573902,32.211267],[35.562766,32.204477],[35.570332,32.191659],[35.558549,32.188616],[35.560129,32.173635],[35.553464,32.176938],[35.552101,32.170927],[35.55739,32.167603],[35.547734,32.166504],[35.560698,32.150883],[35.543776,32.142406],[35.551189,32.128342],[35.532467,32.107033],[35.546061,32.082252],[35.533605,32.076675],[35.529732,32.05038],[35.519164,32.047498],[35.522211,32.022341],[35.529155,32.018585],[35.522339,32.013944],[35.52893,32.008869],[35.525408,32.002754],[35.538829,31.995948],[35.532907,31.986366],[35.548343,31.968917],[35.541406,31.958096],[35.545813,31.935675],[35.52651,31.922692],[35.524321,31.907679],[35.534787,31.894454],[35.533036,31.881835],[35.54987,31.87273],[35.536454,31.856369],[35.548966,31.844008],[35.548697,31.823683],[35.53895,31.816223],[35.551522,31.796516],[35.547348,31.783135],[35.558531,31.758222]],"type":"LineString"},"properties":{"placeId":"ae686c9","name":"Jordan","type":"river","landOrWater":"water","proposed":false,"role":"ga8da80.simplified"}},{"type":"Feature","geometry":{"coordinates":[[[35.641497,31.738839],[35.701387,31.844513],[35.595213,31.965858],[35.668632,32.19519],[35.598618,32.350868],[35.635348,32.727494],[35.566054,32.71703],[35.575584,32.661326],[35.567754,32.623829],[35.519762,32.506111],[35.539992,32.362357],[35.556018,32.270368],[35.540053,32.197291],[35.489048,32.083101],[35.434166,32.030584],[35.447941,31.960009],[35.398864,31.951947],[35.377756,31.918242],[35.421166,31.893264],[35.430094,31.847714],[35.454051,31.779867],[35.494221,31.751456],[35.641497,31.738839]]],"type":"Polygon"},"properties":{"placeId":"aa54aa4","name":"Jordan Valley","type":"valley","landOrWater":"land","proposed":false,"role":"gda936b.geometry"}},{"type":"Feature","geometry":{"coordinates":[[[34.883215,32.562013],[34.855042,32.412566],[34.741444,32.044753],[34.59465,31.777872],[34.484398,31.617956],[34.539955,31.211483],[35.450015,31.243866],[35.55086,31.531459],[35.647488,31.595129],[35.596268,32.711386],[35.645996,32.866567],[35.628623,33.104068],[34.883215,32.562013]]],"type":"Polygon"},"properties":{"placeId":"a149f13","name":"Judea 1","type":"region","landOrWater":"land","proposed":false,"role":"g55ebd7.geometry"}},{"type":"Feature","geometry":{"coordinates":[[[[35.42894,32.02986],[35.4028,32.02986],[35.37665,32.02986],[35.35051,32.02986],[35.32437,32.02986],[35.29822,32.02986],[35.27208,32.02986],[35.24594,32.02986],[35.2198,32.02986],[35.19365,32.02986],[35.16751,32.02986],[35.14137,32.02986],[35.11523,32.02986],[35.08908,32.02986],[35.06294,32.02986],[35.0368,32.02986],[35.01065,32.02986],[34.98451,32.02986],[34.95837,32.02986],[34.93223,32.02986],[34.90608,32.02986],[34.87994,32.02986],[34.8538,32.02986],[34.8538,32.0075],[34.8538,31.98515],[34.8538,31.80628],[34.8538,31.78392],[34.8538,31.76157],[34.8538,31.73921],[34.8538,31.71685],[34.90608,31.60506],[34.93223,31.5827],[35.27208,31.47091],[35.35051,31.44855],[35.37665,31.44855],[35.4028,31.44855],[35.53351,31.76157],[35.53351,31.78392],[35.53351,31.80628],[35.53351,31.82864],[35.53351,31.851],[35.53351,31.87336],[35.53351,31.89571],[35.53351,31.91807],[35.48122,31.98515],[35.45508,32.0075],[35.42894,32.02986]]],[[[34.93223,31.60506],[34.98451,31.5827],[35.27208,31.47091],[35.35051,31.44855],[35.37665,31.44855],[35.4028,31.44855],[35.53351,31.76157],[35.53351,31.78392],[35.53351,31.80628],[35.53351,31.82864],[35.53351,31.851],[35.53351,31.87336],[35.53351,31.89571],[35.53351,31.91807],[35.45508,32.0075],[35.19365,32.02986],[35.16751,32.02986],[35.14137,32.02986],[35.11523,32.02986],[35.08908,32.02986],[35.06294,32.02986],[35.0368,32.02986],[35.01065,32.02986],[34.98451,32.02986],[34.95837,32.02986],[34.93223,32.02986],[34.90608,32.02986],[34.87994,32.02986],[34.8538,32.02986],[34.8538,31.78392],[34.87994,31.69449],[34.90608,31.64978],[34.93223,31.60506]]],[[[34.93223,31.62742],[34.95837,31.60506],[34.98451,31.5827],[35.35051,31.44855],[35.37665,31.44855],[35.4028,31.44855],[35.53351,31.76157],[35.53351,31.78392],[35.53351,31.80628],[35.53351,31.82864],[35.53351,31.851],[35.53351,31.87336],[35.53351,31.89571],[35.53351,31.91807],[35.19365,32.0075],[34.90608,32.02986],[34.87994,32.02986],[34.8538,32.02986],[34.87994,31.71685],[34.93223,31.62742]]],[[[34.87994,31.82864],[34.87994,31.80628],[34.87994,31.78392],[34.87994,31.76157],[34.87994,31.73921],[34.87994,31.71685],[34.93223,31.62742],[34.95837,31.60506],[34.98451,31.5827],[35.35051,31.44855],[35.37665,31.44855],[35.4028,31.47091],[35.53351,31.76157],[35.53351,31.78392],[35.53351,31.80628],[35.53351,31.82864],[35.53351,31.851],[35.53351,31.87336],[35.53351,31.89571],[35.4028,31.94043],[35.2198,31.98515],[35.0368,32.0075],[34.87994,32.02986],[34.87994,32.0075],[34.87994,31.98515],[34.87994,31.96279],[34.87994,31.94043],[34.87994,31.91807],[34.87994,31.89571],[34.87994,31.87336],[34.87994,31.851],[34.87994,31.82864]]],[[[34.87994,31.82864],[34.87994,31.80628],[34.87994,31.78392],[34.87994,31.76157],[34.87994,31.73921],[34.93223,31.62742],[34.95837,31.60506],[34.98451,31.5827],[35.35051,31.44855],[35.37665,31.44855],[35.4028,31.47091],[35.53351,31.76157],[35.53351,31.78392],[35.53351,31.80628],[35.53351,31.82864],[35.53351,31.851],[35.53351,31.87336],[35.53351,31.89571],[35.45508,31.91807],[35.37665,31.94043],[35.19365,31.98515],[34.87994,32.02986],[34.87994,32.0075],[34.87994,31.98515],[34.87994,31.96279],[34.87994,31.94043],[34.87994,31.91807],[34.87994,31.89571],[34.87994,31.82864]]],[[[34.93223,31.64978],[34.95837,31.60506],[34.98451,31.5827],[35.35051,31.44855],[35.37665,31.44855],[35.4028,31.47091],[35.53351,31.76157],[35.53351,31.78392],[35.53351,31.80628],[35.53351,31.82864],[35.53351,31.851],[35.53351,31.87336],[35.53351,31.89571],[35.45508,31.91807],[35.16751,31.98515],[34.95837,32.0075],[34.93223,31.98515],[34.90608,31.96279],[34.87994,31.80628],[34.87994,31.78392],[34.87994,31.76157],[34.93223,31.64978]]],[[[34.90608,31.80628],[34.90608,31.78392],[34.90608,31.76157],[34.90608,31.73921],[34.95837,31.60506],[35.01065,31.5827],[35.37665,31.44855],[35.4028,31.47091],[35.53351,31.76157],[35.53351,31.78392],[35.53351,31.80628],[35.53351,31.82864],[35.53351,31.851],[35.53351,31.87336],[35.53351,31.89571],[35.2198,31.96279],[35.11523,31.98515],[35.08908,31.98515],[35.0368,31.98515],[34.93223,31.96279],[34.90608,31.94043],[34.90608,31.91807],[34.90608,31.89571],[34.90608,31.87336],[34.90608,31.851],[34.90608,31.82864],[34.90608,31.80628]]],[[[34.90608,31.89571],[34.90608,31.87336],[34.90608,31.851],[34.90608,31.82864],[34.90608,31.80628],[34.95837,31.60506],[35.01065,31.5827],[35.35051,31.47091],[35.37665,31.47091],[35.4028,31.47091],[35.53351,31.76157],[35.53351,31.78392],[35.53351,31.80628],[35.53351,31.82864],[35.53351,31.851],[35.53351,31.87336],[35.45508,31.89571],[35.37665,31.91807],[35.2198,31.96279],[35.19365,31.96279],[35.16751,31.96279],[35.14137,31.96279],[35.11523,31.96279],[35.08908,31.96279],[35.06294,31.96279],[35.0368,31.96279],[35.01065,31.96279],[34.98451,31.96279],[34.95837,31.94043],[34.93223,31.91807],[34.90608,31.89571]]],[[[34.90608,31.851],[34.90608,31.82864],[34.93223,31.71685],[34.95837,31.60506],[35.01065,31.5827],[35.37665,31.53798],[35.4028,31.53798],[35.53351,31.76157],[35.53351,31.78392],[35.53351,31.80628],[35.53351,31.82864],[35.53351,31.851],[35.53351,31.87336],[35.2198,31.96279],[35.19365,31.96279],[35.16751,31.96279],[35.14137,31.96279],[35.11523,31.96279],[35.08908,31.96279],[35.06294,31.96279],[35.0368,31.96279],[35.01065,31.96279],[34.98451,31.96279],[34.93223,31.89571],[34.90608,31.851]]]],"type":"MultiPolygon"},"properties":{"placeId":"ab86a69","name":"Judea 2","type":"region","landOrWater":"land","proposed":false,"role":"gb88bb1.isobands"}},{"type":"Feature","geometry":{"coordinates":[[35.102718,32.135008],[35.100916,32.137588],[35.098363,32.139114],[35.098062,32.139714],[35.098406,32.141022],[35.0975,32.14014],[35.097762,32.138787],[35.094683,32.138111],[35.094565,32.137242],[35.093792,32.136825],[35.092698,32.138151],[35.090101,32.138642],[35.088535,32.141058],[35.086368,32.142148],[35.079287,32.140513],[35.077978,32.14104],[35.076562,32.140749],[35.074781,32.141967],[35.07242,32.141585],[35.072055,32.14282],[35.07242,32.144492],[35.071905,32.145182],[35.069669,32.145254],[35.066777,32.144383],[35.064567,32.145182],[35.06373,32.146926],[35.063666,32.149724],[35.063344,32.150269],[35.062056,32.15076],[35.060275,32.150088],[35.057975,32.14699],[35.056885,32.146763],[35.053001,32.147217],[35.050834,32.146781],[35.049896,32.145491],[35.05004,32.143911],[35.049596,32.142475],[35.048752,32.142457],[35.046499,32.143456],[35.045497,32.143401],[35.041989,32.141048],[35.039869,32.138914],[35.036222,32.136705],[35.034313,32.136069],[35.031774,32.134261],[35.029613,32.13339],[35.026523,32.133063],[35.024372,32.135066],[35.019678,32.137057],[35.018948,32.136857],[35.018616,32.133741],[35.018203,32.13296],[35.016469,32.132236],[35.015526,32.132269],[35.008673,32.134323],[35.00524,32.13694],[35.003352,32.137358],[34.99965,32.137517],[34.994575,32.135986],[34.992247,32.136431],[34.988459,32.139095],[34.984865,32.139501],[34.981507,32.13906],[34.978372,32.139591],[34.9766,32.141034],[34.974109,32.141176],[34.972733,32.142134],[34.971688,32.143489],[34.970425,32.14743],[34.969947,32.147774],[34.968195,32.147839],[34.964248,32.149004],[34.959353,32.145667],[34.957465,32.145849],[34.956263,32.146757],[34.955968,32.147846],[34.954758,32.149533],[34.947627,32.151052],[34.94663,32.15188],[34.946389,32.153621],[34.944825,32.154625],[34.942582,32.153635],[34.93809,32.153806],[34.936008,32.151757],[34.933193,32.151089],[34.926299,32.145767],[34.924196,32.145721],[34.922769,32.144958],[34.920795,32.14286],[34.916587,32.140173],[34.915377,32.138781],[34.912641,32.13741],[34.910409,32.137083],[34.906835,32.132238],[34.905946,32.131922],[34.904111,32.132213],[34.901826,32.130914],[34.899058,32.130332],[34.897857,32.129024],[34.895599,32.12759],[34.895118,32.125723]],"type":"LineString"},"properties":{"placeId":"a373106","name":"Kanah 1","type":"river","landOrWater":"water","proposed":true,"role":"gf2d10c.simplified"}},{"type":"Feature","geometry":{"coordinates":[[[[36.65042,32.52297],[35.75262,30.15317],[35.75262,29.99518],[35.75262,29.8372],[35.93218,29.04726],[36.11174,28.73129],[36.2913,28.73129],[40.78033,29.36323],[40.95989,31.89103],[40.95989,32.04901],[40.95989,32.207],[40.78033,32.52297],[39.34384,32.68096],[39.16428,32.68096],[38.98472,32.68096],[38.80516,32.68096],[38.62559,32.68096],[38.44603,32.68096],[38.26647,32.68096],[38.08691,32.68096],[37.90735,32.68096],[37.72779,32.68096],[37.54823,32.68096],[37.36867,32.68096],[37.18911,32.68096],[37.00955,32.68096],[36.82998,32.68096],[36.65042,32.52297]]],[[[36.65042,32.52297],[36.2913,29.04726],[36.47086,29.04726],[36.65042,29.04726],[36.82998,29.04726],[37.00955,29.04726],[38.08691,29.20525],[38.80516,29.36323],[39.34384,29.52122],[39.88252,29.67921],[40.42121,29.8372],[40.78033,31.41706],[40.78033,31.57505],[40.78033,31.73304],[40.78033,31.89103],[40.78033,32.04901],[40.78033,32.207],[40.78033,32.36499],[38.44603,32.68096],[38.26647,32.68096],[36.65042,32.52297]]],[[[37.00955,29.20525],[37.18911,29.20525],[40.24164,29.8372],[40.42121,31.73304],[40.42121,31.89103],[38.98472,32.52297],[38.80516,32.52297],[38.62559,32.52297],[38.44603,32.52297],[38.26647,32.52297],[38.08691,32.52297],[37.90735,32.52297],[37.72779,32.52297],[37.54823,32.52297],[37.36867,32.52297],[37.18911,32.52297],[37.00955,32.52297],[36.82998,32.52297],[36.82998,32.36499],[36.82998,30.15317],[36.82998,29.99518],[36.82998,29.8372],[36.82998,29.36323],[36.82998,29.20525],[37.00955,29.20525]]],[[[37.00955,32.52297],[37.00955,32.36499],[37.00955,30.15317],[37.00955,29.99518],[37.00955,29.8372],[37.18911,29.8372],[37.36867,29.8372],[37.54823,29.8372],[37.72779,29.8372],[37.90735,29.8372],[38.08691,29.8372],[38.26647,29.8372],[38.44603,29.8372],[38.62559,29.8372],[38.80516,29.8372],[38.98472,29.8372],[39.16428,29.8372],[39.34384,29.8372],[39.5234,29.8372],[39.70296,29.8372],[39.88252,29.8372],[40.06208,29.8372],[40.06208,29.99518],[40.06208,30.15317],[40.06208,30.31116],[39.70296,31.89103],[38.80516,32.52297],[38.62559,32.52297],[38.44603,32.52297],[38.26647,32.52297],[38.08691,32.52297],[37.90735,32.52297],[37.72779,32.52297],[37.54823,32.52297],[37.36867,32.52297],[37.18911,32.52297],[37.00955,32.52297]]],[[[37.18911,29.99518],[37.36867,29.8372],[37.54823,29.8372],[37.72779,29.8372],[37.90735,29.99518],[38.08691,30.15317],[39.70296,31.73304],[39.70296,31.89103],[38.44603,32.52297],[38.26647,32.52297],[37.00955,32.36499],[37.18911,29.99518]]],[[[38.62559,31.73304],[38.44603,31.89103],[38.26647,31.73304],[37.36867,30.15317],[38.62559,31.73304]]]],"type":"MultiPolygon"},"properties":{"placeId":"a68d1a9","name":"Kedar","type":"people group","landOrWater":"land","proposed":false,"role":"gd4e2eb.isobands"}},{"type":"Feature","geometry":{"coordinates":[[35.239316,31.788507],[35.239831,31.787471],[35.238927,31.784551],[35.23982,31.781778],[35.238802,31.779705],[35.238579,31.775457],[35.237197,31.773835],[35.235128,31.768193],[35.238909,31.763669],[35.245874,31.762618],[35.249998,31.758589],[35.250394,31.756765],[35.251913,31.75581],[35.25503,31.75075],[35.254896,31.747927],[35.257069,31.746652],[35.258168,31.742495],[35.260009,31.741996],[35.263736,31.737983],[35.26489,31.73237],[35.263071,31.722762],[35.265163,31.719677],[35.268178,31.719997],[35.271671,31.722259],[35.273864,31.722671],[35.28033,31.727879],[35.284261,31.729717],[35.285968,31.729091],[35.287863,31.72989],[35.289398,31.729263],[35.292108,31.729734],[35.292693,31.728839],[35.295739,31.728148],[35.29588,31.726793],[35.297961,31.727152],[35.308389,31.724921],[35.310025,31.723077],[35.313516,31.723151],[35.313852,31.721777],[35.318827,31.722349],[35.318914,31.723086],[35.320204,31.722856],[35.32054,31.724054],[35.321971,31.7241],[35.32565,31.721923],[35.325174,31.719179],[35.326608,31.717979],[35.326784,31.715495],[35.329735,31.714927],[35.330501,31.712606],[35.329405,31.711896],[35.329283,31.710246],[35.33254,31.709431],[35.332785,31.707103],[35.331489,31.702266],[35.335782,31.700047],[35.333835,31.69605],[35.336051,31.69588],[35.336901,31.6938],[35.339254,31.69408],[35.341332,31.691993],[35.341332,31.690865],[35.342933,31.691211],[35.344957,31.689476],[35.345831,31.690565],[35.34721,31.690311],[35.347402,31.691811],[35.349418,31.692222],[35.351748,31.694361],[35.355189,31.694478],[35.355933,31.6956],[35.358516,31.695756],[35.365659,31.692254],[35.368434,31.692548],[35.379923,31.689436],[35.38131,31.689952],[35.382589,31.689103],[35.384194,31.685691],[35.388895,31.684339],[35.39353,31.68633],[35.397349,31.691661],[35.403787,31.690096],[35.40549,31.690538],[35.40754,31.693388],[35.409452,31.69356],[35.41063,31.690293],[35.415278,31.686509],[35.416722,31.686091],[35.416491,31.687],[35.41795,31.687398],[35.418243,31.684277],[35.421226,31.684028],[35.420187,31.68162],[35.42088,31.680342],[35.422035,31.680367],[35.421544,31.679187],[35.422324,31.679457],[35.424085,31.678057],[35.427925,31.679335],[35.430812,31.678573],[35.433382,31.67646],[35.434481,31.673505],[35.437496,31.671639],[35.443026,31.671938],[35.449436,31.665916]],"type":"LineString"},"properties":{"placeId":"a553110","name":"Kidron","type":"river","landOrWater":"water","proposed":false,"role":"g152693.simplified"}},{"type":"Feature","geometry":{"coordinates":[[34.985111,29.524852],[35.655727,30.390013],[35.876257,30.971797],[35.698572,31.178623],[35.794945,31.716413],[35.942222,31.954581],[35.873331,32.278884],[36.086399,32.63039],[36.018368,32.808296],[36.30926,33.505467]],"type":"LineString"},"properties":{"placeId":"a057d59","name":"King’s Highway","type":"road","landOrWater":"land","proposed":false,"role":"g4cf357.geometry"}},{"type":"Feature","geometry":{"coordinates":[[[35.233914,31.767474],[35.23672,31.766923],[35.23846,31.771089],[35.235345,31.773115],[35.233914,31.767474]]],"type":"Polygon"},"properties":{"placeId":"ac9f98d","name":"King’s Valley","type":"valley","landOrWater":"land","proposed":true,"role":"g82affa.geometry"}},{"type":"Feature","geometry":{"coordinates":[[[35.77657,31.59217],[35.76554,31.59167],[35.75462,31.5902],[35.74395,31.58776],[35.73363,31.58439],[35.72379,31.58011],[35.71453,31.57498],[35.70595,31.56905],[35.69814,31.56239],[35.69119,31.55507],[35.68518,31.54717],[35.68018,31.53878],[35.67623,31.52999],[35.67338,31.52089],[35.67166,31.51159],[35.6711,31.50219],[35.67169,31.49279],[35.67342,31.4835],[35.67629,31.47441],[35.68025,31.46562],[35.68527,31.45724],[35.69129,31.44935],[35.69824,31.44204],[35.70605,31.43538],[35.71462,31.42946],[35.72388,31.42434],[35.73371,31.42007],[35.74401,31.4167],[35.75466,31.41427],[35.76556,31.4128],[35.77657,31.4123],[35.78759,31.4128],[35.79848,31.41427],[35.80914,31.4167],[35.81944,31.42007],[35.82927,31.42434],[35.83852,31.42946],[35.8471,31.43538],[35.85491,31.44204],[35.86186,31.44935],[35.86788,31.45724],[35.87289,31.46562],[35.87686,31.47441],[35.87973,31.4835],[35.88146,31.49279],[35.88205,31.50219],[35.88148,31.51159],[35.87977,31.52089],[35.87692,31.52999],[35.87297,31.53878],[35.86796,31.54717],[35.86196,31.55507],[35.85501,31.56239],[35.8472,31.56905],[35.83862,31.57498],[35.82936,31.58011],[35.81951,31.58439],[35.8092,31.58776],[35.79852,31.5902],[35.78761,31.59167],[35.77657,31.59217]]],"type":"Polygon"},"properties":{"placeId":"aeb19d6","name":"Kiriath-huzoth","type":"settlement","landOrWater":"land","proposed":true,"role":"gbf76ad.geometry"}},{"type":"Feature","geometry":{"coordinates":[[35.294454,32.469365],[35.293588,32.477725],[35.291229,32.481256],[35.291374,32.482767],[35.281429,32.491181],[35.280676,32.49986],[35.27569,32.505187],[35.276258,32.510449],[35.275494,32.511707],[35.277471,32.516755],[35.27729,32.518426],[35.278787,32.52024],[35.27883,32.526959],[35.274048,32.533241],[35.261775,32.535905],[35.258409,32.538867],[35.255193,32.548921],[35.256846,32.552291],[35.256262,32.556908],[35.258755,32.559781],[35.257425,32.561499],[35.257886,32.563353],[35.256223,32.565433],[35.261008,32.574926],[35.258144,32.579383],[35.257961,32.587113],[35.252114,32.5926],[35.251071,32.595927],[35.24843,32.597007],[35.246651,32.600083],[35.242807,32.601585],[35.242658,32.603912],[35.239657,32.608114],[35.235426,32.61089],[35.234826,32.613113],[35.2371,32.617794],[35.236928,32.619891],[35.231135,32.621698],[35.2265,32.626631],[35.221929,32.627644],[35.21693,32.632143],[35.21075,32.63536],[35.200515,32.63442],[35.194871,32.637926],[35.189397,32.637636],[35.187337,32.636335],[35.181007,32.636679],[35.178304,32.638016],[35.175364,32.641431],[35.168219,32.641865],[35.163098,32.646701],[35.151267,32.65229],[35.145709,32.662623],[35.139877,32.665969],[35.138269,32.668949],[35.128264,32.67664],[35.121548,32.679855],[35.118957,32.682874],[35.115095,32.68403],[35.112729,32.683243],[35.10742,32.685441],[35.105752,32.69396],[35.102739,32.698214],[35.104095,32.699951],[35.104111,32.702192],[35.101009,32.707358],[35.100541,32.715339],[35.096901,32.722501],[35.097162,32.724206],[35.100073,32.727877],[35.098544,32.729976],[35.098528,32.732498],[35.094039,32.734422],[35.09378,32.736373],[35.092492,32.737179],[35.09012,32.73684],[35.089319,32.739919],[35.086022,32.740763],[35.086354,32.743189],[35.082922,32.744596],[35.083058,32.746378],[35.080846,32.746815],[35.080692,32.749054],[35.07735,32.752921],[35.069713,32.755261],[35.064606,32.760167],[35.064133,32.762771],[35.066466,32.76493],[35.06584,32.767801],[35.064061,32.769244],[35.070204,32.772249],[35.070548,32.776541],[35.068456,32.779365],[35.066089,32.7789],[35.060417,32.781508],[35.057892,32.786155],[35.050182,32.793394],[35.048809,32.798074],[35.045834,32.801627],[35.030331,32.801841],[35.027879,32.80484],[35.02857,32.808887]],"type":"LineString"},"properties":{"placeId":"a5a6458","name":"Kishon","type":"river","landOrWater":"water","proposed":true,"role":"g44bf0c.simplified"}},{"type":"Feature","geometry":{"coordinates":[[[32.5687,35.169754],[32.548763,35.173447],[32.487636,35.083543],[32.427746,35.044729],[32.361088,35.046865],[32.28845,35.104887],[32.275871,35.100076],[32.275224,35.037621],[32.313779,34.995944],[32.313396,34.962748],[32.301522,34.956085],[32.325297,34.926001],[32.316033,34.899397],[32.347578,34.856931],[32.388203,34.840513],[32.399804,34.754909],[32.494356,34.702855],[32.555041,34.697957],[32.703319,34.64024],[32.791122,34.664291],[32.874729,34.66688],[32.923565,34.618646],[32.940456,34.575482],[32.933122,34.565922],[32.973607,34.573306],[33.028549,34.562536],[33.03636,34.567594],[33.008675,34.593637],[33.005913,34.618944],[33.010803,34.641301],[33.032845,34.650441],[33.006892,34.647914],[33.063483,34.685644],[33.148964,34.712708],[33.260061,34.70539],[33.291425,34.724632],[33.318861,34.715038],[33.429152,34.764067],[33.495454,34.777131],[33.551377,34.819158],[33.602749,34.815834],[33.639511,34.865986],[33.645643,34.943813],[33.684251,34.974358],[33.776035,34.980376],[33.858484,34.942597],[33.891961,34.954638],[33.899286,34.971371],[33.970852,34.988274],[34.085661,34.956398],[34.064641,35.012459],[33.91189,35.163134],[33.899877,35.203086],[33.906556,35.257322],[33.966955,35.321807],[34.06619,35.328818],[34.080839,35.368123],[34.134212,35.415943],[34.300345,35.489299],[34.409147,35.556831],[34.437401,35.601815],[34.562681,35.64129],[34.588508,35.695158],[34.346565,35.623048],[34.338684,35.603351],[34.290108,35.576002],[34.229199,35.556916],[34.176362,35.562006],[34.126192,35.504926],[33.977466,35.445836],[33.849876,35.412761],[33.771791,35.414048],[33.646715,35.356963],[33.608475,35.360888],[33.480711,35.332186],[33.348216,35.334868],[33.291893,35.350562],[33.170622,35.351276],[33.113977,35.368432],[33.097222,35.353807],[33.063747,35.355208],[32.993872,35.368134],[32.920776,35.404096],[32.937894,35.281061],[32.915906,35.20605],[32.88461,35.16407],[32.824557,35.140836],[32.738545,35.179943],[32.65081,35.195743],[32.5687,35.169754]]],"type":"Polygon"},"properties":{"placeId":"aeb46a8","name":"Kittim","type":"island","landOrWater":"land","proposed":false,"role":"g017f10.simplified"}},{"type":"Feature","geometry":{"coordinates":[[[[45.73136,35.44377],[45.67913,35.44377],[45.78358,34.43872],[45.9925,34.39502],[46.41033,34.35132],[46.88038,34.30763],[46.93261,34.30763],[46.98484,34.30763],[47.24598,34.35132],[47.35044,34.39502],[47.19375,34.7446],[47.0893,34.9194],[46.93261,35.00679],[46.3581,35.31267],[46.09696,35.44377],[46.04473,35.44377],[45.9925,35.44377],[45.94027,35.44377],[45.88804,35.44377],[45.83581,35.44377],[45.78358,35.44377],[45.73136,35.44377]]],[[[45.9925,34.70091],[45.9925,34.65721],[45.9925,34.61351],[45.9925,34.56981],[45.9925,34.52612],[45.9925,34.48242],[45.9925,34.43872],[46.3581,34.39502],[46.88038,34.35132],[46.93261,34.35132],[46.98484,34.35132],[47.03707,34.35132],[47.0893,34.35132],[47.24598,34.39502],[47.24598,34.43872],[47.24598,34.48242],[47.24598,34.52612],[47.24598,34.56981],[47.0893,34.7883],[46.98484,34.9194],[46.88038,35.00679],[46.41033,35.22528],[46.3581,35.22528],[46.09696,35.22528],[45.9925,35.00679],[45.9925,34.96309],[45.9925,34.9194],[45.9925,34.8757],[45.9925,34.832],[45.9925,34.7883],[45.9925,34.7446],[45.9925,34.70091]]],[[[45.9925,34.7446],[45.9925,34.70091],[46.3581,34.43872],[46.82815,34.39502],[46.88038,34.39502],[46.93261,34.39502],[46.98484,34.39502],[47.03707,34.39502],[47.0893,34.39502],[47.14152,34.39502],[47.19375,34.39502],[47.0893,34.7446],[46.98484,34.9194],[46.77593,35.00679],[46.56701,35.00679],[46.51478,35.00679],[46.46255,35.00679],[46.41033,35.00679],[46.3581,35.00679],[46.30587,35.00679],[46.25364,35.00679],[46.20141,35.00679],[46.14918,35.00679],[46.09696,35.00679],[46.04473,35.00679],[45.9925,34.7446]]],[[[46.04473,34.9194],[46.04473,34.8757],[46.04473,34.7446],[46.20141,34.65721],[46.67147,34.43872],[46.7237,34.43872],[46.82815,34.43872],[46.88038,34.43872],[46.93261,34.43872],[46.98484,34.43872],[46.98484,34.48242],[46.98484,34.52612],[46.98484,34.56981],[46.98484,34.61351],[46.98484,34.65721],[46.98484,34.70091],[46.98484,34.7446],[46.88038,34.9194],[46.56701,35.00679],[46.51478,35.00679],[46.46255,35.00679],[46.41033,35.00679],[46.3581,35.00679],[46.30587,35.00679],[46.25364,35.00679],[46.04473,34.9194]]],[[[46.04473,34.9194],[46.04473,34.8757],[46.14918,34.7446],[46.20141,34.70091],[46.77593,34.48242],[46.82815,34.48242],[46.88038,34.52612],[46.93261,34.7446],[46.88038,34.832],[46.82815,34.9194],[46.77593,34.9194],[46.7237,34.9194],[46.67147,34.9194],[46.61924,34.9194],[46.56701,34.9194],[46.51478,34.9194],[46.46255,34.9194],[46.41033,34.9194],[46.3581,34.9194],[46.30587,34.9194],[46.25364,34.9194],[46.20141,34.9194],[46.14918,34.9194],[46.09696,34.9194],[46.04473,34.9194]]],[[[46.14918,34.7446],[46.61924,34.70091],[46.67147,34.70091],[46.7237,34.70091],[46.77593,34.70091],[46.88038,34.7446],[46.61924,34.9194],[46.56701,34.9194],[46.51478,34.9194],[46.46255,34.9194],[46.41033,34.9194],[46.3581,34.9194],[46.14918,34.7446]]],[[[46.51478,34.8757],[46.51478,34.832],[46.56701,34.7446],[46.61924,34.7446],[46.67147,34.7446],[46.7237,34.7446],[46.61924,34.9194],[46.56701,34.9194],[46.51478,34.8757]]]],"type":"MultiPolygon"},"properties":{"placeId":"afe6972","name":"Koa","type":"region","landOrWater":"land","proposed":false,"role":"g06a14c.isobands"}},{"type":"Feature","geometry":{"coordinates":[[[[34.56269,37.20476],[34.56269,37.16383],[34.56269,37.1229],[34.56269,37.08197],[34.56269,37.04104],[34.86832,36.71362],[35.27583,36.63176],[35.32676,36.63176],[35.3777,36.63176],[35.42864,36.63176],[35.47958,36.63176],[35.78521,36.71362],[36.0399,36.95919],[36.09083,37.20476],[36.09083,37.24569],[36.09083,37.28661],[36.09083,37.32754],[36.09083,37.36847],[36.09083,37.4094],[36.09083,37.45033],[36.09083,37.49126],[36.09083,37.53219],[36.09083,37.57311],[36.09083,37.61404],[36.0399,37.65497],[35.98896,37.65497],[35.93802,37.65497],[35.88708,37.65497],[35.83614,37.65497],[35.78521,37.65497],[35.73427,37.65497],[35.68333,37.65497],[35.63239,37.65497],[35.58145,37.65497],[35.53052,37.65497],[35.47958,37.65497],[35.42864,37.65497],[35.3777,37.65497],[34.81738,37.61404],[34.56269,37.20476]]],[[[34.61363,37.16383],[34.61363,37.1229],[34.91926,36.79547],[35.17395,36.71362],[35.42864,36.63176],[35.98896,36.95919],[36.09083,37.28661],[36.09083,37.36847],[36.09083,37.4094],[36.09083,37.45033],[36.0399,37.61404],[35.98896,37.61404],[35.93802,37.61404],[35.88708,37.61404],[35.83614,37.61404],[35.78521,37.61404],[35.73427,37.61404],[35.68333,37.61404],[35.63239,37.61404],[35.58145,37.61404],[35.53052,37.61404],[35.47958,37.61404],[35.42864,37.61404],[35.3777,37.61404],[35.32676,37.61404],[35.27583,37.61404],[35.22489,37.61404],[35.17395,37.61404],[35.12301,37.61404],[35.07207,37.61404],[35.02114,37.61404],[34.9702,37.61404],[34.91926,37.61404],[34.86832,37.61404],[34.81738,37.61404],[34.61363,37.20476],[34.61363,37.16383]]],[[[35.93802,37.61404],[35.88708,37.61404],[35.83614,37.61404],[35.78521,37.61404],[35.73427,37.61404],[35.68333,37.61404],[35.63239,37.61404],[35.58145,37.61404],[35.53052,37.61404],[35.47958,37.61404],[35.42864,37.61404],[35.3777,37.61404],[35.32676,37.61404],[35.27583,37.61404],[35.22489,37.61404],[35.17395,37.61404],[35.12301,37.61404],[35.07207,37.61404],[35.02114,37.61404],[34.81738,37.45033],[34.81738,37.4094],[34.81738,37.36847],[34.81738,37.32754],[34.81738,37.20476],[34.86832,36.95919],[34.91926,36.8364],[35.12301,36.75454],[35.22489,36.71362],[35.3777,36.67269],[35.42864,36.67269],[35.47958,36.67269],[35.98896,36.95919],[36.0399,37.20476],[36.0399,37.24569],[36.0399,37.28661],[36.0399,37.32754],[36.0399,37.36847],[36.0399,37.4094],[36.0399,37.45033],[36.0399,37.49126],[35.93802,37.61404]]],[[[35.17395,36.75454],[35.3777,36.71362],[35.42864,36.71362],[35.47958,36.71362],[35.58145,36.75454],[35.73427,36.8364],[35.88708,37.00012],[35.93802,37.08197],[35.98896,37.16383],[36.0399,37.24569],[36.0399,37.28661],[36.0399,37.32754],[36.0399,37.36847],[36.0399,37.4094],[36.0399,37.45033],[35.93802,37.49126],[35.88708,37.49126],[35.83614,37.49126],[35.78521,37.49126],[35.73427,37.49126],[35.68333,37.49126],[35.63239,37.49126],[35.58145,37.49126],[35.53052,37.49126],[35.47958,37.49126],[35.42864,37.49126],[35.3777,37.49126],[35.32676,37.49126],[35.27583,37.49126],[35.22489,37.49126],[35.17395,37.49126],[35.12301,37.49126],[35.07207,37.49126],[35.02114,37.49126],[34.86832,37.45033],[34.81738,37.20476],[34.91926,36.8364],[35.17395,36.75454]]],[[[35.42864,36.75454],[35.47958,36.75454],[35.73427,36.8364],[35.98896,37.16383],[36.0399,37.28661],[36.0399,37.36847],[36.0399,37.4094],[36.0399,37.45033],[35.83614,37.49126],[35.78521,37.49126],[35.73427,37.49126],[35.68333,37.49126],[34.91926,37.45033],[34.86832,37.36847],[34.86832,37.32754],[34.86832,37.28661],[34.86832,37.20476],[34.91926,36.95919],[34.9702,36.8364],[35.22489,36.75454],[35.27583,36.75454],[35.32676,36.75454],[35.3777,36.75454],[35.42864,36.75454]]],[[[35.22489,36.75454],[35.32676,36.75454],[35.68333,36.8364],[35.88708,37.08197],[35.98896,37.20476],[35.98896,37.24569],[35.98896,37.28661],[35.98896,37.32754],[35.98896,37.36847],[35.98896,37.4094],[35.98896,37.45033],[35.93802,37.45033],[35.88708,37.45033],[35.83614,37.45033],[35.78521,37.45033],[35.73427,37.45033],[35.68333,37.45033],[35.63239,37.45033],[35.58145,37.45033],[35.53052,37.45033],[35.47958,37.45033],[35.42864,37.45033],[35.3777,37.45033],[35.32676,37.45033],[35.27583,37.45033],[35.22489,37.45033],[35.17395,37.45033],[35.12301,37.45033],[35.07207,37.45033],[35.02114,37.45033],[34.9702,37.45033],[34.86832,37.32754],[34.91926,36.95919],[34.9702,36.87733],[35.22489,36.75454]]],[[[34.91926,37.32754],[34.91926,37.28661],[34.9702,36.95919],[35.02114,36.91826],[35.07207,36.87733],[35.12301,36.8364],[35.17395,36.8364],[35.22489,36.8364],[35.27583,36.8364],[35.32676,36.8364],[35.3777,36.8364],[35.42864,36.8364],[35.58145,36.87733],[35.73427,37.00012],[35.83614,37.08197],[35.88708,37.1229],[35.93802,37.16383],[35.98896,37.28661],[35.98896,37.32754],[35.93802,37.45033],[35.88708,37.45033],[35.83614,37.45033],[35.78521,37.45033],[35.73427,37.45033],[35.68333,37.45033],[35.63239,37.45033],[35.58145,37.45033],[35.53052,37.45033],[35.47958,37.45033],[35.42864,37.45033],[35.3777,37.45033],[35.32676,37.45033],[35.27583,37.45033],[35.22489,37.45033],[35.17395,37.45033],[35.12301,37.45033],[35.07207,37.45033],[35.02114,37.45033],[34.91926,37.32754]]],[[[35.07207,37.36847],[34.91926,37.32754],[34.9702,36.95919],[35.12301,36.87733],[35.17395,36.87733],[35.22489,36.87733],[35.27583,36.87733],[35.32676,36.87733],[35.3777,36.87733],[35.42864,36.87733],[35.47958,36.87733],[35.53052,36.87733],[35.83614,37.08197],[35.93802,37.20476],[35.98896,37.28661],[35.88708,37.4094],[35.83614,37.45033],[35.78521,37.45033],[35.73427,37.45033],[35.68333,37.45033],[35.63239,37.45033],[35.58145,37.45033],[35.07207,37.36847]]],[[[35.3777,37.36847],[35.02114,37.00012],[35.07207,37.00012],[35.12301,37.00012],[35.17395,37.00012],[35.22489,37.00012],[35.27583,37.00012],[35.32676,37.00012],[35.3777,37.00012],[35.42864,37.00012],[35.47958,37.00012],[35.53052,37.00012],[35.58145,37.00012],[35.63239,37.00012],[35.73427,37.04104],[35.78521,37.08197],[35.88708,37.20476],[35.73427,37.32754],[35.3777,37.36847]]]],"type":"MultiPolygon"},"properties":{"placeId":"af133c0","name":"Kue","type":"region","landOrWater":"land","proposed":false,"role":"g830d01.isobands"}},{"type":"Feature","geometry":{"coordinates":[[[36.75,35.4063],[36.7154,35.40481],[36.68118,35.40038],[36.64773,35.39305],[36.6154,35.3829],[36.58457,35.37004],[36.55556,35.35461],[36.5287,35.3368],[36.50428,35.31678],[36.48258,35.29479],[36.46381,35.27106],[36.4482,35.24586],[36.43591,35.21947],[36.42708,35.19217],[36.42178,35.16426],[36.42009,35.13605],[36.42201,35.10786],[36.42752,35.07998],[36.43656,35.05272],[36.44902,35.02639],[36.46476,35.00127],[36.48361,34.97763],[36.50537,34.95573],[36.52979,34.9358],[36.5566,34.91808],[36.58552,34.90274],[36.61622,34.88996],[36.64837,34.87987],[36.68163,34.87258],[36.71563,34.86818],[36.75,34.8667],[36.78437,34.86818],[36.81837,34.87258],[36.85163,34.87987],[36.88378,34.88996],[36.91448,34.90274],[36.9434,34.91808],[36.97021,34.9358],[36.99463,34.95573],[37.01639,34.97763],[37.03524,35.00127],[37.05098,35.02639],[37.06344,35.05272],[37.07248,35.07998],[37.07799,35.10786],[37.07991,35.13605],[37.07822,35.16426],[37.07292,35.19217],[37.06409,35.21947],[37.0518,35.24586],[37.03619,35.27106],[37.01742,35.29479],[36.99572,35.31678],[36.9713,35.3368],[36.94444,35.35461],[36.91543,35.37004],[36.8846,35.3829],[36.85227,35.39305],[36.81882,35.40038],[36.7846,35.40481],[36.75,35.4063]]],"type":"Polygon"},"properties":{"placeId":"a8778a3","name":"Laash","type":"settlement","landOrWater":"land","proposed":false,"role":"gbad669.geometry"}},{"type":"Feature","geometry":{"coordinates":[[34.781084,29.821546],[34.780612,29.823519],[34.780612,29.825418],[34.779968,29.826907],[34.77838,29.828284],[34.777608,29.829699],[34.777265,29.831002],[34.77735,29.832007],[34.777823,29.833385],[34.777479,29.834018],[34.777308,29.836028],[34.777908,29.837964],[34.778166,29.841277],[34.777522,29.84284],[34.777651,29.844218],[34.777522,29.845446],[34.77632,29.849019],[34.776664,29.850583],[34.77778,29.852183],[34.777951,29.853076],[34.777565,29.853635],[34.774389,29.854975],[34.774003,29.856463],[34.775634,29.858697],[34.77572,29.859702],[34.774518,29.860558],[34.772673,29.860371],[34.770999,29.859702],[34.769368,29.859739],[34.768724,29.860669],[34.768896,29.862232],[34.771986,29.86454],[34.772115,29.866475],[34.771214,29.867443],[34.770012,29.867778],[34.768167,29.867443],[34.766107,29.867629],[34.764476,29.868931],[34.763017,29.87176],[34.761815,29.872727],[34.760571,29.873099],[34.759626,29.874364],[34.758339,29.877341],[34.757137,29.87883],[34.755077,29.878904],[34.75276,29.877937],[34.750528,29.877341],[34.749584,29.87816],[34.750786,29.882104],[34.749498,29.883593],[34.747782,29.883965],[34.745121,29.883742],[34.741945,29.885007],[34.741001,29.885751],[34.73937,29.885602],[34.736881,29.884263],[34.733963,29.884188],[34.732761,29.884932],[34.729414,29.886346],[34.728126,29.887909],[34.72641,29.889546],[34.722891,29.891332],[34.721518,29.892523],[34.719973,29.89602],[34.718084,29.897731],[34.71611,29.899145],[34.715166,29.901675],[34.712849,29.910529],[34.711819,29.912761],[34.709673,29.914546],[34.706068,29.91648],[34.704952,29.919679],[34.704523,29.92206],[34.705038,29.92444],[34.704952,29.928978],[34.705553,29.930912],[34.704866,29.93359],[34.705296,29.936044],[34.706068,29.939317],[34.705982,29.943482],[34.704523,29.946308],[34.703321,29.947498],[34.700146,29.949952],[34.699631,29.952034],[34.698601,29.959322],[34.696369,29.964007],[34.692936,29.967502],[34.691563,29.97003],[34.690962,29.973896],[34.692678,29.977985],[34.695597,29.982595],[34.698515,29.986832],[34.703236,29.992036],[34.704266,29.994563],[34.704523,29.996645],[34.704008,30.000361],[34.703493,30.007274],[34.703021,30.009504],[34.702592,30.010953],[34.701734,30.01244],[34.700832,30.013592],[34.699974,30.014186],[34.699159,30.015115],[34.698772,30.016769]],"type":"LineString"},"properties":{"placeId":"ad763b1","name":"Laban","type":"campsite","landOrWater":"land","proposed":true,"role":"g9b58b4.simplified"}},{"type":"Feature","geometry":{"coordinates":[[[34.768703,32.094861],[34.995666,32.087121],[35.114468,32.559525],[34.912206,32.585153],[34.768703,32.094861]]],"type":"Polygon"},"properties":{"placeId":"a8bbf2b","name":"Lasharon","type":"region","landOrWater":"land","proposed":true,"role":"g528234.geometry"}},{"type":"Feature","geometry":{"coordinates":[[[[36.26199,34.84163],[36.22679,34.81212],[35.80443,34.281],[35.62844,34.04494],[35.41726,33.66135],[35.34686,33.21875],[35.38206,33.21875],[35.41726,33.21875],[35.45245,33.21875],[35.48765,33.21875],[35.52285,33.21875],[35.55805,33.21875],[35.59324,33.21875],[36.01561,33.66135],[36.05081,33.72037],[36.36758,34.48755],[36.33238,34.84163],[36.29719,34.84163],[36.26199,34.84163]]],[[[35.38206,33.36629],[35.38206,33.33678],[35.41726,33.30727],[35.45245,33.30727],[35.48765,33.30727],[35.52285,33.30727],[35.55805,33.30727],[35.59324,33.30727],[35.62844,33.30727],[35.91002,33.69086],[36.1212,34.07445],[36.33238,34.45804],[36.33238,34.48755],[36.29719,34.51706],[36.22679,34.54656],[36.19159,34.54656],[36.1564,34.54656],[36.1212,34.54656],[36.01561,34.48755],[35.69883,34.07445],[35.48765,33.66135],[35.38206,33.36629]]],[[[35.48765,33.30727],[35.55805,33.30727],[35.59324,33.30727],[35.62844,33.33678],[35.73403,33.45481],[35.83962,33.63185],[35.87482,33.69086],[36.1212,34.10396],[36.1564,34.19248],[36.19159,34.281],[36.22679,34.36952],[36.22679,34.39903],[36.22679,34.42853],[36.22679,34.48755],[36.22679,34.51706],[36.22679,34.54656],[36.19159,34.54656],[36.1564,34.54656],[36.1212,34.54656],[36.05081,34.48755],[35.83962,34.19248],[35.73403,34.04494],[35.52285,33.69086],[35.48765,33.60234],[35.41726,33.36629],[35.41726,33.33678],[35.48765,33.30727]]],[[[35.52285,33.36629],[35.55805,33.36629],[35.66364,33.45481],[35.69883,33.48431],[35.76923,33.54333],[35.80443,33.60234],[35.83962,33.66135],[35.87482,33.72037],[36.05081,34.01544],[36.086,34.07445],[36.1564,34.22199],[36.19159,34.34001],[36.19159,34.39903],[36.19159,34.42853],[36.19159,34.48755],[36.1212,34.48755],[36.086,34.48755],[36.05081,34.48755],[35.76923,34.07445],[35.55805,33.72037],[35.52285,33.66135],[35.45245,33.4253],[35.45245,33.39579],[35.52285,33.36629]]],[[[35.55805,33.69086],[35.48765,33.45481],[35.55805,33.4253],[35.62844,33.45481],[35.66364,33.48431],[35.69883,33.51382],[35.80443,33.60234],[35.83962,33.66135],[36.1212,34.16297],[36.1564,34.31051],[36.1564,34.34001],[36.1564,34.42853],[36.1564,34.45804],[36.1212,34.48755],[36.086,34.48755],[35.80443,34.07445],[35.55805,33.69086]]],[[[35.48765,33.45481],[35.55805,33.45481],[35.69883,33.51382],[35.83962,33.66135],[36.086,34.10396],[36.1212,34.22199],[36.1212,34.39903],[36.1212,34.42853],[36.1212,34.45804],[36.086,34.45804],[35.80443,34.07445],[35.59324,33.69086],[35.48765,33.45481]]],[[[35.59324,33.66135],[35.55805,33.60234],[35.62844,33.54333],[35.66364,33.54333],[35.69883,33.54333],[35.80443,33.66135],[35.83962,33.72037],[36.05081,34.10396],[36.1212,34.39903],[35.83962,34.07445],[35.80443,34.01544],[35.76923,33.95642],[35.62844,33.72037],[35.59324,33.66135]]],[[[35.59324,33.66135],[35.59324,33.60234],[35.62844,33.57283],[35.66364,33.57283],[35.73403,33.60234],[35.76923,33.66135],[35.80443,33.72037],[35.98041,34.04494],[35.98041,34.07445],[35.94521,34.10396],[35.83962,34.07445],[35.80443,34.01544],[35.76923,33.95642],[35.62844,33.72037],[35.59324,33.66135]]],[[[35.94521,34.07445],[35.91002,34.07445],[35.87482,34.07445],[35.83962,34.07445],[35.62844,33.66135],[35.66364,33.63185],[35.76923,33.66135],[35.98041,34.07445],[35.94521,34.07445]]]],"type":"MultiPolygon"},"properties":{"placeId":"a730058","name":"Lebanon","type":"region","landOrWater":"land","proposed":false,"role":"g32a9d3.isobands"}},{"type":"Feature","geometry":{"coordinates":[[[[44.44752,31.80262],[44.44752,31.69905],[44.44752,31.59548],[44.44752,31.49191],[44.44752,31.38834],[45.16514,30.4562],[45.40434,30.14549],[45.88275,30.04192],[46.00236,30.04192],[46.12196,30.04192],[46.24156,30.04192],[46.36117,30.04192],[46.48077,30.04192],[46.60037,30.04192],[46.71998,30.04192],[46.83958,30.04192],[46.95918,30.04192],[47.07878,30.04192],[47.43759,30.14549],[48.15521,30.66334],[48.27482,30.76691],[48.27482,30.87048],[46.83958,32.00976],[46.36117,32.32047],[45.04553,32.83833],[44.92593,32.83833],[44.56712,32.83833],[44.44752,32.2169],[44.44752,32.11333],[44.44752,32.00976],[44.44752,31.90619],[44.44752,31.80262]]],[[[44.80633,32.73476],[44.56712,32.11333],[45.16514,30.66334],[45.40434,30.14549],[47.07878,30.04192],[47.43759,30.14549],[47.6768,30.76691],[47.6768,30.87048],[47.6768,30.97405],[47.6768,31.07763],[46.95918,31.80262],[46.83958,31.90619],[46.71998,32.00976],[44.92593,32.73476],[44.80633,32.73476]]],[[[45.52395,30.14549],[45.64355,30.14549],[45.76315,30.14549],[45.88275,30.14549],[46.00236,30.14549],[46.12196,30.14549],[46.24156,30.14549],[46.36117,30.14549],[46.48077,30.14549],[46.60037,30.14549],[46.71998,30.14549],[46.83958,30.14549],[46.95918,30.14549],[47.07878,30.14549],[47.19839,30.14549],[47.31799,30.14549],[47.43759,30.24906],[47.43759,30.35263],[47.31799,31.1812],[46.12196,32.00976],[45.76315,32.2169],[45.40434,32.32047],[45.28474,32.32047],[45.16514,32.11333],[45.40434,30.4562],[45.52395,30.14549]]],[[[45.28474,32.2169],[45.28474,32.11333],[46.71998,30.35263],[46.83958,30.24906],[47.19839,30.87048],[47.19839,30.97405],[47.19839,31.07763],[47.07878,31.1812],[46.60037,31.59548],[46.00236,32.00976],[45.64355,32.2169],[45.52395,32.2169],[45.40434,32.2169],[45.28474,32.2169]]],[[[45.64355,32.00976],[45.40434,32.11333],[45.52395,32.00976],[45.64355,31.90619],[45.76315,31.80262],[46.71998,31.07763],[46.95918,30.97405],[47.07878,30.97405],[46.95918,31.1812],[45.64355,32.00976]]]],"type":"MultiPolygon"},"properties":{"placeId":"a9de8b7","name":"Leb-kamai","type":"region","landOrWater":"land","proposed":false,"role":"gae312e.isobands"}},{"type":"Feature","geometry":{"coordinates":[[34.781084,29.821546],[34.780612,29.823519],[34.780612,29.825418],[34.779968,29.826907],[34.77838,29.828284],[34.777608,29.829699],[34.777265,29.831002],[34.77735,29.832007],[34.777823,29.833385],[34.777479,29.834018],[34.777308,29.836028],[34.777908,29.837964],[34.778166,29.841277],[34.777522,29.84284],[34.777651,29.844218],[34.777522,29.845446],[34.77632,29.849019],[34.776664,29.850583],[34.77778,29.852183],[34.777951,29.853076],[34.777565,29.853635],[34.774389,29.854975],[34.774003,29.856463],[34.775634,29.858697],[34.77572,29.859702],[34.774518,29.860558],[34.772673,29.860371],[34.770999,29.859702],[34.769368,29.859739],[34.768724,29.860669],[34.768896,29.862232],[34.771986,29.86454],[34.772115,29.866475],[34.771214,29.867443],[34.770012,29.867778],[34.768167,29.867443],[34.766107,29.867629],[34.764476,29.868931],[34.763017,29.87176],[34.761815,29.872727],[34.760571,29.873099],[34.759626,29.874364],[34.758339,29.877341],[34.757137,29.87883],[34.755077,29.878904],[34.75276,29.877937],[34.750528,29.877341],[34.749584,29.87816],[34.750786,29.882104],[34.749498,29.883593],[34.747782,29.883965],[34.745121,29.883742],[34.741945,29.885007],[34.741001,29.885751],[34.73937,29.885602],[34.736881,29.884263],[34.733963,29.884188],[34.732761,29.884932],[34.729414,29.886346],[34.728126,29.887909],[34.72641,29.889546],[34.722891,29.891332],[34.721518,29.892523],[34.719973,29.89602],[34.718084,29.897731],[34.71611,29.899145],[34.715166,29.901675],[34.712849,29.910529],[34.711819,29.912761],[34.709673,29.914546],[34.706068,29.91648],[34.704952,29.919679],[34.704523,29.92206],[34.705038,29.92444],[34.704952,29.928978],[34.705553,29.930912],[34.704866,29.93359],[34.705296,29.936044],[34.706068,29.939317],[34.705982,29.943482],[34.704523,29.946308],[34.703321,29.947498],[34.700146,29.949952],[34.699631,29.952034],[34.698601,29.959322],[34.696369,29.964007],[34.692936,29.967502],[34.691563,29.97003],[34.690962,29.973896],[34.692678,29.977985],[34.695597,29.982595],[34.698515,29.986832],[34.703236,29.992036],[34.704266,29.994563],[34.704523,29.996645],[34.704008,30.000361],[34.703493,30.007274],[34.703021,30.009504],[34.702592,30.010953],[34.701734,30.01244],[34.700832,30.013592],[34.699974,30.014186],[34.699159,30.015115],[34.698772,30.016769]],"type":"LineString"},"properties":{"placeId":"a3e94bd","name":"Libnah 2","type":"campsite","landOrWater":"land","proposed":true,"role":"g9b58b4.simplified"}},{"type":"Feature","geometry":{"coordinates":[[[18.72673,30.418234],[18.709453,28.58229],[27.326427,28.590073],[27.129618,31.480722],[25.839124,31.694974],[25.270603,31.55299],[25.040181,32.012948],[24.618071,32.106662],[24.397417,32.061693],[24.039047,32.12448],[23.757855,32.218252],[23.311497,32.278579],[23.19067,32.662073],[22.188161,32.9885],[21.637979,32.98932],[21.396727,32.847747],[21.014921,32.819806],[20.428425,32.531599],[20.052184,32.211032],[19.862948,31.877679],[19.901814,31.565127],[20.049089,31.26371],[20.113168,31.186404],[20.091664,30.965304],[19.935943,30.775195],[19.75881,30.577958],[19.527656,30.420888],[19.239783,30.314724],[18.972273,30.325962],[18.72673,30.418234]]],"type":"Polygon"},"properties":{"placeId":"ac12af9","name":"Libya","type":"region","landOrWater":"land","proposed":false,"role":"g47a69b.geometry"}},{"type":"Feature","geometry":{"coordinates":[[[35.01485,31.47706],[35.00934,31.47681],[35.00389,31.47607],[34.99856,31.47485],[34.99341,31.47317],[34.98849,31.47103],[34.98386,31.46846],[34.97957,31.4655],[34.97567,31.46217],[34.9722,31.45851],[34.9692,31.45456],[34.9667,31.45037],[34.96472,31.44598],[34.9633,31.44143],[34.96244,31.43678],[34.96215,31.43208],[34.96244,31.42738],[34.96331,31.42273],[34.96474,31.41818],[34.96672,31.41379],[34.96922,31.4096],[34.97223,31.40565],[34.9757,31.402],[34.9796,31.39867],[34.98389,31.39571],[34.98851,31.39315],[34.99342,31.39101],[34.99857,31.38932],[35.0039,31.38811],[35.00934,31.38737],[35.01485,31.38712],[35.02036,31.38737],[35.0258,31.38811],[35.03113,31.38932],[35.03628,31.39101],[35.04119,31.39315],[35.04581,31.39571],[35.0501,31.39867],[35.054,31.402],[35.05747,31.40565],[35.06048,31.4096],[35.06298,31.41379],[35.06496,31.41818],[35.06639,31.42273],[35.06726,31.42738],[35.06755,31.43208],[35.06726,31.43678],[35.0664,31.44143],[35.06498,31.44598],[35.063,31.45037],[35.0605,31.45456],[35.0575,31.45851],[35.05403,31.46217],[35.05013,31.4655],[35.04584,31.46846],[35.04121,31.47103],[35.03629,31.47317],[35.03114,31.47485],[35.02581,31.47607],[35.02036,31.47681],[35.01485,31.47706]]],"type":"Polygon"},"properties":{"placeId":"aacc081","name":"Lower Gulloth","type":"spring","landOrWater":"water","proposed":false,"role":"gb039d6.geometry"}},{"type":"Feature","geometry":{"coordinates":[[[31.392542,36.749214],[35.868834,41.730286],[35.499977,41.67608],[35.213531,41.840519],[35.187504,41.953198],[35.250713,42.021125],[34.954668,42.115441],[34.799015,41.986157],[33.342387,42.060242],[32.228068,41.736616],[32.076236,41.612513],[31.334761,41.358243],[31.376137,41.242076],[31.320797,41.174055],[31.115059,41.126533],[30.7822,41.121269],[30.299895,41.261759],[30.124294,41.17792],[29.14993,41.269633],[28.992196,41.019867],[29.366112,40.739318],[28.95022,40.665445],[28.752571,40.534696],[28.956912,40.412575],[28.037852,40.425274],[28.063748,40.519235],[27.708702,40.555375],[27.685599,40.432284],[27.782244,40.360081],[27.352392,40.391619],[27.288489,40.495661],[26.753292,40.42701],[26.385547,40.200004],[26.391963,40.124427],[26.14944,40.005524],[26.02402,39.450739],[26.236043,39.43109],[26.88684,39.542399],[26.709359,39.40273],[26.529386,39.419071],[26.557371,39.268483],[26.798843,39.073284],[26.780363,38.898624],[26.895758,38.873333],[26.678294,38.723268],[26.699284,38.575175],[26.433303,38.71845],[26.298784,38.666938],[26.329535,38.479642],[26.189827,38.326381],[26.204678,38.245802],[26.616767,38.055712],[26.669864,38.180725],[26.746584,38.178977],[26.875646,37.998278],[26.956803,38.05162],[27.224144,37.961744],[27.186976,37.752091],[26.985582,37.694044],[26.974407,37.630626],[27.141411,37.581205],[27.154339,37.454133],[27.203203,37.45582],[27.167728,37.353736],[27.353632,37.320746],[27.49438,37.187429],[27.347423,37.193134],[27.192708,37.114144],[27.186554,36.984788],[27.486135,36.940459],[28.196953,37.017504],[28.013209,36.955075],[27.970899,36.8278],[27.595393,36.81813],[27.401456,36.770316],[27.337545,36.68034],[27.675026,36.638986],[27.739579,36.731769],[27.968262,36.730543],[27.971324,36.533466],[28.120871,36.567485],[28.333177,36.773642],[28.764923,36.67527],[28.850529,36.557328],[28.997783,36.676302],[28.98929,36.533745],[29.081132,36.522435],[29.082555,36.368471],[29.315711,36.206728],[29.730587,36.100342],[30.159125,36.297113],[30.318496,36.295438],[30.402879,36.201571],[30.497716,36.270193],[30.538907,36.33462],[30.48902,36.399177],[30.607819,36.60161],[30.581967,36.796408],[30.69303,36.879968],[31.327249,36.804253],[31.392542,36.749214]]],"type":"Polygon"},"properties":{"placeId":"a38776a","name":"Lud 1","type":"region","landOrWater":"land","proposed":false,"role":"gcd335e.simplified"}},{"type":"Feature","geometry":{"coordinates":[[[31.392542,36.749214],[35.868834,41.730286],[35.499977,41.67608],[35.213531,41.840519],[35.187504,41.953198],[35.250713,42.021125],[34.954668,42.115441],[34.799015,41.986157],[33.342387,42.060242],[32.228068,41.736616],[32.076236,41.612513],[31.334761,41.358243],[31.376137,41.242076],[31.320797,41.174055],[31.115059,41.126533],[30.7822,41.121269],[30.299895,41.261759],[30.124294,41.17792],[29.14993,41.269633],[28.992196,41.019867],[29.366112,40.739318],[28.95022,40.665445],[28.752571,40.534696],[28.956912,40.412575],[28.037852,40.425274],[28.063748,40.519235],[27.708702,40.555375],[27.685599,40.432284],[27.782244,40.360081],[27.352392,40.391619],[27.288489,40.495661],[26.753292,40.42701],[26.385547,40.200004],[26.391963,40.124427],[26.14944,40.005524],[26.02402,39.450739],[26.236043,39.43109],[26.88684,39.542399],[26.709359,39.40273],[26.529386,39.419071],[26.557371,39.268483],[26.798843,39.073284],[26.780363,38.898624],[26.895758,38.873333],[26.678294,38.723268],[26.699284,38.575175],[26.433303,38.71845],[26.298784,38.666938],[26.329535,38.479642],[26.189827,38.326381],[26.204678,38.245802],[26.616767,38.055712],[26.669864,38.180725],[26.746584,38.178977],[26.875646,37.998278],[26.956803,38.05162],[27.224144,37.961744],[27.186976,37.752091],[26.985582,37.694044],[26.974407,37.630626],[27.141411,37.581205],[27.154339,37.454133],[27.203203,37.45582],[27.167728,37.353736],[27.353632,37.320746],[27.49438,37.187429],[27.347423,37.193134],[27.192708,37.114144],[27.186554,36.984788],[27.486135,36.940459],[28.196953,37.017504],[28.013209,36.955075],[27.970899,36.8278],[27.595393,36.81813],[27.401456,36.770316],[27.337545,36.68034],[27.675026,36.638986],[27.739579,36.731769],[27.968262,36.730543],[27.971324,36.533466],[28.120871,36.567485],[28.333177,36.773642],[28.764923,36.67527],[28.850529,36.557328],[28.997783,36.676302],[28.98929,36.533745],[29.081132,36.522435],[29.082555,36.368471],[29.315711,36.206728],[29.730587,36.100342],[30.159125,36.297113],[30.318496,36.295438],[30.402879,36.201571],[30.497716,36.270193],[30.538907,36.33462],[30.48902,36.399177],[30.607819,36.60161],[30.581967,36.796408],[30.69303,36.879968],[31.327249,36.804253],[31.392542,36.749214]]],"type":"Polygon"},"properties":{"placeId":"a359997","name":"Lud 2","type":"region","landOrWater":"land","proposed":true,"role":"gcd335e.simplified"}},{"type":"Feature","geometry":{"coordinates":[[[[31.77714,38.45586],[31.77714,37.93438],[31.77714,37.87643],[31.77714,37.81849],[31.77714,37.76055],[32.64653,37.35495],[32.71898,37.35495],[33.22613,37.41289],[34.16797,37.52878],[34.31287,37.58672],[34.45777,37.70261],[34.45777,37.76055],[34.45777,37.81849],[34.38532,37.87643],[33.87817,38.22409],[32.93633,38.62969],[32.79143,38.68763],[32.50163,38.74557],[31.84959,38.68763],[31.77714,38.62969],[31.77714,38.57174],[31.77714,38.5138],[31.77714,38.45586]]],[[[32.57408,38.68763],[31.77714,38.57174],[31.92204,38.22409],[32.57408,37.47084],[32.64653,37.47084],[32.71898,37.47084],[32.79143,37.47084],[32.86388,37.47084],[32.93633,37.47084],[33.00878,37.47084],[33.08123,37.47084],[33.15368,37.47084],[33.22613,37.47084],[33.29858,37.47084],[34.16797,37.58672],[34.31287,37.70261],[34.38532,37.87643],[33.73327,38.28203],[33.00878,38.57174],[32.86388,38.62969],[32.57408,38.68763]]],[[[32.86388,37.47084],[32.93633,37.47084],[33.08123,37.47084],[33.15368,37.47084],[34.16797,37.58672],[34.24042,37.76055],[34.24042,37.81849],[33.73327,38.28203],[32.86388,38.62969],[32.79143,38.62969],[32.64653,38.62969],[32.57408,38.62969],[32.50163,38.62969],[31.99448,38.39792],[32.13938,38.1082],[32.57408,37.52878],[32.79143,37.47084],[32.86388,37.47084]]],[[[32.50163,38.57174],[32.21183,38.39792],[32.13938,38.33997],[32.13938,38.1082],[32.64653,37.58672],[32.79143,37.52878],[33.00878,37.52878],[33.08123,37.52878],[33.15368,37.52878],[33.95062,37.64466],[34.16797,37.70261],[34.16797,37.76055],[34.16797,37.81849],[34.09552,37.87643],[33.58838,38.22409],[32.79143,38.57174],[32.64653,38.62969],[32.50163,38.57174]]],[[[32.64653,37.58672],[33.08123,37.52878],[33.44348,37.58672],[33.80572,37.64466],[34.09552,37.81849],[33.73327,38.1082],[33.58838,38.16615],[32.64653,38.57174],[32.57408,38.57174],[32.13938,38.33997],[32.64653,37.58672]]],[[[32.57408,38.28203],[32.42918,38.1082],[32.71898,37.58672],[32.79143,37.58672],[32.86388,37.58672],[32.93633,37.58672],[33.00878,37.58672],[33.08123,37.58672],[33.44348,37.64466],[33.80572,37.70261],[33.95062,37.76055],[34.02307,37.81849],[33.95062,37.87643],[33.87817,37.93438],[33.66083,38.1082],[33.22613,38.28203],[32.79143,38.39792],[32.57408,38.28203]]],[[[32.57408,38.28203],[32.50163,38.1082],[32.79143,37.58672],[32.86388,37.58672],[32.93633,37.58672],[33.08123,37.58672],[33.80572,37.70261],[33.87817,37.76055],[33.95062,37.81849],[33.29858,38.22409],[32.57408,38.28203]]],[[[32.71898,38.22409],[32.64653,38.22409],[32.57408,38.22409],[32.64653,37.99232],[32.93633,37.64466],[33.00878,37.64466],[33.08123,37.64466],[33.22613,37.64466],[33.29858,37.64466],[33.80572,37.76055],[33.73327,37.81849],[32.93633,38.16615],[32.71898,38.22409]]],[[[32.64653,38.16615],[33.00878,37.64466],[33.08123,37.64466],[33.22613,37.64466],[33.66083,37.81849],[32.64653,38.22409],[32.64653,38.16615]]]],"type":"MultiPolygon"},"properties":{"placeId":"a3668b6","name":"Lycaonia","type":"region","landOrWater":"land","proposed":false,"role":"gced2db.isobands"}},{"type":"Feature","geometry":{"coordinates":[[[28.66014,36.686573],[28.845434,36.556098],[28.999502,36.6665],[28.952909,36.552275],[29.079566,36.504609],[29.088279,36.338844],[29.332552,36.191188],[29.447584,36.184024],[29.557863,36.077097],[29.723676,36.075177],[30.153723,36.192982],[30.199692,36.274883],[30.340439,36.238791],[30.413954,36.139106],[30.580729,36.318147],[30.543591,36.406368],[30.623273,36.594504],[30.606452,36.740654],[30.157848,37.069301],[29.305166,37.471584],[29.128275,37.342802],[28.800838,36.985517],[28.66014,36.686573]]],"type":"Polygon"},"properties":{"placeId":"a19fd03","name":"Lycia","type":"region","landOrWater":"land","proposed":false,"role":"g58daff.geometry"}},{"type":"Feature","geometry":{"coordinates":[[[31.392542,36.749214],[35.868834,41.730286],[35.499977,41.67608],[35.213531,41.840519],[35.187504,41.953198],[35.250713,42.021125],[34.954668,42.115441],[34.799015,41.986157],[33.342387,42.060242],[32.228068,41.736616],[32.076236,41.612513],[31.334761,41.358243],[31.376137,41.242076],[31.320797,41.174055],[31.115059,41.126533],[30.7822,41.121269],[30.299895,41.261759],[30.124294,41.17792],[29.14993,41.269633],[28.992196,41.019867],[29.366112,40.739318],[28.95022,40.665445],[28.752571,40.534696],[28.956912,40.412575],[28.037852,40.425274],[28.063748,40.519235],[27.708702,40.555375],[27.685599,40.432284],[27.782244,40.360081],[27.352392,40.391619],[27.288489,40.495661],[26.753292,40.42701],[26.385547,40.200004],[26.391963,40.124427],[26.14944,40.005524],[26.02402,39.450739],[26.236043,39.43109],[26.88684,39.542399],[26.709359,39.40273],[26.529386,39.419071],[26.557371,39.268483],[26.798843,39.073284],[26.780363,38.898624],[26.895758,38.873333],[26.678294,38.723268],[26.699284,38.575175],[26.433303,38.71845],[26.298784,38.666938],[26.329535,38.479642],[26.189827,38.326381],[26.204678,38.245802],[26.616767,38.055712],[26.669864,38.180725],[26.746584,38.178977],[26.875646,37.998278],[26.956803,38.05162],[27.224144,37.961744],[27.186976,37.752091],[26.985582,37.694044],[26.974407,37.630626],[27.141411,37.581205],[27.154339,37.454133],[27.203203,37.45582],[27.167728,37.353736],[27.353632,37.320746],[27.49438,37.187429],[27.347423,37.193134],[27.192708,37.114144],[27.186554,36.984788],[27.486135,36.940459],[28.196953,37.017504],[28.013209,36.955075],[27.970899,36.8278],[27.595393,36.81813],[27.401456,36.770316],[27.337545,36.68034],[27.675026,36.638986],[27.739579,36.731769],[27.968262,36.730543],[27.971324,36.533466],[28.120871,36.567485],[28.333177,36.773642],[28.764923,36.67527],[28.850529,36.557328],[28.997783,36.676302],[28.98929,36.533745],[29.081132,36.522435],[29.082555,36.368471],[29.315711,36.206728],[29.730587,36.100342],[30.159125,36.297113],[30.318496,36.295438],[30.402879,36.201571],[30.497716,36.270193],[30.538907,36.33462],[30.48902,36.399177],[30.607819,36.60161],[30.581967,36.796408],[30.69303,36.879968],[31.327249,36.804253],[31.392542,36.749214]]],"type":"Polygon"},"properties":{"placeId":"a2d7b73","name":"Lydia","type":"region","landOrWater":"land","proposed":false,"role":"gcd335e.simplified"}},{"type":"Feature","geometry":{"coordinates":[[[[35.71477,32.97281],[35.73213,32.95823],[35.74949,32.95823],[36.11408,33.08948],[36.23562,33.22072],[36.21825,33.24989],[36.20089,33.27906],[36.18353,33.29364],[35.99255,33.36655],[35.97519,33.36655],[35.95783,33.36655],[35.57588,33.29364],[35.55852,33.27906],[35.55852,33.26447],[35.55852,33.24989],[35.57588,33.13322],[35.71477,32.97281]]],[[[35.57588,33.27906],[35.57588,33.26447],[35.57588,33.24989],[35.57588,33.19156],[35.57588,33.17697],[35.57588,33.16239],[35.57588,33.14781],[35.57588,33.13322],[35.73213,33.03114],[36.09672,33.10406],[36.13145,33.16239],[36.14881,33.19156],[36.14881,33.22072],[36.13145,33.26447],[35.94047,33.3228],[35.92311,33.3228],[35.57588,33.27906]]],[[[35.57588,33.14781],[35.69741,33.07489],[35.80158,33.06031],[35.97519,33.10406],[36.09672,33.14781],[36.13145,33.16239],[36.13145,33.19156],[36.11408,33.22072],[36.07936,33.24989],[36.062,33.26447],[36.04464,33.27906],[35.92311,33.29364],[35.80158,33.26447],[35.6106,33.19156],[35.57588,33.14781]]],[[[35.68005,33.10406],[35.71477,33.08948],[35.73213,33.08948],[35.74949,33.08948],[35.76685,33.08948],[35.78422,33.08948],[35.81894,33.08948],[35.92311,33.10406],[35.97519,33.11864],[36.07936,33.14781],[36.09672,33.19156],[36.09672,33.20614],[36.09672,33.22072],[36.062,33.24989],[35.92311,33.27906],[35.90575,33.27906],[35.81894,33.24989],[35.74949,33.22072],[35.59324,33.14781],[35.6106,33.13322],[35.68005,33.10406]]],[[[35.69741,33.10406],[35.73213,33.08948],[35.74949,33.08948],[35.76685,33.08948],[35.90575,33.10406],[36.04464,33.14781],[36.062,33.16239],[36.09672,33.20614],[36.062,33.24989],[35.90575,33.26447],[35.88838,33.26447],[35.76685,33.22072],[35.69741,33.19156],[35.6106,33.14781],[35.69741,33.10406]]],[[[35.78422,33.22072],[35.69741,33.19156],[35.6106,33.14781],[35.71477,33.10406],[35.74949,33.08948],[35.76685,33.08948],[35.87102,33.11864],[35.99255,33.16239],[36.062,33.20614],[36.062,33.22072],[35.90575,33.24989],[35.88838,33.24989],[35.78422,33.22072]]],[[[35.69741,33.11864],[35.73213,33.10406],[35.74949,33.10406],[35.76685,33.10406],[35.78422,33.10406],[35.87102,33.13322],[35.90575,33.14781],[36.00992,33.20614],[36.00992,33.22072],[35.97519,33.22072],[35.95783,33.22072],[35.94047,33.22072],[35.92311,33.22072],[35.90575,33.22072],[35.88838,33.22072],[35.87102,33.22072],[35.85366,33.22072],[35.8363,33.22072],[35.81894,33.22072],[35.80158,33.22072],[35.73213,33.19156],[35.64532,33.14781],[35.66269,33.13322],[35.69741,33.11864]]],[[[35.69741,33.16239],[35.68005,33.14781],[35.69741,33.13322],[35.71477,33.11864],[35.73213,33.10406],[35.74949,33.10406],[35.76685,33.10406],[35.78422,33.10406],[35.87102,33.14781],[35.97519,33.20614],[35.95783,33.22072],[35.94047,33.22072],[35.92311,33.22072],[35.90575,33.22072],[35.88838,33.22072],[35.87102,33.22072],[35.85366,33.22072],[35.8363,33.22072],[35.71477,33.17697],[35.69741,33.16239]]],[[[35.73213,33.17697],[35.69741,33.14781],[35.74949,33.10406],[35.76685,33.10406],[35.8363,33.14781],[35.95783,33.22072],[35.94047,33.22072],[35.90575,33.22072],[35.88838,33.22072],[35.87102,33.22072],[35.85366,33.22072],[35.73213,33.17697]]]],"type":"MultiPolygon"},"properties":{"placeId":"acae7cb","name":"Maacah","type":"region","landOrWater":"land","proposed":false,"role":"ge2a5b0.isobands"}},{"type":"Feature","geometry":{"coordinates":[[[35.23072,31.8411],[35.2285,31.841],[35.22632,31.84071],[35.22418,31.84022],[35.22211,31.83954],[35.22013,31.83869],[35.21827,31.83766],[35.21655,31.83648],[35.21498,31.83515],[35.21359,31.83368],[35.21238,31.8321],[35.21138,31.83043],[35.21058,31.82867],[35.21001,31.82685],[35.20967,31.82499],[35.20955,31.82311],[35.20967,31.82123],[35.21001,31.81937],[35.21059,31.81755],[35.21138,31.8158],[35.21239,31.81412],[35.21359,31.81254],[35.21499,31.81108],[35.21656,31.80975],[35.21828,31.80856],[35.22014,31.80754],[35.22211,31.80668],[35.22418,31.80601],[35.22632,31.80552],[35.22851,31.80523],[35.23072,31.80513],[35.23293,31.80523],[35.23512,31.80552],[35.23726,31.80601],[35.23933,31.80668],[35.2413,31.80754],[35.24316,31.80856],[35.24488,31.80975],[35.24645,31.81108],[35.24784,31.81254],[35.24905,31.81412],[35.25005,31.8158],[35.25085,31.81755],[35.25142,31.81937],[35.25177,31.82123],[35.25189,31.82311],[35.25177,31.82499],[35.25142,31.82685],[35.25085,31.82867],[35.25006,31.83043],[35.24905,31.8321],[35.24785,31.83368],[35.24645,31.83515],[35.24488,31.83648],[35.24316,31.83766],[35.2413,31.83869],[35.23933,31.83954],[35.23726,31.84022],[35.23512,31.84071],[35.23293,31.841],[35.23072,31.8411]]],"type":"Polygon"},"properties":{"placeId":"a5e9c87","name":"Maareh-geba","type":"natural area","landOrWater":"land","proposed":false,"role":"gf96939.geometry"}},{"type":"Feature","geometry":{"coordinates":[[[19.435595,40.392179],[20.925919,40.292434],[21.631536,39.967708],[22.690401,40.035755],[22.61989,40.113744],[22.750642,40.442579],[22.831701,40.37209],[23.251951,40.193534],[23.31789,39.929366],[23.791315,39.861007],[23.803805,39.949841],[23.41974,40.19926],[23.642845,40.188472],[23.873873,39.925472],[23.989156,39.896443],[24.092459,39.972007],[24.081142,40.096083],[23.982696,40.190757],[23.802165,40.267341],[23.904409,40.292757],[24.003015,40.265771],[24.294196,40.101079],[24.453972,40.140395],[24.38777,40.25841],[24.000989,40.494644],[23.954488,40.41691],[23.883055,40.496659],[23.978651,40.537689],[23.909404,40.595009],[23.743447,40.696574],[23.804003,40.747296],[24.045438,40.695959],[24.384515,40.824327],[24.383585,40.880592],[24.453255,40.917432],[23.865836,41.500285],[22.364147,41.878491],[22.164235,42.252529],[21.634339,41.906691],[20.477368,41.9888],[19.850333,41.98078],[19.562901,41.784367],[19.559572,41.596376],[19.428309,41.605405],[19.451865,41.547706],[19.49872,41.524938],[19.37244,41.417611],[19.419533,41.297161],[19.481821,41.281314],[19.432468,41.151737],[19.424211,41.009909],[19.371979,40.9162],[19.342793,40.817656],[19.295655,40.637131],[19.435595,40.392179]]],"type":"Polygon"},"properties":{"placeId":"a69e1b8","name":"Macedonia","type":"region","landOrWater":"land","proposed":false,"role":"g1a6676.geometry"}},{"type":"Feature","geometry":{"coordinates":[[[31.392542,36.749214],[35.868834,41.730286],[35.499977,41.67608],[35.213531,41.840519],[35.187504,41.953198],[35.250713,42.021125],[34.954668,42.115441],[34.799015,41.986157],[33.342387,42.060242],[32.228068,41.736616],[32.076236,41.612513],[31.334761,41.358243],[31.376137,41.242076],[31.320797,41.174055],[31.115059,41.126533],[30.7822,41.121269],[30.299895,41.261759],[30.124294,41.17792],[29.14993,41.269633],[28.992196,41.019867],[29.366112,40.739318],[28.95022,40.665445],[28.752571,40.534696],[28.956912,40.412575],[28.037852,40.425274],[28.063748,40.519235],[27.708702,40.555375],[27.685599,40.432284],[27.782244,40.360081],[27.352392,40.391619],[27.288489,40.495661],[26.753292,40.42701],[26.385547,40.200004],[26.391963,40.124427],[26.14944,40.005524],[26.02402,39.450739],[26.236043,39.43109],[26.88684,39.542399],[26.709359,39.40273],[26.529386,39.419071],[26.557371,39.268483],[26.798843,39.073284],[26.780363,38.898624],[26.895758,38.873333],[26.678294,38.723268],[26.699284,38.575175],[26.433303,38.71845],[26.298784,38.666938],[26.329535,38.479642],[26.189827,38.326381],[26.204678,38.245802],[26.616767,38.055712],[26.669864,38.180725],[26.746584,38.178977],[26.875646,37.998278],[26.956803,38.05162],[27.224144,37.961744],[27.186976,37.752091],[26.985582,37.694044],[26.974407,37.630626],[27.141411,37.581205],[27.154339,37.454133],[27.203203,37.45582],[27.167728,37.353736],[27.353632,37.320746],[27.49438,37.187429],[27.347423,37.193134],[27.192708,37.114144],[27.186554,36.984788],[27.486135,36.940459],[28.196953,37.017504],[28.013209,36.955075],[27.970899,36.8278],[27.595393,36.81813],[27.401456,36.770316],[27.337545,36.68034],[27.675026,36.638986],[27.739579,36.731769],[27.968262,36.730543],[27.971324,36.533466],[28.120871,36.567485],[28.333177,36.773642],[28.764923,36.67527],[28.850529,36.557328],[28.997783,36.676302],[28.98929,36.533745],[29.081132,36.522435],[29.082555,36.368471],[29.315711,36.206728],[29.730587,36.100342],[30.159125,36.297113],[30.318496,36.295438],[30.402879,36.201571],[30.497716,36.270193],[30.538907,36.33462],[30.48902,36.399177],[30.607819,36.60161],[30.581967,36.796408],[30.69303,36.879968],[31.327249,36.804253],[31.392542,36.749214]]],"type":"Polygon"},"properties":{"placeId":"ae3d487","name":"Magog","type":"region","landOrWater":"land","proposed":true,"role":"gcd335e.simplified"}},{"type":"Feature","geometry":{"coordinates":[[[34.994019,31.766748],[35.010814,31.778157],[34.993181,31.795408],[34.975592,31.788596],[34.994019,31.766748]]],"type":"Polygon"},"properties":{"placeId":"ab3fd96","name":"Mahaneh-dan 1","type":"campsite","landOrWater":"land","proposed":true,"role":"g662538.geometry"}},{"type":"Feature","geometry":{"coordinates":[[[34.994019,31.766748],[35.010814,31.778157],[34.993181,31.795408],[34.975592,31.788596],[34.994019,31.766748]]],"type":"Polygon"},"properties":{"placeId":"a67325d","name":"Mahaneh-dan 2","type":"campsite","landOrWater":"land","proposed":true,"role":"g662538.geometry"}},{"type":"Feature","geometry":{"coordinates":[[[14.500518,35.811697],[14.515521,35.806142],[14.543007,35.811332],[14.549677,35.818053],[14.543022,35.813293],[14.546941,35.820504],[14.538819,35.821293],[14.542002,35.815962],[14.530725,35.819891],[14.533702,35.82709],[14.529903,35.830179],[14.5447,35.829277],[14.545671,35.841161],[14.562304,35.819791],[14.564001,35.834955],[14.559636,35.83775],[14.564825,35.837117],[14.563754,35.842732],[14.572736,35.84081],[14.567418,35.845109],[14.572209,35.849764],[14.563254,35.85359],[14.576492,35.86133],[14.561713,35.863559],[14.575168,35.867573],[14.550977,35.888197],[14.525315,35.898894],[14.526118,35.8876],[14.516656,35.892424],[14.520104,35.881368],[14.514132,35.891074],[14.516831,35.880927],[14.511777,35.886521],[14.496794,35.878815],[14.501549,35.880779],[14.497864,35.885096],[14.520627,35.902932],[14.497479,35.89289],[14.497323,35.896503],[14.491021,35.895012],[14.500058,35.89667],[14.495634,35.902999],[14.499139,35.907388],[14.515209,35.907094],[14.498874,35.9189],[14.493702,35.914569],[14.490074,35.919197],[14.495027,35.919438],[14.495516,35.926993],[14.48772,35.926287],[14.491088,35.930604],[14.47621,35.937954],[14.459322,35.937985],[14.454831,35.947169],[14.450009,35.943201],[14.44403,35.951964],[14.433207,35.954861],[14.421102,35.944749],[14.429789,35.960409],[14.384774,35.945168],[14.389885,35.958878],[14.396434,35.958343],[14.397123,35.967773],[14.379374,35.971473],[14.355608,35.966108],[14.349969,35.971126],[14.376058,35.987385],[14.367816,35.998196],[14.361777,35.996292],[14.364983,35.99196],[14.353443,35.991882],[14.351186,35.986693],[14.328187,35.989743],[14.334036,35.983814],[14.318908,35.97155],[14.335459,35.970304],[14.335692,35.961859],[14.341668,35.960476],[14.337888,35.958366],[14.340667,35.951741],[14.328496,35.940571],[14.344217,35.93352],[14.339017,35.927315],[14.344043,35.920915],[14.334676,35.922936],[14.332517,35.917313],[14.341137,35.906424],[14.328144,35.906351],[14.341908,35.873618],[14.354418,35.870412],[14.35283,35.867141],[14.396197,35.84285],[14.396231,35.838479],[14.415863,35.833802],[14.416739,35.828181],[14.500518,35.811697]]],"type":"Polygon"},"properties":{"placeId":"a57835d","name":"Malta","type":"island","landOrWater":"land","proposed":false,"role":"ge44c9e.simplified"}},{"type":"Feature","geometry":{"coordinates":[[[35.46361,29.99191],[35.45818,29.99166],[35.45282,29.99093],[35.44757,29.98971],[35.44249,29.98802],[35.43765,29.98588],[35.4331,29.98332],[35.42888,29.98036],[35.42503,29.97703],[35.42162,29.97337],[35.41866,29.96942],[35.41619,29.96522],[35.41425,29.96083],[35.41285,29.95628],[35.412,29.95163],[35.41172,29.94693],[35.412,29.94223],[35.41286,29.93759],[35.41426,29.93304],[35.41621,29.92865],[35.41868,29.92445],[35.42164,29.92051],[35.42506,29.91685],[35.4289,29.91352],[35.43312,29.91056],[35.43767,29.908],[35.44251,29.90586],[35.44758,29.90418],[35.45283,29.90296],[35.45819,29.90222],[35.46361,29.90198],[35.46903,29.90222],[35.4744,29.90296],[35.47964,29.90418],[35.48471,29.90586],[35.48955,29.908],[35.4941,29.91056],[35.49832,29.91352],[35.50216,29.91685],[35.50558,29.92051],[35.50854,29.92445],[35.51101,29.92865],[35.51296,29.93304],[35.51437,29.93759],[35.51522,29.94223],[35.51551,29.94693],[35.51522,29.95163],[35.51438,29.95628],[35.51297,29.96083],[35.51103,29.96522],[35.50856,29.96942],[35.50561,29.97337],[35.50219,29.97703],[35.49835,29.98036],[35.49413,29.98332],[35.48957,29.98588],[35.48473,29.98802],[35.47965,29.98971],[35.47441,29.99093],[35.46904,29.99166],[35.46361,29.99191]]],"type":"Polygon"},"properties":{"placeId":"a57e0a0","name":"Masrekah","type":"settlement","landOrWater":"land","proposed":false,"role":"gea3857.geometry"}},{"type":"Feature","geometry":{"coordinates":[[[33.88028,28.62755],[33.87974,28.62753],[33.87921,28.62745],[33.87869,28.62733],[33.87819,28.62716],[33.87772,28.62695],[33.87727,28.62669],[33.87685,28.6264],[33.87647,28.62606],[33.87613,28.6257],[33.87584,28.6253],[33.8756,28.62488],[33.87541,28.62445],[33.87527,28.62399],[33.87518,28.62353],[33.87516,28.62306],[33.87518,28.62259],[33.87527,28.62212],[33.87541,28.62167],[33.8756,28.62123],[33.87584,28.62081],[33.87613,28.62041],[33.87647,28.62005],[33.87685,28.61971],[33.87727,28.61942],[33.87772,28.61916],[33.87819,28.61895],[33.8787,28.61878],[33.87921,28.61866],[33.87974,28.61858],[33.88028,28.61856],[33.88081,28.61858],[33.88134,28.61866],[33.88186,28.61878],[33.88236,28.61895],[33.88284,28.61916],[33.88329,28.61942],[33.88371,28.61971],[33.88408,28.62005],[33.88442,28.62041],[33.88471,28.62081],[33.88496,28.62123],[33.88515,28.62167],[33.88529,28.62212],[33.88537,28.62259],[33.8854,28.62306],[33.88537,28.62353],[33.88529,28.62399],[33.88515,28.62445],[33.88496,28.62488],[33.88471,28.6253],[33.88442,28.6257],[33.88408,28.62606],[33.88371,28.6264],[33.88329,28.62669],[33.88284,28.62695],[33.88236,28.62716],[33.88186,28.62733],[33.88134,28.62745],[33.88081,28.62753],[33.88028,28.62755]]],"type":"Polygon"},"properties":{"placeId":"a296e06","name":"Massah","type":"campsite","landOrWater":"land","proposed":true,"role":"ge3db74.geometry"}},{"type":"Feature","geometry":{"coordinates":[[[50.011002,30.088045],[51.274977,27.694685],[51.968945,27.609028],[52.543486,27.20282],[53.574455,26.563513],[54.784824,26.32797],[56.551349,26.977192],[57.236117,25.52583],[59.106793,29.245149],[67.553301,30.971734],[67.40204,33.293338],[63.109926,39.492965],[53.925093,36.989022],[51.826439,36.676968],[50.475233,37.138887],[50.333849,37.458567],[49.23762,37.615969],[49.058806,38.442823],[45.126246,41.165846],[43.314852,41.359638],[41.52824,40.338099],[36.877553,40.513882],[36.556185,41.467699],[35.460059,42.142747],[33.730665,39.348271],[34.945889,38.788819],[39.839415,37.914506],[40.277386,36.597958],[45.212807,36.061842],[47.519954,34.14296],[49.578808,32.720199],[50.59391,30.775085],[50.011002,30.088045]]],"type":"Polygon"},"properties":{"placeId":"ad2fadf","name":"Media","type":"region","landOrWater":"land","proposed":false,"role":"g64db35.geometry"}},{"type":"Feature","geometry":{"coordinates":[[34.92187,32.109923],[34.920395,32.110569],[34.91929,32.11016],[34.916747,32.114222],[34.913559,32.11535],[34.913044,32.116685],[34.914975,32.117385],[34.914267,32.117676],[34.914941,32.118784],[34.913388,32.118625],[34.912249,32.119445],[34.912225,32.120924],[34.910952,32.121063],[34.913905,32.123046],[34.912648,32.125425],[34.911517,32.125606],[34.911653,32.126963],[34.909814,32.125908],[34.90912,32.126927],[34.907937,32.126446],[34.908639,32.124025],[34.907283,32.124183],[34.907213,32.123093],[34.905266,32.124618],[34.903344,32.124712],[34.903052,32.123927],[34.901344,32.123818],[34.900074,32.122606],[34.899434,32.122814],[34.899584,32.124116],[34.898374,32.123593],[34.899249,32.12448],[34.898643,32.125071],[34.897352,32.124783],[34.897412,32.125917],[34.896615,32.124763],[34.895118,32.125723],[34.894772,32.123509],[34.892505,32.124647],[34.891387,32.12278],[34.887052,32.123766],[34.886007,32.12507],[34.881304,32.126046],[34.881979,32.127007],[34.880217,32.127257],[34.879716,32.125219],[34.877434,32.123572],[34.876218,32.124222],[34.876872,32.122713],[34.874815,32.121738],[34.875058,32.120146],[34.873569,32.121504],[34.874145,32.122519],[34.871815,32.124982],[34.87169,32.126464],[34.868843,32.124817],[34.869913,32.121599],[34.86599,32.123571],[34.865866,32.122185],[34.867878,32.121744],[34.867192,32.119854],[34.864543,32.116752],[34.863061,32.117248],[34.861454,32.116269],[34.862541,32.115188],[34.860793,32.113469],[34.861184,32.1114],[34.859417,32.110857],[34.861062,32.109747],[34.859518,32.109118],[34.858937,32.110934],[34.857618,32.110848],[34.858154,32.1078],[34.854984,32.108059],[34.853552,32.106201],[34.852282,32.108467],[34.850394,32.106376],[34.849305,32.107077],[34.846837,32.106508],[34.842692,32.108361],[34.841605,32.106925],[34.839792,32.10701],[34.8359,32.105164],[34.830361,32.105819],[34.82687,32.105316],[34.82681,32.106581],[34.822871,32.103612],[34.824322,32.102354],[34.821051,32.101077],[34.822544,32.098944],[34.819334,32.096094],[34.818412,32.097739],[34.81561,32.098142],[34.813979,32.096016],[34.812159,32.095607],[34.807321,32.09694],[34.807535,32.098803],[34.80644,32.099694],[34.800395,32.100181],[34.792436,32.0974],[34.778477,32.096213],[34.777325,32.098087],[34.778046,32.100378],[34.775966,32.103401]],"type":"LineString"},"properties":{"placeId":"a7d1972","name":"Me-jarkon","type":"river","landOrWater":"water","proposed":true,"role":"g652f35.simplified"}},{"type":"Feature","geometry":{"coordinates":[[[33.88028,28.62755],[33.87974,28.62753],[33.87921,28.62745],[33.87869,28.62733],[33.87819,28.62716],[33.87772,28.62695],[33.87727,28.62669],[33.87685,28.6264],[33.87647,28.62606],[33.87613,28.6257],[33.87584,28.6253],[33.8756,28.62488],[33.87541,28.62445],[33.87527,28.62399],[33.87518,28.62353],[33.87516,28.62306],[33.87518,28.62259],[33.87527,28.62212],[33.87541,28.62167],[33.8756,28.62123],[33.87584,28.62081],[33.87613,28.62041],[33.87647,28.62005],[33.87685,28.61971],[33.87727,28.61942],[33.87772,28.61916],[33.87819,28.61895],[33.8787,28.61878],[33.87921,28.61866],[33.87974,28.61858],[33.88028,28.61856],[33.88081,28.61858],[33.88134,28.61866],[33.88186,28.61878],[33.88236,28.61895],[33.88284,28.61916],[33.88329,28.61942],[33.88371,28.61971],[33.88408,28.62005],[33.88442,28.62041],[33.88471,28.62081],[33.88496,28.62123],[33.88515,28.62167],[33.88529,28.62212],[33.88537,28.62259],[33.8854,28.62306],[33.88537,28.62353],[33.88529,28.62399],[33.88515,28.62445],[33.88496,28.62488],[33.88471,28.6253],[33.88442,28.6257],[33.88408,28.62606],[33.88371,28.6264],[33.88329,28.62669],[33.88284,28.62695],[33.88236,28.62716],[33.88186,28.62733],[33.88134,28.62745],[33.88081,28.62753],[33.88028,28.62755]]],"type":"Polygon"},"properties":{"placeId":"a65db0f","name":"Meribah 2","type":"campsite","landOrWater":"land","proposed":false,"role":"ge3db74.geometry"}},{"type":"Feature","geometry":{"coordinates":[[[35.21642,31.9391],[35.20977,31.9388],[35.2032,31.93792],[35.19677,31.93645],[35.19056,31.93443],[35.18463,31.93186],[35.17905,31.92878],[35.17388,31.92523],[35.16917,31.92123],[35.16499,31.91684],[35.16137,31.9121],[35.15835,31.90707],[35.15597,31.9018],[35.15425,31.89634],[35.15321,31.89076],[35.15287,31.88512],[35.15322,31.87948],[35.15427,31.8739],[35.15599,31.86845],[35.15838,31.86318],[35.1614,31.85814],[35.16502,31.85341],[35.16921,31.84902],[35.17391,31.84503],[35.17908,31.84148],[35.18466,31.8384],[35.19058,31.83584],[35.19679,31.83382],[35.20321,31.83236],[35.20978,31.83147],[35.21642,31.83118],[35.22306,31.83147],[35.22962,31.83236],[35.23604,31.83382],[35.24225,31.83584],[35.24817,31.8384],[35.25375,31.84148],[35.25892,31.84503],[35.26362,31.84902],[35.26781,31.85341],[35.27144,31.85814],[35.27446,31.86318],[35.27684,31.86845],[35.27857,31.8739],[35.27961,31.87948],[35.27997,31.88512],[35.27962,31.89076],[35.27858,31.89634],[35.27687,31.9018],[35.27448,31.90707],[35.27147,31.9121],[35.26785,31.91684],[35.26366,31.92123],[35.25896,31.92523],[35.25379,31.92878],[35.24821,31.93186],[35.24228,31.93443],[35.23607,31.93645],[35.22964,31.93792],[35.22306,31.9388],[35.21642,31.9391]]],"type":"Polygon"},"properties":{"placeId":"a662bda","name":"Meronoth","type":"settlement","landOrWater":"land","proposed":true,"role":"gce814d.geometry"}},{"type":"Feature","geometry":{"coordinates":[[[35.198956,29.199272],[48.233089,29.321621],[48.190995,29.688597],[35.118972,29.632272],[35.198956,29.199272]]],"type":"Polygon"},"properties":{"placeId":"a6b4fb2","name":"Mesha","type":"region","landOrWater":"land","proposed":true,"role":"g7bb3aa.geometry"}},{"type":"Feature","geometry":{"coordinates":[[[31.99417,41.45364],[31.7434,41.44352],[31.4956,41.41328],[31.25372,41.36329],[31.02058,41.29413],[30.79891,41.20662],[30.59127,41.10179],[30.4,40.98087],[30.22724,40.84526],[30.07487,40.69655],[29.94448,40.53643],[29.83742,40.36674],[29.7547,40.18939],[29.69706,40.00639],[29.66495,39.81978],[29.6585,39.6316],[29.67757,39.44394],[29.72177,39.25884],[29.7904,39.07828],[29.88257,38.9042],[29.99711,38.73847],[30.13267,38.58281],[30.2877,38.43888],[30.46047,38.30817],[30.64911,38.19203],[30.8516,38.09167],[31.0658,38.00812],[31.28949,37.94224],[31.52036,37.89469],[31.75605,37.86597],[31.99417,37.85636],[32.23228,37.86597],[32.46797,37.89469],[32.69885,37.94224],[32.92254,38.00812],[33.13674,38.09167],[33.33922,38.19203],[33.52786,38.30817],[33.70064,38.43888],[33.85567,38.58281],[33.99123,38.73847],[34.10577,38.9042],[34.19793,39.07828],[34.26657,39.25884],[34.31076,39.44394],[34.32984,39.6316],[34.32339,39.81978],[34.29127,40.00639],[34.23363,40.18939],[34.15092,40.36674],[34.04385,40.53643],[33.91347,40.69655],[33.76109,40.84526],[33.58834,40.98087],[33.39707,41.10179],[33.18942,41.20662],[32.96776,41.29413],[32.73462,41.36329],[32.49273,41.41328],[32.24494,41.44352],[31.99417,41.45364]]],"type":"Polygon"},"properties":{"placeId":"a5f9092","name":"Meshech","type":"region","landOrWater":"land","proposed":false,"role":"gc12324.geometry"}},{"type":"Feature","geometry":{"coordinates":[[[[38.8361,36.98387],[37.1642,36.45051],[38.10919,36.09493],[38.32726,36.03567],[39.78109,35.91715],[39.85378,35.91715],[39.92647,35.91715],[39.99917,35.91715],[40.5807,35.97641],[40.65339,36.03567],[40.65339,36.09493],[40.65339,36.1542],[40.65339,36.21346],[40.65339,36.27272],[40.65339,36.50977],[39.85378,36.92461],[39.41763,36.98387],[39.34494,36.98387],[39.27225,36.98387],[39.19956,36.98387],[39.12687,36.98387],[39.05418,36.98387],[38.98149,36.98387],[38.90879,36.98387],[38.8361,36.98387]]],[[[39.12687,36.80608],[39.05418,36.80608],[38.98149,36.80608],[38.90879,36.80608],[38.8361,36.80608],[38.0365,36.50977],[38.0365,36.45051],[38.0365,36.39124],[38.10919,36.09493],[38.32726,36.03567],[39.56302,35.97641],[39.63571,35.97641],[39.7084,35.97641],[39.78109,35.97641],[39.85378,35.97641],[39.92647,35.97641],[40.5807,36.03567],[40.5807,36.09493],[40.5807,36.1542],[40.5807,36.21346],[40.5807,36.27272],[40.5807,36.33198],[40.36262,36.50977],[39.78109,36.80608],[39.7084,36.80608],[39.63571,36.80608],[39.56302,36.80608],[39.49033,36.80608],[39.41763,36.80608],[39.34494,36.80608],[39.27225,36.80608],[39.19956,36.80608],[39.12687,36.80608]]],[[[38.25457,36.45051],[38.25457,36.39124],[38.25457,36.33198],[38.32726,36.09493],[38.39995,36.03567],[39.56302,35.97641],[39.63571,35.97641],[39.7084,35.97641],[39.78109,35.97641],[40.5807,36.03567],[40.5807,36.09493],[40.5807,36.1542],[40.36262,36.33198],[39.78109,36.56903],[39.41763,36.68756],[39.34494,36.68756],[39.27225,36.68756],[39.19956,36.68756],[39.12687,36.68756],[39.05418,36.68756],[38.98149,36.68756],[38.90879,36.68756],[38.8361,36.68756],[38.69072,36.68756],[38.47265,36.62829],[38.39995,36.56903],[38.25457,36.45051]]],[[[38.32726,36.1542],[38.32726,36.09493],[38.61803,36.03567],[38.69072,36.03567],[38.76341,36.03567],[38.8361,36.03567],[38.90879,36.03567],[38.98149,36.03567],[39.05418,36.03567],[39.12687,36.03567],[39.19956,36.03567],[39.27225,36.03567],[39.34494,36.03567],[39.41763,36.03567],[39.49033,36.03567],[39.56302,36.03567],[39.63571,36.03567],[39.7084,36.03567],[39.78109,36.03567],[39.85378,36.03567],[39.85378,36.09493],[39.85378,36.1542],[39.78109,36.50977],[39.19956,36.68756],[39.12687,36.68756],[39.05418,36.68756],[38.98149,36.68756],[38.54534,36.62829],[38.47265,36.56903],[38.39995,36.45051],[38.32726,36.33198],[38.32726,36.1542]]],[[[38.39995,36.45051],[38.39995,36.33198],[38.39995,36.27272],[38.39995,36.21346],[38.39995,36.1542],[38.39995,36.09493],[38.76341,36.03567],[38.8361,36.03567],[38.90879,36.03567],[38.98149,36.03567],[39.05418,36.03567],[39.12687,36.03567],[39.19956,36.03567],[39.27225,36.03567],[39.34494,36.03567],[39.41763,36.03567],[39.49033,36.03567],[39.56302,36.03567],[39.63571,36.03567],[39.7084,36.03567],[39.78109,36.03567],[39.78109,36.09493],[39.7084,36.33198],[39.63571,36.50977],[39.41763,36.56903],[38.8361,36.62829],[38.61803,36.62829],[38.54534,36.56903],[38.39995,36.45051]]],[[[38.39995,36.1542],[38.39995,36.09493],[39.19956,36.03567],[39.27225,36.03567],[39.34494,36.03567],[39.41763,36.03567],[39.49033,36.03567],[39.56302,36.03567],[39.63571,36.03567],[39.63571,36.09493],[39.63571,36.33198],[39.56302,36.50977],[39.19956,36.56903],[39.12687,36.56903],[39.05418,36.56903],[38.98149,36.56903],[38.90879,36.56903],[38.8361,36.56903],[38.76341,36.56903],[38.69072,36.56903],[38.61803,36.56903],[38.54534,36.50977],[38.47265,36.45051],[38.39995,36.33198],[38.39995,36.1542]]],[[[38.47265,36.45051],[38.39995,36.33198],[38.47265,36.1542],[38.61803,36.09493],[38.69072,36.09493],[38.76341,36.09493],[38.8361,36.09493],[38.90879,36.09493],[38.98149,36.09493],[39.56302,36.33198],[39.19956,36.50977],[38.8361,36.56903],[38.47265,36.45051]]],[[[38.69072,36.45051],[38.61803,36.45051],[38.61803,36.33198],[38.69072,36.33198],[38.76341,36.33198],[38.8361,36.33198],[38.90879,36.33198],[38.98149,36.33198],[39.05418,36.33198],[38.76341,36.45051],[38.69072,36.45051]]]],"type":"MultiPolygon"},"properties":{"placeId":"a43f60f","name":"Mesopotamia","type":"region","landOrWater":"land","proposed":false,"role":"g8c2014.isobands"}},{"type":"Feature","geometry":{"coordinates":[[[[35.21675,29.66221],[34.51739,29.4552],[34.51739,29.4138],[34.79714,28.25455],[34.84376,28.21315],[35.91612,27.50932],[35.96274,27.50932],[36.00937,27.50932],[36.05599,27.55072],[36.10262,28.83418],[36.10262,28.87558],[35.58975,29.57941],[35.4965,29.66221],[35.44988,29.66221],[35.40325,29.66221],[35.35663,29.66221],[35.31,29.66221],[35.26338,29.66221],[35.21675,29.66221]]],[[[35.03026,28.21315],[35.07688,28.21315],[36.00937,28.87558],[35.4965,29.57941],[35.35663,29.62081],[35.31,29.62081],[35.26338,29.62081],[35.21675,29.62081],[35.17013,29.62081],[35.12351,29.53801],[35.07688,29.4552],[34.93701,28.95838],[34.79714,28.37876],[34.79714,28.33735],[34.79714,28.29595],[34.79714,28.25455],[34.89038,28.21315],[34.93701,28.21315],[34.98363,28.21315],[35.03026,28.21315]]],[[[35.40325,29.57941],[35.35663,29.57941],[35.31,29.57941],[35.26338,29.57941],[35.21675,29.57941],[35.17013,29.57941],[35.07688,29.4552],[34.93701,28.95838],[34.84376,28.50296],[34.79714,28.29595],[34.84376,28.25455],[34.89038,28.21315],[34.93701,28.21315],[35.07688,28.25455],[35.77625,28.83418],[35.77625,28.87558],[35.4965,29.57941],[35.44988,29.57941],[35.40325,29.57941]]],[[[34.84376,28.46156],[34.84376,28.42016],[34.84376,28.37876],[34.84376,28.33735],[34.84376,28.29595],[34.84376,28.25455],[34.89038,28.25455],[34.93701,28.25455],[34.98363,28.25455],[35.03026,28.25455],[35.07688,28.25455],[35.72962,28.83418],[35.72962,28.87558],[35.44988,29.53801],[35.40325,29.57941],[35.35663,29.57941],[35.31,29.57941],[35.17013,29.53801],[35.07688,29.4552],[34.93701,28.91698],[34.89038,28.70997],[34.84376,28.50296],[34.84376,28.46156]]],[[[34.84376,28.46156],[34.84376,28.42016],[34.84376,28.37876],[34.84376,28.33735],[34.84376,28.29595],[34.89038,28.25455],[34.93701,28.25455],[34.98363,28.25455],[35.03026,28.29595],[35.35663,28.91698],[35.40325,29.4138],[35.40325,29.4552],[35.40325,29.49661],[35.35663,29.53801],[35.31,29.53801],[35.26338,29.53801],[35.21675,29.53801],[35.17013,29.49661],[35.12351,29.4552],[35.07688,29.4138],[34.98363,29.08259],[34.89038,28.70997],[34.84376,28.46156]]],[[[34.98363,28.25455],[35.03026,28.29595],[35.35663,28.95838],[35.40325,29.4138],[35.40325,29.4552],[35.40325,29.49661],[35.35663,29.53801],[35.31,29.53801],[35.21675,29.49661],[35.17013,29.4552],[35.07688,29.2896],[35.03026,29.20679],[34.98363,29.04119],[34.93701,28.87558],[34.89038,28.70997],[34.84376,28.33735],[34.84376,28.29595],[34.93701,28.25455],[34.98363,28.25455]]],[[[34.89038,28.66857],[34.89038,28.62717],[34.89038,28.50296],[34.89038,28.46156],[34.89038,28.42016],[34.89038,28.37876],[34.89038,28.33735],[34.89038,28.29595],[34.93701,28.29595],[34.98363,28.29595],[35.03026,28.29595],[35.31,28.95838],[35.35663,29.4138],[35.35663,29.4552],[35.35663,29.49661],[35.31,29.49661],[35.26338,29.49661],[35.03026,29.16539],[34.93701,28.87558],[34.89038,28.66857]]],[[[35.07688,29.16539],[35.03026,29.08259],[34.98363,28.99978],[34.93701,28.87558],[34.89038,28.66857],[34.89038,28.46156],[34.89038,28.42016],[34.93701,28.33735],[34.98363,28.33735],[35.03026,28.33735],[35.07688,28.46156],[35.26338,28.91698],[35.26338,28.95838],[35.26338,28.99978],[35.26338,29.08259],[35.21675,29.2896],[35.17013,29.2482],[35.12351,29.20679],[35.07688,29.16539]]],[[[34.93701,28.66857],[34.93701,28.62717],[34.93701,28.54436],[34.93701,28.50296],[34.93701,28.46156],[34.93701,28.42016],[34.93701,28.37876],[34.93701,28.33735],[34.98363,28.33735],[35.03026,28.37876],[35.07688,28.46156],[35.26338,28.95838],[35.17013,29.2482],[35.12351,29.20679],[34.98363,28.99978],[34.93701,28.83418],[34.93701,28.79277],[34.93701,28.75137],[34.93701,28.70997],[34.93701,28.66857]]]],"type":"MultiPolygon"},"properties":{"placeId":"acc6d8e","name":"Midian","type":"region","landOrWater":"land","proposed":false,"role":"g4fc33f.isobands"}},{"type":"Feature","geometry":{"coordinates":[[[46.27528,37.91926],[46.09657,37.91174],[45.91992,37.88926],[45.74738,37.85208],[45.58092,37.80063],[45.42245,37.73551],[45.27376,37.65746],[45.13652,37.56738],[45.01225,37.46629],[44.90231,37.35535],[44.80788,37.23581],[44.72994,37.10901],[44.66928,36.97639],[44.62648,36.83941],[44.60193,36.6996],[44.59579,36.5585],[44.60803,36.41765],[44.63841,36.2786],[44.68652,36.14286],[44.75174,36.01188],[44.83328,35.88708],[44.93021,35.76978],[45.04143,35.66125],[45.1657,35.56262],[45.30167,35.47495],[45.44787,35.39915],[45.60274,35.33602],[45.76464,35.28623],[45.93186,35.25028],[46.10267,35.22856],[46.27528,35.2213],[46.44788,35.22856],[46.61869,35.25028],[46.78592,35.28623],[46.94782,35.33602],[47.10269,35.39915],[47.24889,35.47495],[47.38485,35.56262],[47.50912,35.66125],[47.62034,35.76978],[47.71727,35.88708],[47.79882,36.01188],[47.86404,36.14286],[47.91215,36.2786],[47.94253,36.41765],[47.95477,36.5585],[47.94863,36.6996],[47.92407,36.83941],[47.88128,36.97639],[47.82062,37.10901],[47.74268,37.23581],[47.64824,37.35535],[47.5383,37.46629],[47.41403,37.56738],[47.27679,37.65746],[47.1281,37.73551],[46.96963,37.80063],[46.80317,37.85208],[46.63063,37.88926],[46.45399,37.91174],[46.27528,37.91926]]],"type":"Polygon"},"properties":{"placeId":"ae1054e","name":"Minni","type":"region","landOrWater":"land","proposed":false,"role":"gc5c32e.geometry"}},{"type":"Feature","geometry":{"coordinates":[[[[35.45177,31.02662],[35.48621,30.99704],[36.03722,30.81953],[36.1061,31.02662],[36.14054,31.4704],[36.14054,31.49999],[36.14054,31.52957],[36.14054,31.55916],[36.14054,31.58874],[36.14054,31.61833],[36.14054,31.64791],[36.14054,31.6775],[36.14054,31.70708],[36.1061,31.73667],[36.00278,31.79584],[35.96835,31.79584],[35.93391,31.79584],[35.89947,31.79584],[35.72728,31.76625],[35.58952,31.73667],[35.41733,31.2633],[35.45177,31.02662]]],[[[35.45177,31.02662],[35.96835,30.84911],[36.00278,30.84911],[36.03722,30.90828],[36.1061,31.05621],[36.14054,31.55916],[36.14054,31.58874],[36.14054,31.61833],[36.14054,31.64791],[36.14054,31.6775],[36.14054,31.70708],[35.96835,31.79584],[35.93391,31.79584],[35.89947,31.79584],[35.72728,31.76625],[35.58952,31.73667],[35.41733,31.2633],[35.45177,31.02662]]],[[[35.58952,31.73667],[35.41733,31.2633],[35.45177,31.05621],[35.48621,31.02662],[35.96835,30.84911],[36.00278,30.8787],[36.03722,30.93787],[36.07166,31.02662],[36.1061,31.32247],[36.1061,31.49999],[36.03722,31.6775],[36.00278,31.73667],[35.96835,31.76625],[35.93391,31.76625],[35.89947,31.76625],[35.86503,31.76625],[35.83059,31.76625],[35.76172,31.76625],[35.72728,31.76625],[35.58952,31.73667]]],[[[35.69284,31.73667],[35.6584,31.73667],[35.62396,31.73667],[35.58952,31.73667],[35.41733,31.2633],[35.45177,31.05621],[35.48621,31.02662],[35.96835,30.84911],[36.00278,30.8787],[36.03722,31.02662],[36.1061,31.32247],[36.07166,31.49999],[36.00278,31.6775],[35.96835,31.73667],[35.93391,31.73667],[35.89947,31.73667],[35.86503,31.73667],[35.83059,31.73667],[35.79615,31.73667],[35.76172,31.73667],[35.72728,31.73667],[35.69284,31.73667]]],[[[35.93391,31.73667],[35.89947,31.73667],[35.86503,31.73667],[35.83059,31.73667],[35.79615,31.73667],[35.76172,31.73667],[35.72728,31.73667],[35.69284,31.73667],[35.6584,31.73667],[35.62396,31.73667],[35.58952,31.73667],[35.41733,31.2633],[35.45177,31.05621],[35.48621,31.02662],[35.96835,30.84911],[36.00278,30.93787],[36.03722,31.05621],[36.07166,31.29289],[36.07166,31.32247],[36.07166,31.35206],[36.03722,31.49999],[35.96835,31.73667],[35.93391,31.73667]]],[[[35.96835,31.73667],[35.93391,31.73667],[35.89947,31.73667],[35.86503,31.73667],[35.83059,31.73667],[35.79615,31.73667],[35.76172,31.73667],[35.72728,31.73667],[35.69284,31.73667],[35.6584,31.73667],[35.62396,31.73667],[35.58952,31.73667],[35.41733,31.2633],[35.45177,31.05621],[35.48621,31.02662],[35.96835,30.84911],[36.03722,31.17455],[36.03722,31.20413],[36.03722,31.2633],[36.03722,31.29289],[36.03722,31.32247],[36.03722,31.35206],[35.96835,31.73667]]],[[[35.69284,31.6775],[35.6584,31.64791],[35.48621,31.38164],[35.45177,31.29289],[35.45177,31.2633],[35.45177,31.23372],[35.45177,31.05621],[35.48621,31.02662],[35.96835,30.84911],[36.00278,31.02662],[36.03722,31.2633],[36.03722,31.29289],[36.03722,31.32247],[36.03722,31.35206],[35.96835,31.6775],[35.86503,31.73667],[35.83059,31.73667],[35.79615,31.73667],[35.69284,31.6775]]],[[[35.96835,31.6775],[35.83059,31.73667],[35.6584,31.64791],[35.48621,31.38164],[35.45177,31.29289],[35.45177,31.2633],[35.45177,31.23372],[35.48621,31.02662],[35.86503,30.90828],[35.89947,30.90828],[36.00278,31.05621],[36.03722,31.2633],[36.03722,31.29289],[36.03722,31.32247],[35.96835,31.6775]]],[[[35.69284,31.64791],[35.62396,31.55916],[35.48621,31.38164],[35.45177,31.29289],[35.45177,31.2633],[35.45177,31.23372],[35.48621,31.05621],[35.52065,31.02662],[35.76172,30.96745],[35.79615,30.96745],[35.83059,30.96745],[35.86503,30.96745],[35.89947,30.96745],[35.93391,30.96745],[35.96835,31.02662],[36.03722,31.2633],[36.03722,31.29289],[36.03722,31.32247],[35.89947,31.64791],[35.86503,31.6775],[35.83059,31.6775],[35.79615,31.6775],[35.76172,31.6775],[35.69284,31.64791]]]],"type":"MultiPolygon"},"properties":{"placeId":"a7719f8","name":"Misgab","type":"settlement","landOrWater":"land","proposed":true,"role":"g228665.isobands"}},{"type":"Feature","geometry":{"coordinates":[[35.956625,33.744107],[35.951792,33.750776],[35.925624,33.760151],[35.916848,33.753764],[35.905014,33.759375],[35.882596,33.758585],[35.874947,33.743215],[35.867356,33.74255],[35.849482,33.730823],[35.830111,33.728757],[35.82649,33.703568],[35.820149,33.699431],[35.81773,33.692228],[35.818609,33.669176],[35.79956,33.65796],[35.791449,33.648302],[35.781118,33.644533],[35.778671,33.63707],[35.757713,33.630419],[35.734768,33.611912],[35.727451,33.614967],[35.717816,33.613181],[35.716456,33.615897],[35.707239,33.612333],[35.703431,33.601046],[35.697088,33.596813],[35.691361,33.547043],[35.693834,33.540018],[35.685906,33.530587],[35.690009,33.527381],[35.682779,33.522721],[35.679109,33.509147],[35.655871,33.490158],[35.667334,33.475568],[35.663606,33.470171],[35.66432,33.462228],[35.652936,33.441456],[35.63753,33.428993],[35.631049,33.427829],[35.623754,33.420504],[35.622407,33.412171],[35.617247,33.416367],[35.61037,33.413447],[35.607296,33.40339],[35.595805,33.39463],[35.591905,33.382039],[35.583977,33.379692],[35.567315,33.382115],[35.55208,33.372753],[35.548282,33.366799],[35.549929,33.360571],[35.539801,33.346308],[35.544773,33.344292],[35.540241,33.342741],[35.542928,33.338115],[35.537703,33.325544],[35.539098,33.312397],[35.534935,33.298642],[35.525992,33.295653],[35.512142,33.301664],[35.491564,33.301825],[35.480696,33.312268],[35.476584,33.308814],[35.472568,33.311769],[35.469187,33.307346],[35.462519,33.309047],[35.464755,33.311403],[35.462297,33.312453],[35.452753,33.308798],[35.448023,33.312016],[35.440082,33.307998],[35.431773,33.308664],[35.431016,33.31394],[35.423946,33.315893],[35.404315,33.300413],[35.390273,33.311148],[35.385653,33.305619],[35.373635,33.304998],[35.368392,33.312639],[35.357271,33.308182],[35.355724,33.312619],[35.346481,33.314421],[35.348855,33.320761],[35.341011,33.317463],[35.341654,33.32753],[35.333315,33.323013],[35.328466,33.326446],[35.325801,33.320298],[35.318446,33.320064],[35.316867,33.324417],[35.307846,33.320466],[35.30735,33.324351],[35.30227,33.325576],[35.293012,33.324806],[35.288001,33.320081],[35.284035,33.323965],[35.270541,33.321953],[35.267588,33.325478],[35.26592,33.321099],[35.258397,33.327325],[35.259851,33.329699],[35.254078,33.331418],[35.252217,33.336547],[35.257052,33.33807],[35.244513,33.338907]],"type":"LineString"},"properties":{"placeId":"a5bf0bd","name":"Misrephoth-maim","type":"river","landOrWater":"water","proposed":true,"role":"gd56f5b.simplified"}},{"type":"Feature","geometry":{"coordinates":[[[34.41111,31.09022],[34.35623,31.08774],[34.30195,31.08034],[34.24889,31.06811],[34.19763,31.05117],[34.14874,31.02971],[34.10275,31.00397],[34.06019,30.97425],[34.02151,30.94086],[33.98714,30.90417],[33.95745,30.8646],[33.93276,30.82257],[33.91335,30.77856],[33.89941,30.73304],[33.8911,30.68652],[33.88849,30.63951],[33.8916,30.59252],[33.9004,30.54607],[33.91478,30.50066],[33.93457,30.45679],[33.95955,30.41495],[33.98945,30.37557],[34.02392,30.3391],[34.06261,30.30593],[34.10507,30.27641],[34.15084,30.25088],[34.19943,30.2296],[34.25032,30.2128],[34.30294,30.20068],[34.35673,30.19335],[34.41111,30.1909],[34.46549,30.19335],[34.51928,30.20068],[34.5719,30.2128],[34.62279,30.2296],[34.67138,30.25088],[34.71716,30.27641],[34.75962,30.30593],[34.7983,30.3391],[34.83278,30.37557],[34.86267,30.41495],[34.88765,30.45679],[34.90745,30.50066],[34.92182,30.54607],[34.93062,30.59252],[34.93374,30.63951],[34.93113,30.68652],[34.92281,30.73304],[34.90887,30.77856],[34.88946,30.82257],[34.86478,30.8646],[34.83509,30.90417],[34.80071,30.94086],[34.76203,30.97425],[34.71947,31.00397],[34.67349,31.02971],[34.62459,31.05117],[34.57333,31.06811],[34.52027,31.08034],[34.466,31.08774],[34.41111,31.09022]]],"type":"Polygon"},"properties":{"placeId":"aa5f658","name":"Mithkah","type":"campsite","landOrWater":"land","proposed":true,"role":"g6605c8.geometry"}},{"type":"Feature","geometry":{"coordinates":[[[35.85,33.6698],[35.81611,33.66831],[35.7826,33.66388],[35.74984,33.65655],[35.71818,33.6464],[35.68798,33.63355],[35.65957,33.61812],[35.63326,33.60031],[35.60934,33.5803],[35.58807,33.55831],[35.56969,33.53458],[35.5544,33.50939],[35.54235,33.48299],[35.53369,33.45569],[35.5285,33.42779],[35.52683,33.39958],[35.52871,33.37138],[35.5341,33.34351],[35.54294,33.31625],[35.55514,33.28992],[35.57056,33.26479],[35.58903,33.24114],[35.61034,33.21924],[35.63426,33.19932],[35.66052,33.18159],[35.68885,33.16625],[35.71893,33.15346],[35.75043,33.14337],[35.78301,33.13608],[35.81632,33.13168],[35.85,33.1302],[35.88368,33.13168],[35.91699,33.13608],[35.94957,33.14337],[35.98107,33.15346],[36.01115,33.16625],[36.03948,33.18159],[36.06574,33.19932],[36.08966,33.21924],[36.11097,33.24114],[36.12944,33.26479],[36.14486,33.28992],[36.15706,33.31625],[36.1659,33.34351],[36.17129,33.37138],[36.17317,33.39958],[36.1715,33.42779],[36.16631,33.45569],[36.15765,33.48299],[36.1456,33.50939],[36.13031,33.53458],[36.11193,33.55831],[36.09066,33.5803],[36.06674,33.60031],[36.04043,33.61812],[36.01202,33.63355],[35.98182,33.6464],[35.95016,33.65655],[35.9174,33.66388],[35.88389,33.66831],[35.85,33.6698]]],"type":"Polygon"},"properties":{"placeId":"aad0fa0","name":"Mizpah 2","type":"settlement","landOrWater":"land","proposed":true,"role":"ge85699.geometry"}},{"type":"Feature","geometry":{"coordinates":[[[[35.45177,31.02662],[35.48621,30.99704],[36.03722,30.81953],[36.1061,31.02662],[36.14054,31.4704],[36.14054,31.49999],[36.14054,31.52957],[36.14054,31.55916],[36.14054,31.58874],[36.14054,31.61833],[36.14054,31.64791],[36.14054,31.6775],[36.14054,31.70708],[36.1061,31.73667],[36.00278,31.79584],[35.96835,31.79584],[35.93391,31.79584],[35.89947,31.79584],[35.72728,31.76625],[35.58952,31.73667],[35.41733,31.2633],[35.45177,31.02662]]],[[[35.45177,31.02662],[35.96835,30.84911],[36.00278,30.84911],[36.03722,30.90828],[36.1061,31.05621],[36.14054,31.55916],[36.14054,31.58874],[36.14054,31.61833],[36.14054,31.64791],[36.14054,31.6775],[36.14054,31.70708],[35.96835,31.79584],[35.93391,31.79584],[35.89947,31.79584],[35.72728,31.76625],[35.58952,31.73667],[35.41733,31.2633],[35.45177,31.02662]]],[[[35.58952,31.73667],[35.41733,31.2633],[35.45177,31.05621],[35.48621,31.02662],[35.96835,30.84911],[36.00278,30.8787],[36.03722,30.93787],[36.07166,31.02662],[36.1061,31.32247],[36.1061,31.49999],[36.03722,31.6775],[36.00278,31.73667],[35.96835,31.76625],[35.93391,31.76625],[35.89947,31.76625],[35.86503,31.76625],[35.83059,31.76625],[35.76172,31.76625],[35.72728,31.76625],[35.58952,31.73667]]],[[[35.69284,31.73667],[35.6584,31.73667],[35.62396,31.73667],[35.58952,31.73667],[35.41733,31.2633],[35.45177,31.05621],[35.48621,31.02662],[35.96835,30.84911],[36.00278,30.8787],[36.03722,31.02662],[36.1061,31.32247],[36.07166,31.49999],[36.00278,31.6775],[35.96835,31.73667],[35.93391,31.73667],[35.89947,31.73667],[35.86503,31.73667],[35.83059,31.73667],[35.79615,31.73667],[35.76172,31.73667],[35.72728,31.73667],[35.69284,31.73667]]],[[[35.93391,31.73667],[35.89947,31.73667],[35.86503,31.73667],[35.83059,31.73667],[35.79615,31.73667],[35.76172,31.73667],[35.72728,31.73667],[35.69284,31.73667],[35.6584,31.73667],[35.62396,31.73667],[35.58952,31.73667],[35.41733,31.2633],[35.45177,31.05621],[35.48621,31.02662],[35.96835,30.84911],[36.00278,30.93787],[36.03722,31.05621],[36.07166,31.29289],[36.07166,31.32247],[36.07166,31.35206],[36.03722,31.49999],[35.96835,31.73667],[35.93391,31.73667]]],[[[35.96835,31.73667],[35.93391,31.73667],[35.89947,31.73667],[35.86503,31.73667],[35.83059,31.73667],[35.79615,31.73667],[35.76172,31.73667],[35.72728,31.73667],[35.69284,31.73667],[35.6584,31.73667],[35.62396,31.73667],[35.58952,31.73667],[35.41733,31.2633],[35.45177,31.05621],[35.48621,31.02662],[35.96835,30.84911],[36.03722,31.17455],[36.03722,31.20413],[36.03722,31.2633],[36.03722,31.29289],[36.03722,31.32247],[36.03722,31.35206],[35.96835,31.73667]]],[[[35.69284,31.6775],[35.6584,31.64791],[35.48621,31.38164],[35.45177,31.29289],[35.45177,31.2633],[35.45177,31.23372],[35.45177,31.05621],[35.48621,31.02662],[35.96835,30.84911],[36.00278,31.02662],[36.03722,31.2633],[36.03722,31.29289],[36.03722,31.32247],[36.03722,31.35206],[35.96835,31.6775],[35.86503,31.73667],[35.83059,31.73667],[35.79615,31.73667],[35.69284,31.6775]]],[[[35.96835,31.6775],[35.83059,31.73667],[35.6584,31.64791],[35.48621,31.38164],[35.45177,31.29289],[35.45177,31.2633],[35.45177,31.23372],[35.48621,31.02662],[35.86503,30.90828],[35.89947,30.90828],[36.00278,31.05621],[36.03722,31.2633],[36.03722,31.29289],[36.03722,31.32247],[35.96835,31.6775]]],[[[35.69284,31.64791],[35.62396,31.55916],[35.48621,31.38164],[35.45177,31.29289],[35.45177,31.2633],[35.45177,31.23372],[35.48621,31.05621],[35.52065,31.02662],[35.76172,30.96745],[35.79615,30.96745],[35.83059,30.96745],[35.86503,30.96745],[35.89947,30.96745],[35.93391,30.96745],[35.96835,31.02662],[36.03722,31.2633],[36.03722,31.29289],[36.03722,31.32247],[35.89947,31.64791],[35.86503,31.6775],[35.83059,31.6775],[35.79615,31.6775],[35.76172,31.6775],[35.69284,31.64791]]]],"type":"MultiPolygon"},"properties":{"placeId":"aa0b1d6","name":"Moab 1","type":"region","landOrWater":"land","proposed":false,"role":"g228665.isobands"}},{"type":"Feature","geometry":{"coordinates":[[[[35.52772,31.81627],[35.52772,31.81025],[35.52772,31.80423],[35.52772,31.79821],[35.52772,31.79219],[35.56312,31.77414],[35.57019,31.77414],[35.57727,31.77414],[35.58435,31.77414],[35.59143,31.77414],[35.59851,31.77414],[35.60559,31.77414],[35.61267,31.77414],[35.61975,31.77414],[35.62683,31.77414],[35.63391,31.77414],[35.64099,31.77414],[35.64807,31.77414],[35.65515,31.77414],[35.66223,31.77414],[35.6693,31.77414],[35.69762,31.81627],[35.69762,31.82229],[35.69762,31.82831],[35.61975,31.9788],[35.59143,31.99084],[35.58435,31.99084],[35.57727,31.99084],[35.57019,31.99084],[35.56312,31.99084],[35.55604,31.99084],[35.54896,31.98482],[35.52772,31.82229],[35.52772,31.81627]]],[[[35.56312,31.99084],[35.55604,31.99084],[35.54896,31.98482],[35.54896,31.9788],[35.54896,31.97278],[35.54896,31.96676],[35.54896,31.96075],[35.54896,31.95473],[35.54896,31.94871],[35.54896,31.94269],[35.54896,31.93667],[35.54896,31.93065],[35.54896,31.92463],[35.54896,31.91861],[35.54896,31.91259],[35.54896,31.90657],[35.54896,31.90055],[35.54896,31.89453],[35.54896,31.84035],[35.54896,31.83433],[35.54896,31.82831],[35.54896,31.82229],[35.54896,31.81627],[35.54896,31.81025],[35.55604,31.78618],[35.60559,31.77414],[35.61975,31.78016],[35.63391,31.78618],[35.68346,31.81627],[35.69054,31.82229],[35.69054,31.82831],[35.61975,31.94871],[35.59143,31.98482],[35.58435,31.99084],[35.57727,31.99084],[35.57019,31.99084],[35.56312,31.99084]]],[[[35.57019,31.78618],[35.57727,31.78618],[35.58435,31.78618],[35.59143,31.78618],[35.59851,31.78618],[35.60559,31.78618],[35.61267,31.78618],[35.61975,31.78618],[35.62683,31.78618],[35.63391,31.79219],[35.64099,31.81627],[35.64099,31.82831],[35.63391,31.87045],[35.62683,31.91259],[35.60559,31.94871],[35.58435,31.98482],[35.57727,31.98482],[35.57019,31.98482],[35.56312,31.98482],[35.55604,31.98482],[35.54896,31.95473],[35.54896,31.94871],[35.54896,31.94269],[35.54896,31.93667],[35.55604,31.79821],[35.56312,31.78618],[35.57019,31.78618]]],[[[35.55604,31.86443],[35.55604,31.85841],[35.55604,31.84637],[35.55604,31.84035],[35.55604,31.83433],[35.55604,31.82831],[35.55604,31.82229],[35.55604,31.81627],[35.55604,31.81025],[35.55604,31.80423],[35.55604,31.79821],[35.57019,31.79219],[35.58435,31.78618],[35.59143,31.78618],[35.59851,31.78618],[35.60559,31.78618],[35.61267,31.78618],[35.62683,31.79219],[35.63391,31.81627],[35.63391,31.82229],[35.63391,31.82831],[35.63391,31.83433],[35.63391,31.84035],[35.62683,31.89453],[35.59851,31.94871],[35.57019,31.95473],[35.56312,31.95473],[35.55604,31.95473],[35.55604,31.94871],[35.55604,31.94269],[35.55604,31.93667],[35.55604,31.93065],[35.55604,31.92463],[35.55604,31.91861],[35.55604,31.91259],[35.55604,31.90657],[35.55604,31.90055],[35.55604,31.89453],[35.55604,31.88851],[35.55604,31.88249],[35.55604,31.87647],[35.55604,31.87045],[35.55604,31.86443]]],[[[35.57019,31.94871],[35.56312,31.94871],[35.55604,31.94871],[35.55604,31.94269],[35.55604,31.93667],[35.55604,31.91861],[35.55604,31.91259],[35.55604,31.90657],[35.55604,31.90055],[35.55604,31.89453],[35.55604,31.88851],[35.55604,31.88249],[35.55604,31.87647],[35.55604,31.87045],[35.55604,31.82229],[35.55604,31.81627],[35.55604,31.81025],[35.56312,31.79821],[35.58435,31.79219],[35.59143,31.79219],[35.59851,31.79219],[35.60559,31.79219],[35.61267,31.79219],[35.61975,31.79219],[35.62683,31.79219],[35.63391,31.82831],[35.62683,31.87045],[35.61975,31.90055],[35.58435,31.94871],[35.57727,31.94871],[35.57019,31.94871]]],[[[35.55604,31.81627],[35.56312,31.81025],[35.60559,31.79219],[35.61267,31.79219],[35.61975,31.79219],[35.62683,31.82831],[35.61975,31.88249],[35.61267,31.90055],[35.60559,31.90055],[35.59851,31.90055],[35.59143,31.90055],[35.58435,31.90055],[35.57727,31.90055],[35.57019,31.90055],[35.56312,31.90055],[35.55604,31.90055],[35.55604,31.89453],[35.55604,31.81627]]],[[[35.56312,31.89453],[35.56312,31.88851],[35.56312,31.88249],[35.56312,31.87045],[35.56312,31.86443],[35.56312,31.85841],[35.57019,31.81025],[35.57727,31.81025],[35.58435,31.81025],[35.59143,31.81025],[35.61975,31.81627],[35.61975,31.82229],[35.61267,31.88851],[35.60559,31.90055],[35.59851,31.90055],[35.59143,31.90055],[35.58435,31.90055],[35.57727,31.90055],[35.57019,31.90055],[35.56312,31.90055],[35.56312,31.89453]]],[[[35.56312,31.89453],[35.56312,31.86443],[35.57019,31.86443],[35.57727,31.86443],[35.58435,31.86443],[35.59143,31.86443],[35.59851,31.86443],[35.60559,31.86443],[35.60559,31.88249],[35.60559,31.88851],[35.60559,31.89453],[35.59851,31.90055],[35.58435,31.90055],[35.57727,31.90055],[35.57019,31.90055],[35.56312,31.90055],[35.56312,31.89453]]]],"type":"MultiPolygon"},"properties":{"placeId":"aca767b","name":"Moab 2","type":"region","landOrWater":"land","proposed":false,"role":"g182eb5.isobands"}},{"type":"Feature","geometry":{"coordinates":[[[35.28194,32.2226],[35.28083,32.22255],[35.27973,32.22241],[35.27866,32.22216],[35.27762,32.22183],[35.27663,32.2214],[35.2757,32.22089],[35.27483,32.22029],[35.27404,32.21963],[35.27334,32.2189],[35.27274,32.21811],[35.27223,32.21727],[35.27183,32.21639],[35.27155,32.21548],[35.27137,32.21455],[35.27131,32.21361],[35.27137,32.21267],[35.27155,32.21174],[35.27184,32.21083],[35.27223,32.20995],[35.27274,32.20911],[35.27335,32.20832],[35.27405,32.20759],[35.27483,32.20693],[35.2757,32.20634],[35.27663,32.20582],[35.27762,32.2054],[35.27866,32.20506],[35.27973,32.20481],[35.28083,32.20467],[35.28194,32.20462],[35.28305,32.20467],[35.28415,32.20481],[35.28523,32.20506],[35.28627,32.2054],[35.28726,32.20582],[35.28819,32.20634],[35.28906,32.20693],[35.28984,32.20759],[35.29054,32.20832],[35.29115,32.20911],[35.29165,32.20995],[35.29205,32.21083],[35.29234,32.21174],[35.29252,32.21267],[35.29257,32.21361],[35.29252,32.21455],[35.29234,32.21548],[35.29205,32.21639],[35.29165,32.21727],[35.29115,32.21811],[35.29054,32.2189],[35.28984,32.21963],[35.28906,32.22029],[35.28819,32.22089],[35.28726,32.2214],[35.28627,32.22183],[35.28523,32.22216],[35.28415,32.22241],[35.28306,32.22255],[35.28194,32.2226]]],"type":"Polygon"},"properties":{"placeId":"a38ad9f","name":"Moreh 1","type":"tree","landOrWater":"land","proposed":true,"role":"g80c72e.geometry"}},{"type":"Feature","geometry":{"coordinates":[[[35.23556,31.79576],[35.23334,31.79567],[35.23116,31.79537],[35.22902,31.79488],[35.22695,31.79421],[35.22498,31.79335],[35.22312,31.79233],[35.2214,31.79114],[35.21983,31.78981],[35.21844,31.78835],[35.21723,31.78677],[35.21623,31.78509],[35.21543,31.78333],[35.21486,31.78152],[35.21451,31.77966],[35.2144,31.77778],[35.21451,31.7759],[35.21486,31.77404],[35.21543,31.77222],[35.21623,31.77046],[35.21723,31.76878],[35.21844,31.7672],[35.21983,31.76574],[35.2214,31.76441],[35.22312,31.76323],[35.22498,31.7622],[35.22695,31.76135],[35.22902,31.76067],[35.23116,31.76018],[35.23334,31.75989],[35.23556,31.75979],[35.23777,31.75989],[35.23995,31.76018],[35.24209,31.76067],[35.24416,31.76135],[35.24613,31.7622],[35.24799,31.76323],[35.24971,31.76441],[35.25128,31.76574],[35.25267,31.7672],[35.25388,31.76878],[35.25488,31.77046],[35.25568,31.77222],[35.25625,31.77404],[35.2566,31.7759],[35.25671,31.77778],[35.2566,31.77966],[35.25625,31.78152],[35.25568,31.78333],[35.25489,31.78509],[35.25388,31.78677],[35.25268,31.78835],[35.25128,31.78981],[35.24972,31.79114],[35.24799,31.79233],[35.24614,31.79335],[35.24416,31.79421],[35.2421,31.79488],[35.23996,31.79537],[35.23777,31.79567],[35.23556,31.79576]]],"type":"Polygon"},"properties":{"placeId":"adaf385","name":"Moriah","type":"region","landOrWater":"land","proposed":true,"role":"gc73d90.geometry"}},{"type":"Feature","geometry":{"coordinates":[[[35.05687,31.28172],[35.00188,31.27924],[34.94749,31.27185],[34.89432,31.25961],[34.84296,31.24267],[34.79397,31.22121],[34.74789,31.19547],[34.70524,31.16574],[34.66648,31.13235],[34.63204,31.09567],[34.6023,31.05609],[34.57757,31.01407],[34.55811,30.97005],[34.54415,30.92454],[34.53582,30.87802],[34.53321,30.831],[34.53633,30.78401],[34.54515,30.73756],[34.55956,30.69215],[34.57939,30.64829],[34.60442,30.60644],[34.63438,30.56707],[34.66892,30.5306],[34.70768,30.49743],[34.75023,30.46791],[34.79609,30.44238],[34.84478,30.4211],[34.89576,30.40431],[34.94849,30.39218],[35.00239,30.38485],[35.05687,30.3824],[35.11136,30.38485],[35.16525,30.39218],[35.21798,30.40431],[35.26896,30.4211],[35.31765,30.44238],[35.36352,30.46791],[35.40606,30.49743],[35.44482,30.5306],[35.47937,30.56707],[35.50932,30.60644],[35.53436,30.64829],[35.55419,30.69215],[35.5686,30.73756],[35.57741,30.78401],[35.58054,30.831],[35.57792,30.87802],[35.56959,30.92454],[35.55563,30.97005],[35.53618,31.01407],[35.51145,31.05609],[35.4817,31.09567],[35.44726,31.13235],[35.4085,31.16574],[35.36585,31.19547],[35.31978,31.22121],[35.27079,31.24267],[35.21942,31.25961],[35.16625,31.27185],[35.11187,31.27924],[35.05687,31.28172]]],"type":"Polygon"},"properties":{"placeId":"a88331e","name":"Moseroth","type":"campsite","landOrWater":"land","proposed":true,"role":"gd19085.geometry"}},{"type":"Feature","geometry":{"coordinates":[[[[35.00591,32.12459],[35.00591,32.11002],[35.05738,31.89136],[35.2118,31.8622],[35.22896,31.8622],[35.24611,31.8622],[35.34906,31.90593],[35.36621,31.92051],[35.41769,31.9934],[35.46916,32.09544],[35.46916,32.11002],[35.46916,32.12459],[35.46916,32.13917],[35.46916,32.15375],[35.43484,32.19748],[35.41769,32.21206],[35.40053,32.22664],[35.38337,32.24121],[35.31474,32.28495],[35.26327,32.3141],[35.19464,32.34325],[35.17748,32.34325],[35.14317,32.32868],[35.00591,32.12459]]],[[[35.05738,32.09544],[35.05738,31.89136],[35.07454,31.89136],[35.0917,31.89136],[35.10885,31.89136],[35.17748,31.89136],[35.34906,31.90593],[35.41769,32.00797],[35.43484,32.1829],[35.41769,32.21206],[35.40053,32.22664],[35.29758,32.24121],[35.28043,32.24121],[35.26327,32.24121],[35.19464,32.22664],[35.0917,32.16833],[35.05738,32.13917],[35.05738,32.12459],[35.05738,32.11002],[35.05738,32.09544]]],[[[35.07454,32.08086],[35.07454,32.06628],[35.07454,32.05171],[35.07454,32.03713],[35.0917,31.92051],[35.12601,31.90593],[35.17748,31.90593],[35.19464,31.90593],[35.2118,31.90593],[35.22896,31.90593],[35.24611,31.90593],[35.26327,31.90593],[35.28043,31.92051],[35.3319,31.96424],[35.38337,32.02255],[35.34906,32.13917],[35.3319,32.16833],[35.28043,32.21206],[35.26327,32.22664],[35.24611,32.22664],[35.07454,32.13917],[35.07454,32.12459],[35.07454,32.11002],[35.07454,32.09544],[35.07454,32.08086]]],[[[35.2118,32.16833],[35.19464,32.16833],[35.17748,32.16833],[35.16033,32.16833],[35.14317,32.15375],[35.12601,32.13917],[35.10885,32.12459],[35.0917,32.11002],[35.07454,32.09544],[35.10885,31.92051],[35.12601,31.92051],[35.17748,31.92051],[35.19464,31.92051],[35.2118,31.92051],[35.22896,31.92051],[35.24611,31.92051],[35.26327,31.92051],[35.28043,31.92051],[35.34906,32.02255],[35.34906,32.03713],[35.34906,32.05171],[35.34906,32.06628],[35.34906,32.08086],[35.34906,32.09544],[35.34906,32.11002],[35.34906,32.12459],[35.34906,32.13917],[35.24611,32.16833],[35.22896,32.16833],[35.2118,32.16833]]],[[[35.17748,32.13917],[35.16033,32.13917],[35.14317,32.13917],[35.12601,32.13917],[35.0917,32.11002],[35.14317,31.93509],[35.17748,31.93509],[35.19464,31.93509],[35.28043,31.94967],[35.34906,32.08086],[35.34906,32.09544],[35.34906,32.11002],[35.3319,32.12459],[35.31474,32.13917],[35.29758,32.13917],[35.28043,32.13917],[35.26327,32.13917],[35.24611,32.13917],[35.22896,32.13917],[35.2118,32.13917],[35.19464,32.13917],[35.17748,32.13917]]],[[[35.12601,32.08086],[35.12601,32.05171],[35.19464,31.94967],[35.2118,31.94967],[35.22896,31.94967],[35.24611,31.94967],[35.26327,31.94967],[35.28043,31.94967],[35.34906,32.09544],[35.3319,32.11002],[35.2118,32.13917],[35.19464,32.13917],[35.17748,32.13917],[35.16033,32.13917],[35.14317,32.13917],[35.12601,32.13917],[35.12601,32.12459],[35.12601,32.11002],[35.12601,32.09544],[35.12601,32.08086]]],[[[35.12601,32.11002],[35.12601,32.09544],[35.12601,32.08086],[35.17748,32.05171],[35.19464,32.05171],[35.2118,32.05171],[35.24611,32.05171],[35.26327,32.05171],[35.28043,32.05171],[35.3319,32.08086],[35.3319,32.09544],[35.28043,32.11002],[35.26327,32.11002],[35.24611,32.11002],[35.22896,32.11002],[35.2118,32.11002],[35.19464,32.11002],[35.17748,32.11002],[35.16033,32.11002],[35.14317,32.11002],[35.12601,32.11002]]],[[[35.28043,32.09544],[35.17748,32.11002],[35.16033,32.11002],[35.12601,32.11002],[35.14317,32.09544],[35.2118,32.08086],[35.22896,32.08086],[35.26327,32.08086],[35.28043,32.08086],[35.28043,32.09544]]]],"type":"MultiPolygon"},"properties":{"placeId":"ac0d1a5","name":"Mount Ephraim","type":"region","landOrWater":"land","proposed":false,"role":"g4ddbf8.isobands"}},{"type":"Feature","geometry":{"coordinates":[[[[35.10875,29.61571],[35.24226,29.58666],[35.27564,29.58666],[35.30902,29.58666],[35.60943,30.05138],[35.6428,30.10947],[35.77632,30.37087],[35.84307,30.5161],[35.77632,30.89368],[35.74294,30.92272],[35.57605,30.98081],[35.54267,30.98081],[35.50929,30.98081],[35.17551,30.31278],[35.10875,30.13851],[35.07537,29.64475],[35.10875,29.61571]]],[[[35.50929,30.89368],[35.47591,30.86463],[35.20889,30.31278],[35.17551,29.96424],[35.17551,29.9352],[35.17551,29.90615],[35.17551,29.87711],[35.17551,29.84807],[35.27564,29.78998],[35.3424,29.76093],[35.37578,29.76093],[35.6428,30.1966],[35.74294,30.83559],[35.74294,30.86463],[35.70956,30.89368],[35.67618,30.92272],[35.6428,30.92272],[35.50929,30.89368]]],[[[35.30902,30.39992],[35.24226,30.1966],[35.24226,30.16756],[35.24226,30.13851],[35.24226,30.10947],[35.30902,30.08042],[35.40916,30.05138],[35.44253,30.05138],[35.47591,30.05138],[35.50929,30.08042],[35.57605,30.28374],[35.6428,30.48705],[35.67618,30.60323],[35.6428,30.71941],[35.57605,30.7775],[35.47591,30.71941],[35.40916,30.66132],[35.37578,30.57419],[35.3424,30.48705],[35.30902,30.39992]]],[[[35.30902,30.08042],[35.44253,30.05138],[35.47591,30.05138],[35.50929,30.10947],[35.54267,30.1966],[35.57605,30.28374],[35.6428,30.48705],[35.6428,30.5161],[35.6428,30.60323],[35.60943,30.66132],[35.54267,30.71941],[35.37578,30.57419],[35.3424,30.48705],[35.24226,30.16756],[35.30902,30.08042]]],[[[35.44253,30.13851],[35.50929,30.16756],[35.54267,30.22565],[35.60943,30.5161],[35.60943,30.60323],[35.57605,30.63228],[35.54267,30.66132],[35.47591,30.63228],[35.37578,30.5161],[35.3424,30.45801],[35.30902,30.37087],[35.27564,30.1966],[35.30902,30.10947],[35.3424,30.10947],[35.44253,30.13851]]],[[[35.47591,30.60323],[35.44253,30.54514],[35.37578,30.39992],[35.3424,30.31278],[35.3424,30.22565],[35.37578,30.22565],[35.44253,30.34183],[35.50929,30.45801],[35.57605,30.60323],[35.57605,30.63228],[35.54267,30.63228],[35.50929,30.63228],[35.47591,30.60323]]],[[[35.47591,30.60323],[35.40916,30.45801],[35.40916,30.42896],[35.47591,30.42896],[35.50929,30.48705],[35.57605,30.63228],[35.54267,30.63228],[35.50929,30.63228],[35.47591,30.60323]]]],"type":"MultiPolygon"},"properties":{"placeId":"a8e843f","name":"Mount Esau","type":"mountain range","landOrWater":"land","proposed":false,"role":"g0ed146.isobands"}},{"type":"Feature","geometry":{"coordinates":[[[35.05111,31.7901],[35.05001,31.79005],[35.04891,31.78991],[35.04784,31.78966],[35.04681,31.78933],[35.04582,31.7889],[35.04489,31.78839],[35.04403,31.78779],[35.04325,31.78713],[35.04255,31.7864],[35.04195,31.78561],[35.04145,31.78477],[35.04105,31.78389],[35.04076,31.78298],[35.04059,31.78205],[35.04053,31.78111],[35.04059,31.78017],[35.04076,31.77924],[35.04105,31.77833],[35.04145,31.77745],[35.04195,31.77661],[35.04255,31.77582],[35.04325,31.77509],[35.04403,31.77443],[35.04489,31.77384],[35.04582,31.77332],[35.04681,31.7729],[35.04784,31.77256],[35.04891,31.77231],[35.05001,31.77217],[35.05111,31.77212],[35.05222,31.77217],[35.05331,31.77231],[35.05438,31.77256],[35.05541,31.7729],[35.0564,31.77332],[35.05733,31.77384],[35.05819,31.77443],[35.05897,31.77509],[35.05967,31.77582],[35.06027,31.77661],[35.06078,31.77745],[35.06117,31.77833],[35.06146,31.77924],[35.06163,31.78017],[35.06169,31.78111],[35.06163,31.78205],[35.06146,31.78298],[35.06117,31.78389],[35.06078,31.78477],[35.06027,31.78561],[35.05967,31.7864],[35.05897,31.78713],[35.05819,31.78779],[35.05733,31.78839],[35.0564,31.7889],[35.05541,31.78933],[35.05438,31.78966],[35.05331,31.78991],[35.05222,31.79005],[35.05111,31.7901]]],"type":"Polygon"},"properties":{"placeId":"a3587ba","name":"Mount Jearim","type":"mountain","landOrWater":"land","proposed":false,"role":"g906b0a.geometry"}},{"type":"Feature","geometry":{"coordinates":[[[35.626791,33.413941],[35.675009,33.555459],[35.73468,33.680438],[35.802874,33.761068],[35.858565,33.871863],[35.974403,34.019918],[36.076651,34.18686],[36.355757,34.508675],[36.253724,34.592514],[36.047991,34.449198],[35.841928,34.233405],[35.753585,34.185497],[35.665844,33.951621],[35.519543,33.779392],[35.487401,33.703612],[35.482028,33.564034],[35.516877,33.424567],[35.553293,33.354297],[35.626791,33.413941]]],"type":"Polygon"},"properties":{"placeId":"ac54760","name":"Mount Lebanon","type":"mountain range","landOrWater":"land","proposed":false,"role":"g4f5a46.geometry"}},{"type":"Feature","geometry":{"coordinates":[[[35.85,33.6698],[35.81611,33.66831],[35.7826,33.66388],[35.74984,33.65655],[35.71818,33.6464],[35.68798,33.63355],[35.65957,33.61812],[35.63326,33.60031],[35.60934,33.5803],[35.58807,33.55831],[35.56969,33.53458],[35.5544,33.50939],[35.54235,33.48299],[35.53369,33.45569],[35.5285,33.42779],[35.52683,33.39958],[35.52871,33.37138],[35.5341,33.34351],[35.54294,33.31625],[35.55514,33.28992],[35.57056,33.26479],[35.58903,33.24114],[35.61034,33.21924],[35.63426,33.19932],[35.66052,33.18159],[35.68885,33.16625],[35.71893,33.15346],[35.75043,33.14337],[35.78301,33.13608],[35.81632,33.13168],[35.85,33.1302],[35.88368,33.13168],[35.91699,33.13608],[35.94957,33.14337],[35.98107,33.15346],[36.01115,33.16625],[36.03948,33.18159],[36.06574,33.19932],[36.08966,33.21924],[36.11097,33.24114],[36.12944,33.26479],[36.14486,33.28992],[36.15706,33.31625],[36.1659,33.34351],[36.17129,33.37138],[36.17317,33.39958],[36.1715,33.42779],[36.16631,33.45569],[36.15765,33.48299],[36.1456,33.50939],[36.13031,33.53458],[36.11193,33.55831],[36.09066,33.5803],[36.06674,33.60031],[36.04043,33.61812],[36.01202,33.63355],[35.98182,33.6464],[35.95016,33.65655],[35.9174,33.66388],[35.88389,33.66831],[35.85,33.6698]]],"type":"Polygon"},"properties":{"placeId":"a597123","name":"Mount Mizar","type":"hill","landOrWater":"land","proposed":true,"role":"ge85699.geometry"}},{"type":"Feature","geometry":{"coordinates":[[[35.20474,31.78747],[35.20446,31.78745],[35.20419,31.78742],[35.20392,31.78736],[35.20366,31.78727],[35.20341,31.78716],[35.20318,31.78704],[35.20297,31.78689],[35.20277,31.78672],[35.2026,31.78654],[35.20244,31.78634],[35.20232,31.78613],[35.20222,31.78591],[35.20215,31.78568],[35.2021,31.78545],[35.20209,31.78522],[35.2021,31.78498],[35.20215,31.78475],[35.20222,31.78452],[35.20232,31.7843],[35.20244,31.78409],[35.2026,31.7839],[35.20277,31.78371],[35.20297,31.78355],[35.20318,31.7834],[35.20341,31.78327],[35.20366,31.78316],[35.20392,31.78308],[35.20419,31.78302],[35.20446,31.78298],[35.20474,31.78297],[35.20501,31.78298],[35.20528,31.78302],[35.20555,31.78308],[35.20581,31.78316],[35.20606,31.78327],[35.20629,31.7834],[35.2065,31.78355],[35.2067,31.78371],[35.20687,31.7839],[35.20703,31.78409],[35.20715,31.7843],[35.20725,31.78452],[35.20732,31.78475],[35.20737,31.78498],[35.20738,31.78522],[35.20737,31.78545],[35.20732,31.78568],[35.20725,31.78591],[35.20715,31.78613],[35.20703,31.78634],[35.20687,31.78654],[35.2067,31.78672],[35.2065,31.78689],[35.20629,31.78704],[35.20606,31.78716],[35.20581,31.78727],[35.20555,31.78736],[35.20528,31.78742],[35.20501,31.78745],[35.20474,31.78747]]],"type":"Polygon"},"properties":{"placeId":"a991067","name":"Mount Perazim","type":"mountain","landOrWater":"land","proposed":false,"role":"g191a38.geometry"}},{"type":"Feature","geometry":{"coordinates":[[[[35.10875,29.61571],[35.24226,29.58666],[35.27564,29.58666],[35.30902,29.58666],[35.60943,30.05138],[35.6428,30.10947],[35.77632,30.37087],[35.84307,30.5161],[35.77632,30.89368],[35.74294,30.92272],[35.57605,30.98081],[35.54267,30.98081],[35.50929,30.98081],[35.17551,30.31278],[35.10875,30.13851],[35.07537,29.64475],[35.10875,29.61571]]],[[[35.50929,30.89368],[35.47591,30.86463],[35.20889,30.31278],[35.17551,29.96424],[35.17551,29.9352],[35.17551,29.90615],[35.17551,29.87711],[35.17551,29.84807],[35.27564,29.78998],[35.3424,29.76093],[35.37578,29.76093],[35.6428,30.1966],[35.74294,30.83559],[35.74294,30.86463],[35.70956,30.89368],[35.67618,30.92272],[35.6428,30.92272],[35.50929,30.89368]]],[[[35.30902,30.39992],[35.24226,30.1966],[35.24226,30.16756],[35.24226,30.13851],[35.24226,30.10947],[35.30902,30.08042],[35.40916,30.05138],[35.44253,30.05138],[35.47591,30.05138],[35.50929,30.08042],[35.57605,30.28374],[35.6428,30.48705],[35.67618,30.60323],[35.6428,30.71941],[35.57605,30.7775],[35.47591,30.71941],[35.40916,30.66132],[35.37578,30.57419],[35.3424,30.48705],[35.30902,30.39992]]],[[[35.30902,30.08042],[35.44253,30.05138],[35.47591,30.05138],[35.50929,30.10947],[35.54267,30.1966],[35.57605,30.28374],[35.6428,30.48705],[35.6428,30.5161],[35.6428,30.60323],[35.60943,30.66132],[35.54267,30.71941],[35.37578,30.57419],[35.3424,30.48705],[35.24226,30.16756],[35.30902,30.08042]]],[[[35.44253,30.13851],[35.50929,30.16756],[35.54267,30.22565],[35.60943,30.5161],[35.60943,30.60323],[35.57605,30.63228],[35.54267,30.66132],[35.47591,30.63228],[35.37578,30.5161],[35.3424,30.45801],[35.30902,30.37087],[35.27564,30.1966],[35.30902,30.10947],[35.3424,30.10947],[35.44253,30.13851]]],[[[35.47591,30.60323],[35.44253,30.54514],[35.37578,30.39992],[35.3424,30.31278],[35.3424,30.22565],[35.37578,30.22565],[35.44253,30.34183],[35.50929,30.45801],[35.57605,30.60323],[35.57605,30.63228],[35.54267,30.63228],[35.50929,30.63228],[35.47591,30.60323]]],[[[35.47591,30.60323],[35.40916,30.45801],[35.40916,30.42896],[35.47591,30.42896],[35.50929,30.48705],[35.57605,30.63228],[35.54267,30.63228],[35.50929,30.63228],[35.47591,30.60323]]]],"type":"MultiPolygon"},"properties":{"placeId":"ae981db","name":"Mount Seir 1","type":"mountain range","landOrWater":"land","proposed":true,"role":"g0ed146.isobands"}},{"type":"Feature","geometry":{"coordinates":[[[34.30356,30.95628],[34.24875,30.95381],[34.19455,30.94641],[34.14157,30.93417],[34.09038,30.91723],[34.04155,30.89578],[33.99564,30.87004],[33.95313,30.84031],[33.9145,30.80692],[33.88018,30.77024],[33.85053,30.73067],[33.82588,30.68864],[33.80649,30.64463],[33.79257,30.59911],[33.78426,30.55259],[33.78166,30.50558],[33.78477,30.45859],[33.79355,30.41214],[33.80791,30.36673],[33.82767,30.32286],[33.85262,30.28101],[33.88247,30.24164],[33.9169,30.20517],[33.95553,30.172],[33.99793,30.14248],[34.04364,30.11694],[34.09217,30.09566],[34.14298,30.07887],[34.19554,30.06674],[34.24925,30.05941],[34.30356,30.05696],[34.35787,30.05941],[34.41158,30.06674],[34.46414,30.07887],[34.51495,30.09566],[34.56348,30.11694],[34.60919,30.14248],[34.65159,30.172],[34.69022,30.20517],[34.72465,30.24164],[34.7545,30.28101],[34.77945,30.32286],[34.79921,30.36673],[34.81357,30.41214],[34.82235,30.45859],[34.82546,30.50558],[34.82286,30.55259],[34.81455,30.59911],[34.80063,30.64463],[34.78124,30.68864],[34.75659,30.73067],[34.72694,30.77024],[34.69262,30.80692],[34.65399,30.84031],[34.61148,30.87004],[34.56557,30.89578],[34.51674,30.91723],[34.46555,30.93417],[34.41257,30.94641],[34.35837,30.95381],[34.30356,30.95628]]],"type":"Polygon"},"properties":{"placeId":"a39fe14","name":"Mount Shepher","type":"mountain","landOrWater":"land","proposed":true,"role":"geb1359.geometry"}},{"type":"Feature","geometry":{"coordinates":[[[35.2117,31.95376],[35.20616,31.95351],[35.20068,31.95277],[35.19532,31.95155],[35.19015,31.94987],[35.1852,31.94773],[35.18055,31.94516],[35.17624,31.9422],[35.17232,31.93887],[35.16883,31.93521],[35.16582,31.93126],[35.1633,31.92707],[35.16131,31.92268],[35.15988,31.91813],[35.15902,31.91348],[35.15873,31.90878],[35.15902,31.90408],[35.15989,31.89943],[35.16133,31.89488],[35.16332,31.89049],[35.16584,31.8863],[35.16886,31.88235],[35.17235,31.8787],[35.17627,31.87537],[35.18058,31.87241],[35.18523,31.86985],[35.19016,31.86771],[35.19534,31.86602],[35.20069,31.86481],[35.20617,31.86407],[35.2117,31.86382],[35.21723,31.86407],[35.22271,31.86481],[35.22806,31.86602],[35.23324,31.86771],[35.23817,31.86985],[35.24282,31.87241],[35.24713,31.87537],[35.25105,31.8787],[35.25454,31.88235],[35.25756,31.8863],[35.26008,31.89049],[35.26207,31.89488],[35.26351,31.89943],[35.26438,31.90408],[35.26467,31.90878],[35.26438,31.91348],[35.26352,31.91813],[35.26209,31.92268],[35.2601,31.92707],[35.25758,31.93126],[35.25457,31.93521],[35.25108,31.93887],[35.24716,31.9422],[35.24285,31.94516],[35.2382,31.94773],[35.23325,31.94987],[35.22808,31.95155],[35.22272,31.95277],[35.21724,31.95351],[35.2117,31.95376]]],"type":"Polygon"},"properties":{"placeId":"a5a92d1","name":"Mount Zemaraim","type":"mountain","landOrWater":"land","proposed":true,"role":"g49c056.geometry"}},{"type":"Feature","geometry":{"coordinates":[[[27.801512,40.5876],[27.421657,40.559996],[26.718585,40.400302],[26.387443,40.19879],[26.395692,40.132468],[26.143648,40.017738],[25.908712,39.870433],[25.983335,39.438215],[26.248853,39.419664],[26.786689,39.513075],[26.488982,39.380383],[26.535102,39.270044],[26.703909,39.13046],[26.797075,38.866345],[29.355136,39.003448],[29.279805,40.438923],[27.801512,40.5876]]],"type":"Polygon"},"properties":{"placeId":"a2d9bc8","name":"Mysia","type":"region","landOrWater":"land","proposed":false,"role":"g3a5d8d.geometry"}},{"type":"Feature","geometry":{"coordinates":[[[34.84917,31.83507],[34.81597,31.83359],[34.78315,31.82916],[34.75105,31.82183],[34.72003,31.81168],[34.69045,31.79883],[34.66261,31.78341],[34.63683,31.7656],[34.6134,31.74559],[34.59256,31.7236],[34.57455,31.69988],[34.55956,31.67469],[34.54775,31.6483],[34.53926,31.621],[34.53416,31.59309],[34.53252,31.56489],[34.53435,31.53669],[34.53963,31.50881],[34.54829,31.48155],[34.56024,31.45522],[34.57534,31.43009],[34.59343,31.40644],[34.61431,31.38453],[34.63774,31.36461],[34.66348,31.34687],[34.69124,31.33153],[34.72071,31.31874],[34.75159,31.30865],[34.78352,31.30136],[34.81616,31.29696],[34.84917,31.29548],[34.88217,31.29696],[34.91482,31.30136],[34.94675,31.30865],[34.97762,31.31874],[35.00709,31.33153],[35.03485,31.34687],[35.06059,31.36461],[35.08403,31.38453],[35.1049,31.40644],[35.12299,31.43009],[35.1381,31.45522],[35.15005,31.48155],[35.15871,31.50881],[35.16398,31.53669],[35.16581,31.56489],[35.16417,31.59309],[35.15908,31.621],[35.15058,31.6483],[35.13878,31.67469],[35.12379,31.69988],[35.10578,31.7236],[35.08494,31.74559],[35.0615,31.7656],[35.03572,31.78341],[35.00789,31.79883],[34.9783,31.81168],[34.94729,31.82183],[34.91519,31.82916],[34.88236,31.83359],[34.84917,31.83507]]],"type":"Polygon"},"properties":{"placeId":"ae7bd8b","name":"Naamah 1","type":"settlement","landOrWater":"land","proposed":true,"role":"g9bea84.geometry"}},{"type":"Feature","geometry":{"coordinates":[[[[43.96851,16.09165],[43.37276,15.94663],[43.22383,15.36655],[43.22383,15.22153],[43.5217,13.91635],[43.96851,13.48129],[44.11744,13.48129],[44.41531,13.48129],[44.56425,13.48129],[44.71318,13.48129],[44.86212,13.48129],[45.01105,13.48129],[46.50041,13.91635],[48.43657,14.93149],[48.73444,15.94663],[48.43657,16.23667],[48.28764,16.23667],[48.1387,16.23667],[47.98976,16.23667],[47.84083,16.23667],[47.69189,16.23667],[47.54296,16.23667],[47.39402,16.23667],[47.24509,16.23667],[47.09615,16.23667],[46.94722,16.23667],[46.79828,16.23667],[46.64934,16.23667],[46.50041,16.23667],[43.96851,16.09165]]],[[[43.37276,14.93149],[43.5217,14.06137],[43.67064,13.91635],[44.26638,13.62631],[44.41531,13.62631],[46.50041,14.06137],[48.28764,14.93149],[48.43657,15.94663],[47.84083,16.09165],[47.69189,16.09165],[47.54296,16.09165],[47.39402,16.09165],[47.24509,16.09165],[47.09615,16.09165],[46.94722,16.09165],[46.79828,16.09165],[46.64934,16.09165],[46.50041,16.09165],[43.5217,15.94663],[43.37276,15.65659],[43.37276,15.51157],[43.37276,15.36655],[43.37276,15.22153],[43.37276,15.07651],[43.37276,14.93149]]],[[[43.37276,15.07651],[43.37276,14.93149],[43.5217,14.49643],[43.67064,14.20639],[43.81957,13.91635],[43.96851,13.91635],[44.11744,13.91635],[44.26638,13.91635],[44.41531,13.91635],[44.56425,13.91635],[44.71318,13.91635],[44.86212,13.91635],[45.01105,13.91635],[45.15999,13.91635],[45.30893,13.91635],[46.50041,14.20639],[47.69189,14.93149],[47.84083,15.07651],[47.84083,15.22153],[47.84083,15.36655],[47.84083,15.51157],[47.84083,15.65659],[47.84083,15.80161],[47.84083,15.94663],[47.69189,15.94663],[47.54296,15.94663],[47.39402,15.94663],[47.24509,15.94663],[47.09615,15.94663],[46.94722,15.94663],[46.79828,15.94663],[46.64934,15.94663],[46.50041,15.94663],[46.35147,15.94663],[46.20254,15.94663],[46.0536,15.94663],[45.90467,15.94663],[45.75573,15.94663],[45.6068,15.94663],[45.45786,15.94663],[45.30893,15.94663],[45.15999,15.94663],[45.01105,15.94663],[44.86212,15.94663],[44.71318,15.94663],[44.56425,15.94663],[44.41531,15.94663],[44.26638,15.94663],[44.11744,15.94663],[43.96851,15.94663],[43.81957,15.94663],[43.67064,15.94663],[43.5217,15.94663],[43.37276,15.65659],[43.37276,15.51157],[43.37276,15.36655],[43.37276,15.22153],[43.37276,15.07651]]],[[[43.5217,14.49643],[43.81957,14.20639],[44.11744,13.91635],[44.26638,13.91635],[44.41531,13.91635],[47.24509,14.93149],[47.24509,15.07651],[47.24509,15.22153],[47.24509,15.36655],[46.35147,15.80161],[45.75573,15.94663],[45.6068,15.94663],[45.45786,15.94663],[45.30893,15.94663],[45.15999,15.94663],[45.01105,15.94663],[44.86212,15.94663],[44.71318,15.94663],[44.11744,15.94663],[43.96851,15.94663],[43.81957,15.94663],[43.5217,15.80161],[43.37276,15.51157],[43.37276,15.36655],[43.37276,15.22153],[43.37276,15.07651],[43.37276,14.93149],[43.5217,14.49643]]],[[[43.81957,15.80161],[43.5217,15.65659],[43.37276,15.36655],[43.37276,15.22153],[43.37276,15.07651],[43.67064,14.49643],[43.96851,14.20639],[44.11744,14.20639],[44.26638,14.20639],[46.50041,14.93149],[46.50041,15.07651],[46.50041,15.22153],[46.50041,15.36655],[46.20254,15.65659],[46.0536,15.80161],[45.90467,15.80161],[45.75573,15.80161],[45.6068,15.80161],[45.45786,15.80161],[45.30893,15.80161],[45.15999,15.80161],[45.01105,15.80161],[44.86212,15.80161],[44.71318,15.80161],[44.26638,15.80161],[44.11744,15.80161],[43.96851,15.80161],[43.81957,15.80161]]],[[[43.5217,14.93149],[43.81957,14.49643],[43.96851,14.49643],[44.11744,14.49643],[44.26638,14.49643],[46.35147,14.93149],[46.35147,15.07651],[46.35147,15.22153],[46.35147,15.36655],[46.0536,15.65659],[45.75573,15.80161],[45.6068,15.80161],[45.45786,15.80161],[45.30893,15.80161],[43.67064,15.65659],[43.5217,15.51157],[43.37276,15.36655],[43.5217,14.93149]]],[[[43.81957,15.65659],[43.5217,15.51157],[43.5217,15.36655],[43.5217,15.22153],[43.5217,15.07651],[43.5217,14.93149],[43.81957,14.49643],[43.96851,14.49643],[44.11744,14.49643],[46.20254,14.93149],[46.20254,15.07651],[46.20254,15.22153],[46.20254,15.36655],[45.15999,15.51157],[44.26638,15.65659],[44.11744,15.65659],[43.96851,15.65659],[43.81957,15.65659]]],[[[43.81957,15.51157],[43.67064,15.51157],[43.5217,15.36655],[43.5217,15.22153],[43.5217,15.07651],[43.67064,14.93149],[43.81957,14.78647],[43.96851,14.78647],[44.11744,14.78647],[44.71318,14.78647],[44.86212,14.78647],[46.0536,14.93149],[46.0536,15.07651],[46.0536,15.22153],[46.0536,15.36655],[44.41531,15.51157],[44.26638,15.51157],[44.11744,15.51157],[43.96851,15.51157],[43.81957,15.51157]]],[[[43.81957,15.51157],[43.67064,15.36655],[43.5217,15.07651],[43.67064,14.93149],[43.81957,14.93149],[43.96851,14.93149],[44.11744,14.93149],[44.26638,14.93149],[44.41531,14.93149],[44.56425,14.93149],[44.71318,14.93149],[44.86212,14.93149],[45.01105,14.93149],[45.15999,14.93149],[45.30893,14.93149],[45.45786,14.93149],[45.6068,14.93149],[45.75573,14.93149],[45.75573,15.07651],[45.15999,15.36655],[43.81957,15.51157]]]],"type":"MultiPolygon"},"properties":{"placeId":"ac6b210","name":"Naamah 2","type":"region","landOrWater":"land","proposed":true,"role":"g718940.isobands"}},{"type":"Feature","geometry":{"coordinates":[[35.666734,31.606429],[35.665242,31.60614],[35.664645,31.605439],[35.664199,31.605214],[35.66125,31.604843],[35.660378,31.603896],[35.66006,31.603779],[35.659633,31.603842],[35.659532,31.604026],[35.659463,31.604961],[35.658935,31.605137],[35.656702,31.604855],[35.655691,31.60516],[35.654336,31.60471],[35.652594,31.605172],[35.652126,31.605086],[35.651882,31.60475],[35.651758,31.603877],[35.651483,31.603748],[35.64953,31.603638],[35.64771,31.603133],[35.646089,31.602249],[35.643686,31.601408],[35.642335,31.600386],[35.640911,31.600958],[35.640327,31.600934],[35.638586,31.599103],[35.637791,31.598801],[35.636532,31.598735],[35.635645,31.599811],[35.63565,31.60093],[35.635039,31.601963],[35.63316,31.60212],[35.632512,31.602343],[35.631211,31.602867],[35.630403,31.603791],[35.630031,31.603947],[35.629185,31.603908],[35.628244,31.603439],[35.627081,31.603471],[35.626686,31.60459],[35.626847,31.605095],[35.626544,31.605646],[35.626084,31.605834],[35.624316,31.60621],[35.623181,31.605869],[35.6224,31.606194],[35.621885,31.606061],[35.620773,31.607208],[35.618131,31.607435],[35.616805,31.608096],[35.616009,31.608209],[35.612107,31.607519],[35.60996,31.609206],[35.6036,31.608513],[35.601651,31.609591],[35.598475,31.610627],[35.597402,31.611155],[35.59634,31.610494],[35.595992,31.610561],[35.595837,31.61121],[35.595139,31.610886],[35.594245,31.611257],[35.593617,31.610808],[35.593387,31.610339],[35.592965,31.610267],[35.592826,31.611348],[35.592365,31.61141],[35.5919,31.611326],[35.590736,31.610563],[35.589581,31.610841],[35.588981,31.610662],[35.588178,31.61074],[35.587343,31.611649],[35.586202,31.611255],[35.585921,31.61209],[35.585274,31.612293],[35.584903,31.61267],[35.58433,31.612455],[35.58357,31.612543],[35.583818,31.613132],[35.583614,31.613461],[35.583174,31.613397],[35.582791,31.613022],[35.580423,31.613666],[35.579717,31.613373],[35.579407,31.613474],[35.578718,31.614532],[35.578142,31.614476],[35.577412,31.615441],[35.577792,31.616365],[35.576925,31.616914],[35.576997,31.617472],[35.575832,31.618199],[35.574584,31.61843],[35.573863,31.618816],[35.572046,31.618159],[35.570959,31.617412],[35.569394,31.617257],[35.567384,31.618131]],"type":"LineString"},"properties":{"placeId":"a8dafd6","name":"Nahaliel","type":"campsite","landOrWater":"land","proposed":true,"role":"g6634e8.simplified"}},{"type":"Feature","geometry":{"coordinates":[[[39.03278,38.39329],[38.82893,38.38474],[38.62745,38.3592],[38.43069,38.31696],[38.24092,38.25851],[38.06033,38.18453],[37.89096,38.09588],[37.73473,37.99358],[37.59337,37.87881],[37.46843,37.75288],[37.36122,37.61721],[37.27288,37.47335],[37.20426,37.32291],[37.15603,37.16758],[37.12859,37.00908],[37.12211,36.84915],[37.13654,36.68956],[37.17158,36.53204],[37.22673,36.37831],[37.30128,36.23001],[37.39433,36.08873],[37.50479,35.95599],[37.6314,35.83318],[37.77277,35.7216],[37.92734,35.62243],[38.09346,35.53671],[38.26936,35.46532],[38.45318,35.40901],[38.64302,35.36837],[38.83688,35.34381],[39.03278,35.3356],[39.22867,35.34381],[39.42254,35.36837],[39.61237,35.40901],[39.7962,35.46532],[39.9721,35.53671],[40.13822,35.62243],[40.29279,35.7216],[40.43416,35.83318],[40.56077,35.95599],[40.67123,36.08873],[40.76428,36.23001],[40.83883,36.37831],[40.89398,36.53204],[40.92902,36.68956],[40.94344,36.84915],[40.93696,37.00908],[40.90952,37.16758],[40.86129,37.32291],[40.79268,37.47335],[40.70433,37.61721],[40.59713,37.75288],[40.47218,37.87881],[40.33082,37.99358],[40.17459,38.09588],[40.00523,38.18453],[39.82463,38.25851],[39.63486,38.31696],[39.4381,38.3592],[39.23663,38.38474],[39.03278,38.39329]]],"type":"Polygon"},"properties":{"placeId":"aff43ac","name":"Nahor","type":"settlement","landOrWater":"land","proposed":true,"role":"g3f5a24.geometry"}},{"type":"Feature","geometry":{"coordinates":[[[39.03278,38.39329],[38.82893,38.38474],[38.62745,38.3592],[38.43069,38.31696],[38.24092,38.25851],[38.06033,38.18453],[37.89096,38.09588],[37.73473,37.99358],[37.59337,37.87881],[37.46843,37.75288],[37.36122,37.61721],[37.27288,37.47335],[37.20426,37.32291],[37.15603,37.16758],[37.12859,37.00908],[37.12211,36.84915],[37.13654,36.68956],[37.17158,36.53204],[37.22673,36.37831],[37.30128,36.23001],[37.39433,36.08873],[37.50479,35.95599],[37.6314,35.83318],[37.77277,35.7216],[37.92734,35.62243],[38.09346,35.53671],[38.26936,35.46532],[38.45318,35.40901],[38.64302,35.36837],[38.83688,35.34381],[39.03278,35.3356],[39.22867,35.34381],[39.42254,35.36837],[39.61237,35.40901],[39.7962,35.46532],[39.9721,35.53671],[40.13822,35.62243],[40.29279,35.7216],[40.43416,35.83318],[40.56077,35.95599],[40.67123,36.08873],[40.76428,36.23001],[40.83883,36.37831],[40.89398,36.53204],[40.92902,36.68956],[40.94344,36.84915],[40.93696,37.00908],[40.90952,37.16758],[40.86129,37.32291],[40.79268,37.47335],[40.70433,37.61721],[40.59713,37.75288],[40.47218,37.87881],[40.33082,37.99358],[40.17459,38.09588],[40.00523,38.18453],[39.82463,38.25851],[39.63486,38.31696],[39.4381,38.3592],[39.23663,38.38474],[39.03278,38.39329]]],"type":"Polygon"},"properties":{"placeId":"ac6cefa","name":"Nahuru","type":"settlement","landOrWater":"land","proposed":false,"role":"g3f5a24.geometry"}},{"type":"Feature","geometry":{"coordinates":[[[35.23161,31.87233],[35.2294,31.87223],[35.22721,31.87193],[35.22507,31.87145],[35.223,31.87077],[35.22102,31.86992],[35.21916,31.86889],[35.21744,31.86771],[35.21587,31.86637],[35.21448,31.86491],[35.21327,31.86333],[35.21226,31.86165],[35.21147,31.8599],[35.2109,31.85808],[35.21055,31.85622],[35.21043,31.85434],[35.21055,31.85246],[35.2109,31.8506],[35.21147,31.84878],[35.21227,31.84702],[35.21327,31.84535],[35.21448,31.84377],[35.21588,31.8423],[35.21744,31.84097],[35.21917,31.83979],[35.22102,31.83876],[35.223,31.83791],[35.22507,31.83723],[35.22721,31.83675],[35.2294,31.83645],[35.23161,31.83635],[35.23382,31.83645],[35.23601,31.83675],[35.23815,31.83723],[35.24022,31.83791],[35.2422,31.83876],[35.24405,31.83979],[35.24578,31.84097],[35.24734,31.8423],[35.24874,31.84377],[35.24995,31.84535],[35.25095,31.84702],[35.25175,31.84878],[35.25232,31.8506],[35.25267,31.85246],[35.25279,31.85434],[35.25267,31.85622],[35.25232,31.85808],[35.25175,31.8599],[35.25096,31.86165],[35.24995,31.86333],[35.24874,31.86491],[35.24735,31.86637],[35.24578,31.86771],[35.24406,31.86889],[35.2422,31.86992],[35.24022,31.87077],[35.23815,31.87145],[35.23601,31.87193],[35.23382,31.87223],[35.23161,31.87233]]],"type":"Polygon"},"properties":{"placeId":"ae1c9ea","name":"Naioth","type":"settlement","landOrWater":"land","proposed":true,"role":"g0461a5.geometry"}},{"type":"Feature","geometry":{"coordinates":[[[[34.30748,30.6446],[34.30748,30.61773],[34.36977,30.53714],[34.86807,30.45654],[34.89922,30.45654],[34.93036,30.4834],[34.96151,30.51027],[35.14837,30.83265],[35.27295,31.07444],[35.27295,31.1013],[35.27295,31.34309],[34.65006,31.36995],[34.4632,31.34309],[34.36977,31.26249],[34.30748,30.6446]]],[[[34.4632,31.26249],[34.40091,31.1819],[34.40091,30.99384],[34.49434,30.83265],[34.71235,30.80579],[34.7435,30.80579],[34.77464,30.80579],[34.80579,30.80579],[34.83693,30.80579],[34.89922,30.80579],[34.99265,30.83265],[35.08608,30.91325],[35.11723,30.94011],[35.14837,31.02071],[35.17952,31.1013],[35.17952,31.23563],[35.17952,31.28936],[34.86807,31.34309],[34.83693,31.34309],[34.80579,31.34309],[34.77464,31.34309],[34.7435,31.34309],[34.71235,31.34309],[34.68121,31.34309],[34.65006,31.34309],[34.61892,31.34309],[34.58778,31.34309],[34.55663,31.34309],[34.52549,31.34309],[34.4632,31.26249]]],[[[34.40091,30.99384],[34.49434,30.83265],[34.52549,30.83265],[34.55663,30.83265],[34.58778,30.83265],[34.61892,30.83265],[34.65006,30.83265],[34.68121,30.83265],[34.71235,30.83265],[34.7435,30.83265],[34.77464,30.83265],[34.80579,30.83265],[34.83693,30.83265],[34.86807,30.83265],[34.89922,30.83265],[34.96151,30.83265],[35.08608,30.91325],[35.11723,30.96698],[35.14837,31.07444],[35.14837,31.1013],[35.14837,31.12817],[35.11723,31.28936],[34.77464,31.34309],[34.7435,31.34309],[34.71235,31.34309],[34.68121,31.34309],[34.65006,31.34309],[34.61892,31.34309],[34.58778,31.31622],[34.49434,31.23563],[34.4632,31.20876],[34.43205,31.1819],[34.40091,30.99384]]],[[[34.49434,30.99384],[34.71235,30.83265],[34.7435,30.83265],[34.77464,30.83265],[34.99265,30.85952],[35.05494,30.91325],[35.08608,30.94011],[35.11723,30.99384],[35.14837,31.07444],[35.14837,31.1013],[35.14837,31.12817],[35.11723,31.26249],[34.89922,31.28936],[34.86807,31.28936],[34.83693,31.28936],[34.80579,31.28936],[34.77464,31.28936],[34.7435,31.28936],[34.71235,31.28936],[34.68121,31.28936],[34.65006,31.28936],[34.61892,31.28936],[34.58778,31.28936],[34.49434,31.20876],[34.4632,31.1819],[34.49434,30.99384]]],[[[34.80579,31.28936],[34.77464,31.28936],[34.7435,31.28936],[34.71235,31.28936],[34.68121,31.28936],[34.65006,31.28936],[34.61892,31.28936],[34.49434,30.99384],[34.71235,30.85952],[34.7435,30.85952],[34.77464,30.85952],[34.96151,30.85952],[35.05494,30.91325],[35.08608,30.99384],[35.11723,31.07444],[35.11723,31.15503],[35.11723,31.1819],[35.11723,31.20876],[35.08608,31.26249],[34.89922,31.28936],[34.86807,31.28936],[34.83693,31.28936],[34.80579,31.28936]]],[[[34.55663,31.04757],[34.55663,30.99384],[34.77464,30.91325],[34.80579,30.91325],[34.83693,30.91325],[34.86807,30.91325],[35.0238,30.99384],[35.11723,31.1819],[34.86807,31.28936],[34.83693,31.28936],[34.80579,31.28936],[34.77464,31.28936],[34.7435,31.28936],[34.71235,31.28936],[34.68121,31.28936],[34.65006,31.28936],[34.61892,31.28936],[34.55663,31.04757]]],[[[34.68121,31.28936],[34.61892,31.28936],[34.58778,31.04757],[34.58778,31.02071],[34.58778,30.99384],[34.77464,30.91325],[34.80579,30.91325],[34.83693,30.91325],[34.93036,30.99384],[34.96151,31.02071],[35.0238,31.07444],[35.08608,31.15503],[35.08608,31.1819],[34.86807,31.28936],[34.68121,31.28936]]],[[[34.61892,31.20876],[34.61892,31.1819],[34.61892,31.07444],[34.61892,31.04757],[34.61892,31.02071],[34.80579,30.91325],[35.0238,31.07444],[35.08608,31.15503],[35.08608,31.1819],[34.99265,31.20876],[34.86807,31.23563],[34.61892,31.20876]]],[[[34.61892,31.20876],[34.61892,31.1819],[34.68121,31.04757],[34.71235,31.02071],[34.77464,30.99384],[34.80579,30.99384],[34.83693,30.99384],[34.99265,31.07444],[34.99265,31.1013],[34.99265,31.15503],[34.99265,31.1819],[34.96151,31.20876],[34.93036,31.20876],[34.89922,31.20876],[34.86807,31.20876],[34.83693,31.20876],[34.80579,31.20876],[34.77464,31.20876],[34.7435,31.20876],[34.71235,31.20876],[34.68121,31.20876],[34.65006,31.20876],[34.61892,31.20876]]]],"type":"MultiPolygon"},"properties":{"placeId":"a1cb244","name":"Negeb","type":"region","landOrWater":"land","proposed":false,"role":"gf328fd.isobands"}},{"type":"Feature","geometry":{"coordinates":[[32.50641,15.64124],[32.56511,16.15133],[32.71356,16.38777],[32.95192,16.55592],[33.11583,16.52307],[33.64297,16.83735],[33.72145,16.98361],[33.73357,17.29374],[33.87965,17.42427],[33.97344,17.6496],[33.98393,18.00857],[33.93325,18.25404],[33.80148,18.31479],[33.67353,18.49584],[33.68565,18.69568],[33.56111,18.73881],[33.58701,19.1089],[33.41389,19.27437],[33.3283,19.52937],[32.88425,19.45702],[32.38153,18.92093],[32.04448,18.82381],[32.03232,18.61076],[31.86211,18.55957],[31.52533,18.08251],[31.21433,17.98326],[30.76226,18.15564],[30.69645,18.48917],[30.57768,18.59205],[30.47161,18.87864],[30.4935,19.24645],[30.29591,19.93647],[30.548,19.94806],[30.58044,20.29215],[30.38709,20.34491],[30.34188,20.42713],[30.28905,20.58492],[30.32506,20.79066],[30.53899,20.8389],[30.58358,21.01854],[30.69735,21.07635],[30.65834,21.18687],[30.98839,21.40132],[30.95816,21.48728],[31.17366,21.66365],[31.43225,22.17585],[32.1137,22.73589],[32.20964,22.74464],[32.29427,22.6215],[32.38727,22.62304],[32.94577,23.31672],[32.87144,23.59294],[32.92323,24.44909],[32.86968,24.48453],[32.93186,24.67286],[32.88824,24.98288],[32.56526,25.27726],[32.46825,25.56172],[32.76754,25.79133],[32.76073,26.10578],[32.63342,26.17901],[32.27785,26.02442],[32.12248,26.20443],[32.02343,26.17474],[31.99592,26.28987],[31.80991,26.44018],[31.80737,26.55024],[31.70632,26.5437],[31.70808,26.63279],[31.52426,26.78297],[31.30078,27.15568],[31.12483,27.20777],[30.84795,27.45684],[30.89596,27.78379],[30.82839,27.82289],[30.86746,27.96484],[30.74305,28.14557],[30.73948,28.30098],[30.84407,28.44511],[30.92729,28.87826],[31.22548,29.24542],[31.29308,29.84911],[31.21135,30.12366],[30.82031,30.33869],[30.8769,30.37565],[30.76263,30.71801],[30.81216,30.81963],[30.76271,30.82173],[30.76053,30.99229],[30.52221,31.19948],[30.51972,31.32732],[30.37128,31.45895]],"type":"LineString"},"properties":{"placeId":"a012705","name":"Nile","type":"river","landOrWater":"water","proposed":false,"role":"gbd7010.simplified"}},{"type":"Feature","geometry":{"coordinates":[[35.684611,31.042486],[35.682759,31.043236],[35.681583,31.044276],[35.675451,31.044684],[35.6748,31.044276],[35.67241,31.045316],[35.671434,31.046238],[35.669782,31.046013],[35.66569,31.048393],[35.665465,31.049326],[35.664314,31.049487],[35.664426,31.050259],[35.662962,31.051009],[35.661221,31.051066],[35.660602,31.0506],[35.658068,31.050224],[35.655728,31.051463],[35.653901,31.05306],[35.652086,31.053392],[35.651285,31.054003],[35.647806,31.053987],[35.647218,31.059964],[35.646549,31.060553],[35.64663,31.061663],[35.644534,31.062574],[35.644528,31.064144],[35.643276,31.064535],[35.641781,31.067515],[35.640605,31.068035],[35.639585,31.069991],[35.63996,31.072054],[35.638953,31.073196],[35.637846,31.073249],[35.637748,31.076788],[35.635767,31.081643],[35.632784,31.085664],[35.631557,31.085959],[35.62998,31.087566],[35.629874,31.088515],[35.623733,31.091367],[35.618321,31.091608],[35.616588,31.09329],[35.614867,31.093124],[35.613284,31.095069],[35.61152,31.095991],[35.60898,31.096194],[35.607647,31.09493],[35.606208,31.094887],[35.603955,31.093767],[35.603061,31.094448],[35.601109,31.09419],[35.600545,31.09464],[35.599613,31.094592],[35.598837,31.095937],[35.597042,31.096344],[35.596948,31.097635],[35.59422,31.100132],[35.590766,31.100486],[35.591185,31.101927],[35.590185,31.103212],[35.588308,31.103539],[35.585987,31.103025],[35.583991,31.103523],[35.583734,31.104862],[35.581519,31.105435],[35.58075,31.106089],[35.580231,31.108869],[35.578835,31.109314],[35.575719,31.108869],[35.575963,31.109485],[35.574143,31.109534],[35.571421,31.110326],[35.571553,31.112117],[35.569965,31.113412],[35.571059,31.114826],[35.570737,31.115203],[35.56518,31.116645],[35.560641,31.121633],[35.557798,31.123515],[35.553657,31.123929],[35.552552,31.124976],[35.547488,31.125159],[35.545331,31.12357],[35.544398,31.124057],[35.544183,31.125141],[35.544516,31.125784],[35.54178,31.127354],[35.540396,31.127226],[35.538862,31.1283],[35.537542,31.127566],[35.535235,31.130661],[35.533261,31.131157],[35.530279,31.132718],[35.527587,31.133348],[35.525558,31.133122],[35.523005,31.131322],[35.521202,31.129283],[35.516439,31.118005]],"type":"LineString"},"properties":{"placeId":"ace3edc","name":"Nimrim","type":"wadi","landOrWater":"water","proposed":true,"role":"gb2492d.simplified"}},{"type":"Feature","geometry":{"coordinates":[[[[39.14492,37.65352],[39.14492,37.51237],[39.48537,36.10092],[41.35782,34.97175],[41.52804,34.97175],[41.69827,34.97175],[41.86849,34.97175],[42.03871,34.97175],[42.20894,34.97175],[42.37916,34.97175],[42.54938,34.97175],[42.71961,34.97175],[42.88983,34.97175],[43.06005,34.97175],[43.23027,34.97175],[45.44317,35.39519],[47.31563,36.52435],[47.31563,36.6655],[47.1454,36.80665],[42.71961,38.07695],[41.86849,38.2181],[41.69827,38.2181],[41.52804,38.2181],[41.35782,38.2181],[41.1876,38.2181],[39.14492,37.65352]]],[[[39.82581,37.51237],[39.48537,36.38321],[39.48537,36.24206],[39.65559,36.10092],[42.20894,34.97175],[42.37916,34.97175],[42.54938,34.97175],[42.71961,34.97175],[42.88983,34.97175],[43.06005,34.97175],[45.44317,35.39519],[45.44317,35.53634],[45.44317,35.67748],[45.44317,35.81863],[45.27295,35.95977],[44.08139,36.94779],[42.37916,38.07695],[39.82581,37.51237]]],[[[40.33648,36.10092],[40.33648,35.95977],[41.01738,35.53634],[42.88983,34.97175],[45.44317,35.53634],[45.44317,35.67748],[45.27295,35.81863],[44.08139,36.80665],[43.91117,36.94779],[43.74094,37.08894],[42.37916,37.93581],[42.03871,37.79466],[40.33648,36.10092]]],[[[41.01738,35.67748],[41.35782,35.53634],[41.52804,35.53634],[41.69827,35.53634],[41.86849,35.53634],[42.03871,35.53634],[42.20894,35.53634],[42.37916,35.53634],[42.54938,35.53634],[42.71961,35.53634],[42.88983,35.53634],[43.74094,35.53634],[43.91117,35.53634],[44.08139,35.53634],[44.25161,35.53634],[44.42184,35.53634],[44.59206,35.53634],[44.76228,35.53634],[44.9325,35.53634],[45.10273,35.53634],[45.27295,35.53634],[45.27295,35.67748],[43.23027,37.08894],[42.88983,37.23008],[42.71961,37.23008],[40.67693,35.95977],[41.01738,35.67748]]],[[[41.69827,35.53634],[41.86849,35.53634],[42.03871,35.53634],[42.20894,35.53634],[42.37916,35.53634],[42.54938,35.53634],[42.71961,35.53634],[43.74094,35.53634],[43.91117,35.53634],[44.25161,35.53634],[44.42184,35.67748],[44.42184,35.81863],[44.42184,35.95977],[43.4005,36.94779],[43.06005,37.08894],[42.88983,37.08894],[41.01738,35.81863],[41.69827,35.53634]]],[[[43.74094,35.95977],[43.57072,35.95977],[43.4005,35.95977],[43.23027,35.95977],[43.06005,35.95977],[42.88983,35.95977],[42.71961,35.95977],[42.54938,35.95977],[42.37916,35.95977],[42.20894,35.95977],[42.03871,35.95977],[41.52804,35.81863],[41.69827,35.53634],[41.86849,35.53634],[42.03871,35.53634],[42.37916,35.53634],[42.54938,35.53634],[42.71961,35.53634],[44.42184,35.67748],[44.42184,35.95977],[44.25161,35.95977],[43.91117,35.95977],[43.74094,35.95977]]],[[[41.52804,35.81863],[41.86849,35.67748],[42.03871,35.67748],[42.20894,35.67748],[42.37916,35.67748],[42.54938,35.67748],[42.71961,35.67748],[42.88983,35.67748],[43.06005,35.67748],[43.23027,35.67748],[43.4005,35.67748],[43.57072,35.67748],[43.74094,35.67748],[43.91117,35.67748],[44.25161,35.67748],[43.91117,35.95977],[43.74094,35.95977],[43.57072,35.95977],[43.4005,35.95977],[43.23027,35.95977],[43.06005,35.95977],[42.88983,35.95977],[42.71961,35.95977],[42.54938,35.95977],[42.37916,35.95977],[41.52804,35.81863]]],[[[41.86849,35.81863],[42.37916,35.67748],[42.54938,35.67748],[42.71961,35.67748],[42.88983,35.67748],[43.74094,35.67748],[43.91117,35.67748],[43.91117,35.81863],[43.91117,35.95977],[43.74094,35.95977],[43.57072,35.95977],[43.4005,35.95977],[43.23027,35.95977],[43.06005,35.95977],[42.88983,35.95977],[42.71961,35.95977],[42.54938,35.95977],[41.86849,35.81863]]],[[[42.71961,35.95977],[42.37916,35.81863],[42.54938,35.67748],[42.71961,35.67748],[43.57072,35.81863],[43.91117,35.95977],[43.74094,35.95977],[43.57072,35.95977],[43.4005,35.95977],[43.23027,35.95977],[43.06005,35.95977],[42.88983,35.95977],[42.71961,35.95977]]]],"type":"MultiPolygon"},"properties":{"placeId":"a8518f1","name":"Nimrod","type":"region","landOrWater":"land","proposed":false,"role":"g76b6c9.isobands"}},{"type":"Feature","geometry":{"coordinates":[[[[35.45177,31.02662],[35.48621,30.99704],[36.03722,30.81953],[36.1061,31.02662],[36.14054,31.4704],[36.14054,31.49999],[36.14054,31.52957],[36.14054,31.55916],[36.14054,31.58874],[36.14054,31.61833],[36.14054,31.64791],[36.14054,31.6775],[36.14054,31.70708],[36.1061,31.73667],[36.00278,31.79584],[35.96835,31.79584],[35.93391,31.79584],[35.89947,31.79584],[35.72728,31.76625],[35.58952,31.73667],[35.41733,31.2633],[35.45177,31.02662]]],[[[35.45177,31.02662],[35.96835,30.84911],[36.00278,30.84911],[36.03722,30.90828],[36.1061,31.05621],[36.14054,31.55916],[36.14054,31.58874],[36.14054,31.61833],[36.14054,31.64791],[36.14054,31.6775],[36.14054,31.70708],[35.96835,31.79584],[35.93391,31.79584],[35.89947,31.79584],[35.72728,31.76625],[35.58952,31.73667],[35.41733,31.2633],[35.45177,31.02662]]],[[[35.58952,31.73667],[35.41733,31.2633],[35.45177,31.05621],[35.48621,31.02662],[35.96835,30.84911],[36.00278,30.8787],[36.03722,30.93787],[36.07166,31.02662],[36.1061,31.32247],[36.1061,31.49999],[36.03722,31.6775],[36.00278,31.73667],[35.96835,31.76625],[35.93391,31.76625],[35.89947,31.76625],[35.86503,31.76625],[35.83059,31.76625],[35.76172,31.76625],[35.72728,31.76625],[35.58952,31.73667]]],[[[35.69284,31.73667],[35.6584,31.73667],[35.62396,31.73667],[35.58952,31.73667],[35.41733,31.2633],[35.45177,31.05621],[35.48621,31.02662],[35.96835,30.84911],[36.00278,30.8787],[36.03722,31.02662],[36.1061,31.32247],[36.07166,31.49999],[36.00278,31.6775],[35.96835,31.73667],[35.93391,31.73667],[35.89947,31.73667],[35.86503,31.73667],[35.83059,31.73667],[35.79615,31.73667],[35.76172,31.73667],[35.72728,31.73667],[35.69284,31.73667]]],[[[35.93391,31.73667],[35.89947,31.73667],[35.86503,31.73667],[35.83059,31.73667],[35.79615,31.73667],[35.76172,31.73667],[35.72728,31.73667],[35.69284,31.73667],[35.6584,31.73667],[35.62396,31.73667],[35.58952,31.73667],[35.41733,31.2633],[35.45177,31.05621],[35.48621,31.02662],[35.96835,30.84911],[36.00278,30.93787],[36.03722,31.05621],[36.07166,31.29289],[36.07166,31.32247],[36.07166,31.35206],[36.03722,31.49999],[35.96835,31.73667],[35.93391,31.73667]]],[[[35.96835,31.73667],[35.93391,31.73667],[35.89947,31.73667],[35.86503,31.73667],[35.83059,31.73667],[35.79615,31.73667],[35.76172,31.73667],[35.72728,31.73667],[35.69284,31.73667],[35.6584,31.73667],[35.62396,31.73667],[35.58952,31.73667],[35.41733,31.2633],[35.45177,31.05621],[35.48621,31.02662],[35.96835,30.84911],[36.03722,31.17455],[36.03722,31.20413],[36.03722,31.2633],[36.03722,31.29289],[36.03722,31.32247],[36.03722,31.35206],[35.96835,31.73667]]],[[[35.69284,31.6775],[35.6584,31.64791],[35.48621,31.38164],[35.45177,31.29289],[35.45177,31.2633],[35.45177,31.23372],[35.45177,31.05621],[35.48621,31.02662],[35.96835,30.84911],[36.00278,31.02662],[36.03722,31.2633],[36.03722,31.29289],[36.03722,31.32247],[36.03722,31.35206],[35.96835,31.6775],[35.86503,31.73667],[35.83059,31.73667],[35.79615,31.73667],[35.69284,31.6775]]],[[[35.96835,31.6775],[35.83059,31.73667],[35.6584,31.64791],[35.48621,31.38164],[35.45177,31.29289],[35.45177,31.2633],[35.45177,31.23372],[35.48621,31.02662],[35.86503,30.90828],[35.89947,30.90828],[36.00278,31.05621],[36.03722,31.2633],[36.03722,31.29289],[36.03722,31.32247],[35.96835,31.6775]]],[[[35.69284,31.64791],[35.62396,31.55916],[35.48621,31.38164],[35.45177,31.29289],[35.45177,31.2633],[35.45177,31.23372],[35.48621,31.05621],[35.52065,31.02662],[35.76172,30.96745],[35.79615,30.96745],[35.83059,30.96745],[35.86503,30.96745],[35.89947,30.96745],[35.93391,30.96745],[35.96835,31.02662],[36.03722,31.2633],[36.03722,31.29289],[36.03722,31.32247],[35.89947,31.64791],[35.86503,31.6775],[35.83059,31.6775],[35.79615,31.6775],[35.76172,31.6775],[35.69284,31.64791]]]],"type":"MultiPolygon"},"properties":{"placeId":"aed6b0e","name":"Nophah","type":"settlement","landOrWater":"land","proposed":true,"role":"g228665.isobands"}},{"type":"Feature","geometry":{"coordinates":[[[35.964285,34.566208],[36.046029,33.531163],[36.52442,33.365119],[38.525359,35.919737],[37.070872,38.224429],[34.95569,38.268119],[33.134238,36.026653],[34.034234,36.192163],[34.751523,36.73176],[35.450494,36.441791],[36.01031,36.752089],[35.640034,36.327562],[35.661701,35.587387],[35.964285,34.566208]]],"type":"Polygon"},"properties":{"placeId":"a244929","name":"North","type":"region","landOrWater":"land","proposed":false,"role":"g044645.geometry"}},{"type":"Feature","geometry":{"coordinates":[[[[36.30537,35.75447],[36.30537,35.71853],[36.30537,35.68259],[36.30537,35.64666],[36.30537,35.61072],[36.30537,35.57479],[36.56951,35.39511],[37.31789,35.35918],[37.36191,35.35918],[37.40593,35.35918],[37.44995,35.35918],[37.49398,35.35918],[37.538,35.35918],[37.58202,35.35918],[37.62604,35.35918],[37.67007,35.35918],[37.71409,35.35918],[37.75811,35.35918],[37.80213,35.35918],[37.84616,35.35918],[37.89018,35.39511],[37.84616,35.71853],[37.80213,35.75447],[37.75811,35.7904],[37.71409,35.82634],[37.67007,35.86227],[37.62604,35.89821],[37.58202,35.93414],[37.49398,35.97008],[37.40593,36.00601],[37.36191,36.00601],[37.31789,36.00601],[37.27387,36.00601],[37.22984,36.00601],[37.18582,36.00601],[37.1418,36.00601],[37.09778,36.00601],[37.05375,36.00601],[37.00973,36.00601],[36.96571,36.00601],[36.92169,36.00601],[36.87766,36.00601],[36.83364,36.00601],[36.7456,35.97008],[36.30537,35.7904],[36.30537,35.75447]]],[[[36.61353,35.43105],[36.7456,35.39511],[37.36191,35.35918],[37.40593,35.35918],[37.44995,35.35918],[37.49398,35.35918],[37.538,35.35918],[37.58202,35.35918],[37.62604,35.35918],[37.67007,35.35918],[37.71409,35.35918],[37.75811,35.35918],[37.80213,35.35918],[37.84616,35.35918],[37.84616,35.39511],[37.84616,35.43105],[37.84616,35.46698],[37.84616,35.50292],[37.84616,35.53885],[37.84616,35.57479],[37.84616,35.61072],[37.84616,35.64666],[37.84616,35.68259],[37.84616,35.71853],[37.80213,35.75447],[37.75811,35.7904],[37.71409,35.82634],[37.538,35.93414],[37.40593,35.97008],[37.22984,36.00601],[37.18582,36.00601],[37.1418,36.00601],[37.09778,36.00601],[37.05375,36.00601],[37.00973,36.00601],[36.96571,36.00601],[36.92169,36.00601],[36.56951,35.7904],[36.56951,35.75447],[36.56951,35.71853],[36.56951,35.68259],[36.56951,35.64666],[36.56951,35.61072],[36.56951,35.57479],[36.61353,35.43105]]],[[[36.70157,35.7904],[36.65755,35.75447],[36.61353,35.71853],[36.61353,35.68259],[36.61353,35.64666],[36.61353,35.61072],[36.61353,35.57479],[36.61353,35.53885],[36.65755,35.53885],[36.70157,35.53885],[36.7456,35.53885],[36.78962,35.53885],[36.83364,35.53885],[36.87766,35.53885],[36.92169,35.53885],[36.96571,35.53885],[37.00973,35.53885],[37.05375,35.53885],[37.09778,35.53885],[37.1418,35.53885],[37.18582,35.53885],[37.22984,35.53885],[37.27387,35.53885],[37.31789,35.53885],[37.36191,35.53885],[37.40593,35.53885],[37.84616,35.57479],[37.84616,35.61072],[37.84616,35.64666],[37.80213,35.71853],[37.18582,35.7904],[37.1418,35.7904],[37.09778,35.7904],[37.05375,35.7904],[37.00973,35.7904],[36.96571,35.7904],[36.92169,35.7904],[36.87766,35.7904],[36.83364,35.7904],[36.78962,35.7904],[36.7456,35.7904],[36.70157,35.7904]]],[[[36.96571,35.71853],[36.61353,35.68259],[36.61353,35.64666],[36.61353,35.61072],[36.61353,35.57479],[36.65755,35.57479],[36.70157,35.57479],[36.7456,35.57479],[36.78962,35.57479],[36.83364,35.57479],[36.87766,35.57479],[36.92169,35.57479],[36.96571,35.57479],[37.00973,35.57479],[37.05375,35.57479],[37.09778,35.57479],[37.1418,35.57479],[37.18582,35.57479],[37.22984,35.57479],[37.27387,35.57479],[37.31789,35.57479],[37.36191,35.57479],[37.40593,35.57479],[37.40593,35.61072],[37.40593,35.64666],[37.40593,35.68259],[37.22984,35.71853],[37.18582,35.71853],[37.1418,35.71853],[37.09778,35.71853],[37.05375,35.71853],[37.00973,35.71853],[36.96571,35.71853]]],[[[36.96571,35.64666],[36.96571,35.61072],[36.96571,35.57479],[37.00973,35.57479],[37.05375,35.57479],[37.09778,35.57479],[37.1418,35.57479],[37.18582,35.57479],[37.22984,35.57479],[37.22984,35.61072],[37.22984,35.64666],[37.22984,35.68259],[37.18582,35.68259],[37.1418,35.68259],[37.09778,35.68259],[37.05375,35.68259],[37.00973,35.68259],[36.96571,35.68259],[36.96571,35.64666]]]],"type":"MultiPolygon"},"properties":{"placeId":"ab66f81","name":"Nuhashe","type":"region","landOrWater":"land","proposed":false,"role":"g9ca219.isobands"}},{"type":"Feature","geometry":{"coordinates":[[[[40.54604,23.20699],[40.46651,23.283],[40.38698,23.35901],[40.30744,23.43502],[40.22791,23.51104],[40.14838,23.58705],[40.06885,23.58705],[39.98931,23.58705],[39.90978,23.58705],[39.83025,23.58705],[39.75072,23.58705],[39.67118,23.58705],[39.59165,23.58705],[39.51212,23.58705],[39.19399,23.35901],[39.19399,23.283],[39.19399,23.20699],[39.19399,23.13097],[39.27352,22.44686],[41.02323,19.71041],[41.1823,19.48238],[41.34136,19.25434],[41.50043,19.0263],[41.65949,18.79826],[41.81856,18.57023],[41.97762,18.34219],[42.13669,18.11415],[42.29575,17.88611],[42.45481,17.65808],[42.61388,17.43004],[42.77294,17.202],[42.85248,17.12599],[43.25014,17.43004],[40.86417,22.90294],[40.78464,22.97895],[40.7051,23.05496],[40.62557,23.13097],[40.54604,23.20699]]],[[[39.75072,23.35901],[39.35306,22.52287],[39.35306,22.44686],[39.43259,22.44686],[39.51212,22.44686],[39.59165,22.44686],[39.67118,22.44686],[39.75072,22.44686],[39.83025,22.44686],[40.38698,22.44686],[40.62557,22.44686],[40.7051,22.52287],[39.75072,23.35901]]]],"type":"MultiPolygon"},"properties":{"placeId":"a104820","name":"Ophir","type":"region","landOrWater":"land","proposed":true,"role":"gdd394c.isobands"}},{"type":"Feature","geometry":{"coordinates":[[[[38.8361,36.98387],[37.1642,36.45051],[38.10919,36.09493],[38.32726,36.03567],[39.78109,35.91715],[39.85378,35.91715],[39.92647,35.91715],[39.99917,35.91715],[40.5807,35.97641],[40.65339,36.03567],[40.65339,36.09493],[40.65339,36.1542],[40.65339,36.21346],[40.65339,36.27272],[40.65339,36.50977],[39.85378,36.92461],[39.41763,36.98387],[39.34494,36.98387],[39.27225,36.98387],[39.19956,36.98387],[39.12687,36.98387],[39.05418,36.98387],[38.98149,36.98387],[38.90879,36.98387],[38.8361,36.98387]]],[[[39.12687,36.80608],[39.05418,36.80608],[38.98149,36.80608],[38.90879,36.80608],[38.8361,36.80608],[38.0365,36.50977],[38.0365,36.45051],[38.0365,36.39124],[38.10919,36.09493],[38.32726,36.03567],[39.56302,35.97641],[39.63571,35.97641],[39.7084,35.97641],[39.78109,35.97641],[39.85378,35.97641],[39.92647,35.97641],[40.5807,36.03567],[40.5807,36.09493],[40.5807,36.1542],[40.5807,36.21346],[40.5807,36.27272],[40.5807,36.33198],[40.36262,36.50977],[39.78109,36.80608],[39.7084,36.80608],[39.63571,36.80608],[39.56302,36.80608],[39.49033,36.80608],[39.41763,36.80608],[39.34494,36.80608],[39.27225,36.80608],[39.19956,36.80608],[39.12687,36.80608]]],[[[38.25457,36.45051],[38.25457,36.39124],[38.25457,36.33198],[38.32726,36.09493],[38.39995,36.03567],[39.56302,35.97641],[39.63571,35.97641],[39.7084,35.97641],[39.78109,35.97641],[40.5807,36.03567],[40.5807,36.09493],[40.5807,36.1542],[40.36262,36.33198],[39.78109,36.56903],[39.41763,36.68756],[39.34494,36.68756],[39.27225,36.68756],[39.19956,36.68756],[39.12687,36.68756],[39.05418,36.68756],[38.98149,36.68756],[38.90879,36.68756],[38.8361,36.68756],[38.69072,36.68756],[38.47265,36.62829],[38.39995,36.56903],[38.25457,36.45051]]],[[[38.32726,36.1542],[38.32726,36.09493],[38.61803,36.03567],[38.69072,36.03567],[38.76341,36.03567],[38.8361,36.03567],[38.90879,36.03567],[38.98149,36.03567],[39.05418,36.03567],[39.12687,36.03567],[39.19956,36.03567],[39.27225,36.03567],[39.34494,36.03567],[39.41763,36.03567],[39.49033,36.03567],[39.56302,36.03567],[39.63571,36.03567],[39.7084,36.03567],[39.78109,36.03567],[39.85378,36.03567],[39.85378,36.09493],[39.85378,36.1542],[39.78109,36.50977],[39.19956,36.68756],[39.12687,36.68756],[39.05418,36.68756],[38.98149,36.68756],[38.54534,36.62829],[38.47265,36.56903],[38.39995,36.45051],[38.32726,36.33198],[38.32726,36.1542]]],[[[38.39995,36.45051],[38.39995,36.33198],[38.39995,36.27272],[38.39995,36.21346],[38.39995,36.1542],[38.39995,36.09493],[38.76341,36.03567],[38.8361,36.03567],[38.90879,36.03567],[38.98149,36.03567],[39.05418,36.03567],[39.12687,36.03567],[39.19956,36.03567],[39.27225,36.03567],[39.34494,36.03567],[39.41763,36.03567],[39.49033,36.03567],[39.56302,36.03567],[39.63571,36.03567],[39.7084,36.03567],[39.78109,36.03567],[39.78109,36.09493],[39.7084,36.33198],[39.63571,36.50977],[39.41763,36.56903],[38.8361,36.62829],[38.61803,36.62829],[38.54534,36.56903],[38.39995,36.45051]]],[[[38.39995,36.1542],[38.39995,36.09493],[39.19956,36.03567],[39.27225,36.03567],[39.34494,36.03567],[39.41763,36.03567],[39.49033,36.03567],[39.56302,36.03567],[39.63571,36.03567],[39.63571,36.09493],[39.63571,36.33198],[39.56302,36.50977],[39.19956,36.56903],[39.12687,36.56903],[39.05418,36.56903],[38.98149,36.56903],[38.90879,36.56903],[38.8361,36.56903],[38.76341,36.56903],[38.69072,36.56903],[38.61803,36.56903],[38.54534,36.50977],[38.47265,36.45051],[38.39995,36.33198],[38.39995,36.1542]]],[[[38.47265,36.45051],[38.39995,36.33198],[38.47265,36.1542],[38.61803,36.09493],[38.69072,36.09493],[38.76341,36.09493],[38.8361,36.09493],[38.90879,36.09493],[38.98149,36.09493],[39.56302,36.33198],[39.19956,36.50977],[38.8361,36.56903],[38.47265,36.45051]]],[[[38.69072,36.45051],[38.61803,36.45051],[38.61803,36.33198],[38.69072,36.33198],[38.76341,36.33198],[38.8361,36.33198],[38.90879,36.33198],[38.98149,36.33198],[39.05418,36.33198],[38.76341,36.45051],[38.69072,36.45051]]]],"type":"MultiPolygon"},"properties":{"placeId":"a8ec7ba","name":"Paddan-aram","type":"region","landOrWater":"land","proposed":true,"role":"g8c2014.isobands"}},{"type":"Feature","geometry":{"coordinates":[[[30.594922,36.747688],[30.614056,36.821406],[30.693932,36.873921],[30.718114,36.841114],[31.01852,36.846882],[31.349979,36.791726],[31.369129,36.758758],[31.648997,36.644588],[31.993826,37.014471],[31.864381,37.127178],[31.577026,37.209801],[31.379267,37.249161],[31.034073,37.271603],[30.795491,37.27111],[30.43989,37.252221],[30.170358,37.07141],[30.594922,36.747688]]],"type":"Polygon"},"properties":{"placeId":"aa95188","name":"Pamphylia","type":"region","landOrWater":"land","proposed":false,"role":"g0c3f61.geometry"}},{"type":"Feature","geometry":{"coordinates":[[[[33.40843,29.15769],[33.52003,29.10893],[34.41277,29.35272],[34.69176,29.49899],[34.80335,29.64527],[35.02654,30.03534],[35.08233,30.27913],[35.08233,30.32789],[35.08233,30.37664],[35.02654,30.52292],[34.85915,30.57168],[34.13379,30.62043],[34.07799,30.62043],[34.0222,30.57168],[33.9664,30.52292],[33.79901,30.23037],[33.63162,29.93782],[33.40843,29.30396],[33.40843,29.2552],[33.40843,29.20645],[33.40843,29.15769]]],[[[34.58016,30.57168],[34.52437,30.57168],[34.46857,30.57168],[34.41277,30.57168],[34.35698,30.57168],[34.30118,30.57168],[34.24538,30.57168],[34.18959,30.57168],[34.13379,30.57168],[33.85481,30.23037],[33.63162,29.93782],[33.40843,29.20645],[33.46423,29.20645],[34.41277,29.35272],[34.80335,29.64527],[35.02654,30.27913],[35.02654,30.32789],[34.85915,30.57168],[34.80335,30.57168],[34.74755,30.57168],[34.69176,30.57168],[34.63596,30.57168],[34.58016,30.57168]]],[[[33.63162,29.49899],[33.63162,29.45024],[33.63162,29.40148],[34.41277,29.49899],[34.69176,29.64527],[35.02654,30.32789],[34.85915,30.52292],[34.80335,30.57168],[34.74755,30.57168],[34.69176,30.57168],[34.63596,30.57168],[34.58016,30.57168],[34.52437,30.57168],[34.46857,30.57168],[34.41277,30.57168],[34.35698,30.57168],[34.30118,30.57168],[34.18959,30.57168],[34.13379,30.57168],[33.9106,30.23037],[33.68742,29.88906],[33.63162,29.79154],[33.63162,29.74279],[33.63162,29.49899]]],[[[33.79901,29.93782],[33.79901,29.88906],[33.85481,29.8403],[33.9664,29.74279],[34.24538,29.64527],[34.30118,29.64527],[34.35698,29.64527],[34.41277,29.64527],[34.46857,29.64527],[34.52437,29.64527],[34.63596,29.69403],[34.74755,29.88906],[34.80335,29.98658],[34.85915,30.32789],[34.85915,30.4254],[34.85915,30.47416],[34.80335,30.52292],[34.74755,30.57168],[34.69176,30.57168],[34.63596,30.57168],[34.58016,30.57168],[34.52437,30.57168],[34.35698,30.57168],[34.18959,30.57168],[33.79901,29.93782]]],[[[34.13379,29.69403],[34.30118,29.64527],[34.35698,29.64527],[34.41277,29.64527],[34.46857,29.64527],[34.52437,29.64527],[34.80335,30.03534],[34.85915,30.47416],[34.63596,30.52292],[34.58016,30.52292],[34.52437,30.52292],[34.46857,30.52292],[34.41277,30.52292],[34.35698,30.52292],[34.30118,30.52292],[34.07799,30.08409],[34.0222,29.79154],[34.0222,29.74279],[34.13379,29.69403]]],[[[34.30118,30.47416],[34.07799,30.03534],[34.07799,29.79154],[34.13379,29.74279],[34.24538,29.69403],[34.30118,29.69403],[34.35698,29.69403],[34.41277,29.69403],[34.46857,29.69403],[34.52437,29.69403],[34.80335,30.03534],[34.80335,30.37664],[34.80335,30.4254],[34.80335,30.47416],[34.52437,30.52292],[34.46857,30.52292],[34.41277,30.52292],[34.35698,30.52292],[34.30118,30.47416]]],[[[34.30118,30.47416],[34.07799,30.03534],[34.13379,29.74279],[34.30118,29.69403],[34.35698,29.69403],[34.41277,29.69403],[34.46857,29.69403],[34.74755,29.98658],[34.80335,30.4254],[34.41277,30.47416],[34.30118,30.47416]]],[[[34.35698,30.4254],[34.30118,30.4254],[34.13379,30.03534],[34.30118,29.74279],[34.35698,29.74279],[34.41277,29.74279],[34.46857,29.79154],[34.69176,30.03534],[34.80335,30.4254],[34.74755,30.4254],[34.35698,30.4254]]],[[[34.63596,30.27913],[34.35698,30.4254],[34.35698,29.79154],[34.63596,30.27913]]]],"type":"MultiPolygon"},"properties":{"placeId":"aa6b19b","name":"Paran","type":"region","landOrWater":"land","proposed":false,"role":"g0f45b2.isobands"}},{"type":"Feature","geometry":{"coordinates":[[[33.021978,24.026658],[33.070911,25.025987],[32.697777,25.468413],[32.963004,25.932511],[32.754424,26.315647],[32.294899,26.266408],[31.248996,27.410726],[31.029656,27.467592],[30.933722,28.221452],[31.260826,29.135881],[31.461196,29.585646],[31.407769,30.065735],[31.015092,30.051864],[31.125923,29.541581],[30.543788,28.82109],[30.4774,28.265399],[30.641005,27.410582],[30.87239,27.084196],[31.03947,27.04673],[32.071817,25.857472],[32.573861,25.986829],[32.313287,25.610267],[32.373163,25.216236],[32.642138,24.982879],[32.701047,24.761512],[32.637974,24.030892],[33.021978,24.026658]]],"type":"Polygon"},"properties":{"placeId":"aab30ec","name":"Pathros","type":"region","landOrWater":"land","proposed":false,"role":"g4f25ac.geometry"}},{"type":"Feature","geometry":{"coordinates":[[[26.562518,37.303414],[26.566013,37.300561],[26.574083,37.302365],[26.568647,37.309998],[26.562575,37.313733],[26.558243,37.312086],[26.556221,37.317657],[26.551766,37.317931],[26.542689,37.32488],[26.545127,37.330026],[26.552175,37.322973],[26.555298,37.326561],[26.559214,37.32495],[26.561787,37.326875],[26.554703,37.330617],[26.556403,37.332605],[26.560564,37.331083],[26.560895,37.337514],[26.555695,37.341439],[26.568826,37.343412],[26.565238,37.350005],[26.568282,37.351077],[26.571165,37.348357],[26.57426,37.350024],[26.577772,37.346765],[26.5895,37.346065],[26.598985,37.342129],[26.601947,37.33477],[26.605294,37.338244],[26.61201,37.336144],[26.614297,37.340355],[26.599372,37.347179],[26.599528,37.356744],[26.594665,37.361678],[26.596047,37.364343],[26.575116,37.367342],[26.577512,37.376844],[26.566411,37.380703],[26.568072,37.375605],[26.559565,37.374552],[26.561855,37.369655],[26.557142,37.370862],[26.557804,37.368123],[26.550763,37.366188],[26.544434,37.367403],[26.544743,37.373637],[26.532876,37.378178],[26.532495,37.362687],[26.540614,37.355786],[26.534067,37.355052],[26.534298,37.347222],[26.537482,37.343797],[26.537864,37.337302],[26.542198,37.338803],[26.545189,37.335318],[26.541757,37.332342],[26.535595,37.333087],[26.535513,37.330521],[26.532914,37.331706],[26.530948,37.328481],[26.538216,37.320828],[26.531479,37.319625],[26.533028,37.317102],[26.529201,37.31493],[26.533426,37.308358],[26.530081,37.304511],[26.531001,37.295421],[26.525532,37.294486],[26.527374,37.287951],[26.535098,37.287146],[26.542585,37.294052],[26.549261,37.290493],[26.554379,37.291189],[26.556246,37.286909],[26.547863,37.283593],[26.544412,37.284505],[26.543087,37.280858],[26.545287,37.278693],[26.541477,37.275923],[26.553287,37.273667],[26.558209,37.268901],[26.564407,37.271274],[26.572889,37.269442],[26.572315,37.282225],[26.560106,37.288516],[26.560029,37.293926],[26.562957,37.296959],[26.560183,37.297418],[26.560427,37.301903],[26.562518,37.303414]]],"type":"Polygon"},"properties":{"placeId":"a8f60f3","name":"Patmos","type":"island","landOrWater":"land","proposed":false,"role":"gac481f.simplified"}},{"type":"Feature","geometry":{"coordinates":[[35.084789,31.043174],[35.085049,31.04321],[35.086019,31.042925],[35.08683,31.043238],[35.0875,31.04367],[35.088203,31.043748],[35.088884,31.043578],[35.089034,31.04339],[35.089109,31.042599],[35.090408,31.042323],[35.090713,31.042535],[35.09103,31.043155],[35.09169,31.042916],[35.092591,31.043013],[35.093465,31.043555],[35.094286,31.043256],[35.094994,31.042705],[35.095284,31.042608],[35.095879,31.042705],[35.097151,31.042608],[35.099398,31.043215],[35.100369,31.0431],[35.101442,31.042686],[35.102719,31.043482],[35.103765,31.043918],[35.104747,31.043849],[35.105423,31.044006],[35.106601,31.044003],[35.108161,31.044195],[35.109506,31.043739],[35.110197,31.043315],[35.11086,31.043059],[35.111691,31.043027],[35.112952,31.043947],[35.113868,31.044419],[35.114811,31.046372],[35.11496,31.04714],[35.11524,31.047852],[35.116539,31.048668],[35.117062,31.048861],[35.118089,31.048885],[35.119359,31.04798],[35.120695,31.04854],[35.122386,31.048861],[35.123086,31.049245],[35.125066,31.050797],[35.126813,31.051733],[35.128765,31.051797],[35.129643,31.051445],[35.130754,31.051269],[35.132081,31.051829],[35.132716,31.052861],[35.133183,31.05439],[35.134098,31.05551],[35.1352,31.055702],[35.136909,31.055646],[35.138049,31.056278],[35.138264,31.056934],[35.139263,31.058774],[35.139543,31.059606],[35.140339,31.061251],[35.141879,31.063753],[35.143284,31.064924],[35.145158,31.066054],[35.146254,31.066529],[35.149644,31.067257],[35.151147,31.068007],[35.152638,31.068936],[35.153378,31.070635],[35.153094,31.072451],[35.153082,31.075618],[35.152429,31.077518],[35.150864,31.079112],[35.150975,31.080178],[35.152367,31.081486],[35.153242,31.084378],[35.15477,31.086363],[35.155115,31.086954],[35.158172,31.088526],[35.162387,31.0924],[35.164124,31.092811],[35.166676,31.096716],[35.167477,31.098457],[35.16739,31.100072],[35.16794,31.101699],[35.169658,31.104706],[35.171751,31.109344],[35.174272,31.11112],[35.180437,31.116573],[35.185387,31.117021],[35.188338,31.118028],[35.189272,31.123098],[35.188918,31.125352],[35.192616,31.13218],[35.196987,31.134291],[35.200284,31.138544],[35.203027,31.138059],[35.205237,31.137977],[35.207476,31.138622],[35.216129,31.145071],[35.219272,31.146174],[35.220447,31.147507],[35.220874,31.148948]],"type":"LineString"},"properties":{"placeId":"a880de2","name":"Pau","type":"settlement","landOrWater":"land","proposed":true,"role":"ge74207.simplified"}},{"type":"Feature","geometry":{"coordinates":[[[[44.7959,33.34286],[44.7959,33.24805],[44.90539,33.15324],[45.01488,33.05842],[45.12436,32.96361],[45.23385,32.8688],[45.34334,32.77399],[45.45283,32.67917],[48.62801,30.11924],[48.7375,30.11924],[48.84699,30.11924],[48.95648,30.11924],[49.06597,30.11924],[49.61341,30.30887],[49.7229,30.40368],[49.7229,30.49849],[49.50392,30.97255],[49.28495,31.44662],[49.06597,31.92068],[48.95648,32.1103],[48.84699,32.20511],[45.23385,33.91173],[45.12436,33.81692],[44.90539,33.53249],[44.7959,33.34286]]],[[[47.86159,30.87774],[47.97108,30.78293],[48.08057,30.68812],[48.19006,30.59331],[48.29954,30.49849],[48.40903,30.40368],[48.51852,30.30887],[48.62801,30.21406],[48.7375,30.11924],[48.84699,30.11924],[48.95648,30.11924],[49.17546,30.21406],[49.39443,30.30887],[49.61341,30.40368],[49.61341,30.49849],[49.61341,30.59331],[49.61341,30.68812],[49.06597,31.92068],[48.95648,32.1103],[48.7375,32.20511],[46.65721,33.05842],[46.54772,33.05842],[46.21925,32.8688],[46.10977,32.77399],[47.7521,30.97255],[47.86159,30.87774]]],[[[47.53312,32.29993],[47.42363,32.20511],[47.7521,30.97255],[47.86159,30.87774],[47.97108,30.78293],[48.08057,30.68812],[48.19006,30.59331],[48.29954,30.49849],[48.40903,30.49849],[48.51852,30.49849],[48.7375,30.59331],[48.95648,30.68812],[49.17546,30.78293],[49.39443,30.87774],[49.39443,30.97255],[49.39443,31.06737],[48.95648,31.92068],[48.84699,32.01549],[47.7521,32.39474],[47.64261,32.39474],[47.53312,32.29993]]],[[[48.19006,31.44662],[48.08057,31.3518],[48.40903,30.97255],[48.51852,30.87774],[48.62801,30.87774],[48.7375,30.87774],[48.95648,30.97255],[48.7375,31.25699],[48.51852,31.54143],[48.40903,31.63624],[48.29954,31.54143],[48.19006,31.44662]]]],"type":"MultiPolygon"},"properties":{"placeId":"a4b9865","name":"Pekod","type":"region","landOrWater":"land","proposed":false,"role":"gbb2516.isobands"}},{"type":"Feature","geometry":{"coordinates":[[[35.7385,31.78601],[35.73739,31.78596],[35.7363,31.78582],[35.73523,31.78557],[35.73419,31.78524],[35.73321,31.78481],[35.73228,31.7843],[35.73142,31.7837],[35.73064,31.78304],[35.72994,31.78231],[35.72934,31.78152],[35.72883,31.78068],[35.72844,31.7798],[35.72815,31.77889],[35.72798,31.77796],[35.72792,31.77702],[35.72798,31.77608],[35.72815,31.77515],[35.72844,31.77424],[35.72883,31.77336],[35.72934,31.77252],[35.72994,31.77173],[35.73064,31.771],[35.73142,31.77034],[35.73228,31.76975],[35.73321,31.76923],[35.7342,31.76881],[35.73523,31.76847],[35.7363,31.76822],[35.73739,31.76808],[35.7385,31.76803],[35.7396,31.76808],[35.7407,31.76822],[35.74177,31.76847],[35.7428,31.76881],[35.74379,31.76923],[35.74472,31.76975],[35.74558,31.77034],[35.74636,31.771],[35.74706,31.77173],[35.74766,31.77252],[35.74816,31.77336],[35.74856,31.77424],[35.74885,31.77515],[35.74902,31.77608],[35.74908,31.77702],[35.74902,31.77796],[35.74885,31.77889],[35.74856,31.7798],[35.74816,31.78068],[35.74766,31.78152],[35.74706,31.78231],[35.74636,31.78304],[35.74558,31.7837],[35.74472,31.7843],[35.74379,31.78481],[35.7428,31.78524],[35.74177,31.78557],[35.7407,31.78582],[35.7396,31.78596],[35.7385,31.78601]]],"type":"Polygon"},"properties":{"placeId":"a9ef72b","name":"Peor","type":"mountain","landOrWater":"land","proposed":false,"role":"g8758d8.geometry"}},{"type":"Feature","geometry":{"coordinates":[[[35.23417,31.78566],[35.23306,31.78561],[35.23197,31.78546],[35.2309,31.78522],[35.22986,31.78488],[35.22888,31.78446],[35.22795,31.78394],[35.22709,31.78335],[35.2263,31.78268],[35.22561,31.78195],[35.225,31.78116],[35.2245,31.78032],[35.22411,31.77945],[35.22382,31.77854],[35.22365,31.77761],[35.22359,31.77667],[35.22365,31.77573],[35.22382,31.7748],[35.22411,31.77389],[35.2245,31.77301],[35.22501,31.77217],[35.22561,31.77138],[35.22631,31.77065],[35.22709,31.76998],[35.22795,31.76939],[35.22888,31.76888],[35.22986,31.76845],[35.2309,31.76811],[35.23197,31.76787],[35.23306,31.76772],[35.23417,31.76767],[35.23527,31.76772],[35.23637,31.76787],[35.23744,31.76811],[35.23847,31.76845],[35.23946,31.76888],[35.24038,31.76939],[35.24125,31.76998],[35.24203,31.77065],[35.24273,31.77138],[35.24333,31.77217],[35.24383,31.77301],[35.24423,31.77389],[35.24451,31.7748],[35.24469,31.77573],[35.24475,31.77667],[35.24469,31.77761],[35.24451,31.77854],[35.24423,31.77945],[35.24383,31.78032],[35.24333,31.78116],[35.24273,31.78195],[35.24203,31.78268],[35.24125,31.78335],[35.24039,31.78394],[35.23946,31.78446],[35.23847,31.78488],[35.23744,31.78522],[35.23637,31.78546],[35.23527,31.78561],[35.23417,31.78566]]],"type":"Polygon"},"properties":{"placeId":"ae67841","name":"Perez-uzzah","type":"settlement","landOrWater":"land","proposed":false,"role":"gedafbc.geometry"}},{"type":"Feature","geometry":{"coordinates":[[[19.281637,30.344789],[24.870895,29.874138],[27.765873,24.801406],[35.133366,24.834799],[33.928451,27.562402],[35.051118,27.912821],[36.067704,26.588351],[38.111265,30.316388],[48.200555,29.359618],[50.0109,30.054956],[51.250362,27.820882],[51.999263,27.65919],[52.584781,27.249457],[53.563237,26.608391],[54.728962,26.334982],[55.513094,24.445857],[57.527362,24.01887],[57.871288,25.514723],[61.314435,24.943996],[66.393209,25.26517],[67.40305,23.821546],[74.239945,38.864371],[63.081788,45.504229],[54.507128,40.936195],[52.607329,40.840325],[52.574363,40.142645],[53.621131,38.799241],[53.838753,36.982827],[51.93599,36.65353],[50.537845,37.191198],[50.361964,37.498044],[49.38577,37.760674],[49.130487,38.448562],[49.732987,40.023965],[50.796143,40.249826],[39.103957,43.781886],[39.95883,43.130825],[41.059,42.756807],[41.478048,42.407075],[41.41844,41.680981],[40.361413,41.108863],[39.424011,41.209596],[38.366685,41.078506],[37.140124,41.441058],[35.220971,42.24115],[33.377734,42.137573],[31.374579,41.536212],[30.337588,41.34405],[28.859068,41.525334],[28.285077,42.282551],[28.323265,43.093523],[28.981475,43.429017],[29.573529,44.584264],[30.036384,45.385739],[28.971232,45.469121],[26.570637,42.217827],[22.227236,41.245734],[21.693215,39.942999],[23.556409,39.259642],[25.630399,38.798067],[27.717529,35.756611],[28.327411,35.696775],[28.714711,36.522239],[29.460897,35.996951],[30.580662,36.114446],[30.706141,36.73143],[31.979882,36.395889],[32.440068,35.938579],[34.105132,36.184061],[34.696407,36.669549],[35.75873,36.526315],[35.669798,35.800357],[35.730964,34.581282],[34.263983,31.578669],[32.597228,31.165005],[31.986028,31.632916],[30.897487,31.683922],[29.932792,31.482931],[29.064815,30.975565],[25.958571,31.819939],[25.455467,31.672813],[25.093411,32.110492],[23.336963,32.458281],[23.286584,32.827328],[21.641729,33.049836],[20.038928,32.440661],[19.699796,31.499928],[20.001914,31.042997],[19.281637,30.344789]]],"type":"Polygon"},"properties":{"placeId":"ab9696f","name":"Persia","type":"region","landOrWater":"land","proposed":false,"role":"g0e6b24.geometry"}},{"type":"Feature","geometry":{"coordinates":[[36.072192,33.320919],[36.077525,33.322546],[36.077563,33.3247],[36.084138,33.324373],[36.088014,33.325699],[36.089041,33.327689],[36.092395,33.329422],[36.092469,33.331256],[36.093459,33.331724],[36.097588,33.331334],[36.103668,33.332793],[36.10519,33.33529],[36.106367,33.335462],[36.106255,33.337186],[36.108926,33.337397],[36.109449,33.33941],[36.110505,33.338809],[36.114334,33.341267],[36.116202,33.34037],[36.118257,33.342149],[36.122731,33.342352],[36.124636,33.344131],[36.129213,33.34378],[36.133603,33.345933],[36.135069,33.345059],[36.139253,33.347423],[36.142541,33.35439],[36.146538,33.354047],[36.14892,33.356372],[36.15048,33.356536],[36.151591,33.355428],[36.154048,33.356684],[36.158083,33.354898],[36.163789,33.360522],[36.165032,33.359906],[36.166423,33.361341],[36.171299,33.358673],[36.172877,33.360124],[36.17538,33.359336],[36.177603,33.36053],[36.181096,33.358868],[36.184365,33.359883],[36.185337,33.358564],[36.187027,33.359695],[36.188484,33.358627],[36.190222,33.359617],[36.192127,33.358814],[36.192379,33.357199],[36.194406,33.357449],[36.193509,33.35684],[36.19478,33.356848],[36.195611,33.355475],[36.19846,33.356871],[36.201308,33.356606],[36.201514,33.354562],[36.205147,33.356403],[36.209229,33.355498],[36.213198,33.358283],[36.215785,33.358806],[36.218363,33.361716],[36.221669,33.361178],[36.222314,33.360569],[36.221557,33.358946],[36.222921,33.358135],[36.22379,33.358861],[36.226106,33.355896],[36.227143,33.356349],[36.228105,33.353134],[36.22916,33.353766],[36.230823,33.352994],[36.232027,33.350497],[36.235521,33.351956],[36.237669,33.351434],[36.238267,33.352518],[36.240723,33.3518],[36.240983,33.352774],[36.243313,33.352568],[36.247306,33.354596],[36.249167,33.35824],[36.253135,33.360062],[36.252655,33.361122],[36.255699,33.363233],[36.255317,33.364262],[36.257966,33.365271],[36.258053,33.366568],[36.260653,33.366897],[36.260986,33.368235],[36.264042,33.36911],[36.269191,33.373694],[36.269689,33.375665],[36.275156,33.375722],[36.279705,33.379399],[36.285499,33.378489],[36.290185,33.380374],[36.301911,33.381603],[36.304754,33.383914],[36.308005,33.383825],[36.314914,33.380564],[36.319442,33.379937],[36.322817,33.381483],[36.325801,33.38455],[36.337505,33.381116]],"type":"LineString"},"properties":{"placeId":"a8d054a","name":"Pharpar","type":"river","landOrWater":"water","proposed":true,"role":"gc59e55.simplified"}},{"type":"Feature","geometry":{"coordinates":[[[[33.83672,31.15083],[33.83672,31.12168],[33.87067,31.09253],[33.90461,31.06338],[33.93855,31.03423],[33.97249,31.00509],[34.00644,30.97594],[34.04038,30.94679],[34.07432,30.91764],[34.10827,30.88849],[34.14221,30.85935],[34.17615,30.85935],[34.24404,30.88849],[34.51558,31.03423],[34.58347,31.12168],[34.75318,31.38401],[34.78712,31.4423],[34.82107,31.5006],[34.95684,31.79208],[34.95684,32.05441],[34.95684,32.08356],[34.95684,32.14185],[34.95684,32.171],[34.9229,32.171],[34.88895,32.171],[34.85501,32.171],[34.82107,32.171],[34.78712,32.14185],[33.83672,31.15083]]],[[[33.83672,31.15083],[33.83672,31.12168],[33.87067,31.09253],[33.90461,31.06338],[33.93855,31.03423],[33.97249,31.00509],[34.00644,30.97594],[34.04038,30.94679],[34.07432,30.91764],[34.10827,30.88849],[34.14221,30.85935],[34.17615,30.85935],[34.61741,31.20912],[34.78712,31.47145],[34.85501,31.64634],[34.88895,31.73378],[34.9229,31.99612],[34.9229,32.02526],[34.9229,32.05441],[34.9229,32.08356],[34.9229,32.11271],[34.88895,32.11271],[34.78712,32.08356],[34.75318,32.05441],[33.83672,31.15083]]],[[[34.78712,32.08356],[34.75318,32.05441],[33.83672,31.15083],[33.87067,31.12168],[33.90461,31.12168],[33.93855,31.12168],[33.97249,31.12168],[34.00644,31.12168],[34.04038,31.12168],[34.58347,31.20912],[34.65135,31.29657],[34.82107,31.58804],[34.85501,31.64634],[34.88895,31.76293],[34.9229,32.02526],[34.9229,32.05441],[34.9229,32.08356],[34.9229,32.11271],[34.78712,32.08356]]],[[[34.78712,32.08356],[34.75318,32.05441],[34.17615,31.29657],[34.21009,31.26742],[34.27798,31.20912],[34.58347,31.23827],[34.61741,31.26742],[34.65135,31.32571],[34.75318,31.5006],[34.78712,31.5589],[34.82107,31.61719],[34.85501,31.67549],[34.88895,31.79208],[34.9229,32.02526],[34.9229,32.05441],[34.9229,32.08356],[34.9229,32.11271],[34.78712,32.08356]]],[[[34.78712,32.08356],[34.75318,32.05441],[34.17615,31.29657],[34.21009,31.26742],[34.31192,31.23827],[34.34587,31.23827],[34.37981,31.23827],[34.41375,31.23827],[34.44769,31.23827],[34.48164,31.23827],[34.51558,31.23827],[34.54952,31.23827],[34.58347,31.23827],[34.61741,31.26742],[34.75318,31.5006],[34.78712,31.5589],[34.82107,31.61719],[34.85501,31.67549],[34.88895,31.79208],[34.88895,31.82123],[34.88895,31.85038],[34.88895,31.87952],[34.88895,31.90867],[34.88895,31.93782],[34.88895,31.96697],[34.85501,32.05441],[34.78712,32.08356]]],[[[34.85501,32.02526],[34.82107,32.05441],[34.78712,32.08356],[34.75318,32.05441],[34.17615,31.29657],[34.24404,31.26742],[34.41375,31.23827],[34.44769,31.23827],[34.48164,31.23827],[34.51558,31.23827],[34.54952,31.23827],[34.65135,31.35486],[34.82107,31.61719],[34.85501,31.67549],[34.88895,31.79208],[34.88895,31.82123],[34.88895,31.85038],[34.88895,31.87952],[34.88895,31.90867],[34.88895,31.93782],[34.85501,32.02526]]],[[[34.75318,32.05441],[34.17615,31.29657],[34.24404,31.26742],[34.44769,31.23827],[34.51558,31.23827],[34.54952,31.26742],[34.58347,31.29657],[34.6853,31.41316],[34.78712,31.58804],[34.82107,31.64634],[34.85501,31.70464],[34.88895,31.85038],[34.85501,31.99612],[34.82107,32.05441],[34.78712,32.08356],[34.75318,32.05441]]],[[[34.75318,32.05441],[34.17615,31.29657],[34.24404,31.26742],[34.27798,31.26742],[34.31192,31.26742],[34.34587,31.26742],[34.37981,31.26742],[34.41375,31.26742],[34.44769,31.26742],[34.51558,31.26742],[34.54952,31.29657],[34.58347,31.32571],[34.61741,31.35486],[34.65135,31.38401],[34.6853,31.41316],[34.82107,31.64634],[34.85501,31.70464],[34.88895,31.85038],[34.85501,31.99612],[34.82107,32.05441],[34.78712,32.08356],[34.75318,32.05441]]],[[[34.75318,32.05441],[34.17615,31.29657],[34.24404,31.26742],[34.27798,31.26742],[34.31192,31.26742],[34.34587,31.26742],[34.37981,31.26742],[34.41375,31.26742],[34.54952,31.29657],[34.58347,31.32571],[34.61741,31.35486],[34.65135,31.38401],[34.82107,31.64634],[34.85501,31.70464],[34.85501,31.73378],[34.85501,31.76293],[34.85501,31.79208],[34.85501,31.82123],[34.85501,31.85038],[34.85501,31.87952],[34.85501,31.90867],[34.85501,31.93782],[34.85501,31.96697],[34.85501,31.99612],[34.82107,32.05441],[34.78712,32.08356],[34.75318,32.05441]]]],"type":"MultiPolygon"},"properties":{"placeId":"ac71e65","name":"Philistia","type":"region","landOrWater":"land","proposed":false,"role":"g746ae5.isobands"}},{"type":"Feature","geometry":{"coordinates":[[[[35.99591,35.4593],[34.94479,32.80031],[34.89909,32.64617],[34.89909,32.60763],[34.89909,32.56909],[34.94479,32.56909],[34.99049,32.56909],[35.03619,32.56909],[35.5846,33.03153],[35.6303,33.07006],[35.72171,33.18567],[35.81311,33.30128],[36.13302,34.072],[36.17872,34.26468],[36.22442,34.57297],[36.27012,34.88126],[36.22442,35.30515],[36.17872,35.49783],[35.99591,35.4593]]],[[[34.99049,32.56909],[35.03619,32.56909],[35.6303,33.07006],[36.08732,34.11054],[36.13302,34.34175],[36.13302,34.38029],[36.13302,34.41882],[36.13302,34.45736],[36.13302,34.4959],[36.08732,34.53443],[36.04161,34.4959],[35.99591,34.45736],[35.95021,34.41882],[35.4475,33.76371],[35.4018,33.68664],[35.3561,33.60957],[35.3104,33.5325],[35.26469,33.45542],[35.21899,33.37835],[35.12759,33.18567],[34.94479,32.80031],[34.89909,32.60763],[34.89909,32.56909],[34.94479,32.56909],[34.99049,32.56909]]],[[[34.99049,32.56909],[35.03619,32.60763],[35.6303,33.14713],[36.08732,34.30322],[36.13302,34.45736],[36.08732,34.45736],[35.99591,34.41882],[35.95021,34.38029],[35.85881,34.26468],[35.4018,33.68664],[35.3561,33.60957],[35.3104,33.5325],[35.26469,33.45542],[35.12759,33.18567],[34.94479,32.80031],[34.89909,32.60763],[34.89909,32.56909],[34.94479,32.56909],[34.99049,32.56909]]],[[[34.99049,32.56909],[35.03619,32.60763],[35.5846,33.1086],[35.6303,33.22421],[36.08732,34.38029],[35.99591,34.41882],[35.4018,33.68664],[35.3561,33.60957],[35.3104,33.5325],[35.26469,33.45542],[35.12759,33.18567],[34.94479,32.80031],[34.89909,32.60763],[34.89909,32.56909],[34.94479,32.56909],[34.99049,32.56909]]],[[[34.99049,32.60763],[35.03619,32.64617],[35.5846,33.1086],[35.95021,34.14907],[35.95021,34.18761],[35.90451,34.26468],[35.85881,34.22614],[35.4018,33.68664],[35.3561,33.60957],[35.3104,33.5325],[35.26469,33.45542],[35.12759,33.18567],[34.94479,32.80031],[34.89909,32.60763],[34.89909,32.56909],[34.94479,32.56909],[34.99049,32.60763]]],[[[34.99049,32.60763],[35.03619,32.64617],[35.5846,33.1086],[35.90451,34.14907],[35.90451,34.18761],[35.85881,34.18761],[35.4018,33.6481],[35.3104,33.5325],[35.26469,33.45542],[35.12759,33.18567],[34.94479,32.80031],[34.89909,32.60763],[34.89909,32.56909],[34.94479,32.56909],[34.99049,32.60763]]],[[[34.99049,32.60763],[35.03619,32.64617],[35.5389,33.1086],[35.67601,33.6481],[35.67601,33.68664],[35.67601,33.72518],[35.67601,33.76371],[35.67601,33.80225],[35.5846,33.76371],[35.4018,33.60957],[35.3561,33.57103],[35.26469,33.45542],[35.12759,33.18567],[34.94479,32.80031],[34.89909,32.60763],[34.89909,32.56909],[34.94479,32.56909],[34.99049,32.60763]]],[[[34.99049,32.60763],[35.03619,32.64617],[35.5389,33.1086],[35.67601,33.6481],[35.67601,33.68664],[35.6303,33.76371],[35.3561,33.57103],[35.3104,33.49396],[35.26469,33.41689],[35.21899,33.33981],[35.17329,33.26274],[35.12759,33.18567],[34.94479,32.80031],[34.89909,32.60763],[34.89909,32.56909],[34.99049,32.60763]]],[[[35.5846,33.68664],[35.3561,33.57103],[35.3104,33.49396],[35.26469,33.41689],[35.21899,33.33981],[35.17329,33.26274],[35.12759,33.18567],[34.94479,32.80031],[34.89909,32.60763],[34.94479,32.60763],[35.03619,32.64617],[35.5389,33.14713],[35.6303,33.57103],[35.6303,33.60957],[35.6303,33.6481],[35.6303,33.68664],[35.5846,33.68664]]]],"type":"MultiPolygon"},"properties":{"placeId":"a33d53e","name":"Phoenicia","type":"region","landOrWater":"land","proposed":false,"role":"g11a0a9.isobands"}},{"type":"Feature","geometry":{"coordinates":[[[29.422478,40.232698],[29.014934,39.730082],[30.396013,38.278142],[31.020356,38.557353],[31.482226,38.213604],[31.664839,38.332653],[31.489698,39.965347],[31.528848,40.032538],[30.305669,40.000131],[29.732938,40.116946],[29.422478,40.232698]]],"type":"Polygon"},"properties":{"placeId":"ab8ae56","name":"Phrygia","type":"region","landOrWater":"land","proposed":false,"role":"gbb47f1.geometry"}},{"type":"Feature","geometry":{"coordinates":[[[32.17139,30.86955],[32.17029,30.8695],[32.16921,30.86935],[32.16815,30.86911],[32.16713,30.86877],[32.16615,30.86834],[32.16523,30.86783],[32.16438,30.86724],[32.1636,30.86657],[32.16291,30.86584],[32.16232,30.86505],[32.16182,30.86421],[32.16142,30.86333],[32.16114,30.86243],[32.16097,30.8615],[32.16091,30.86056],[32.16097,30.85962],[32.16114,30.85869],[32.16143,30.85778],[32.16182,30.8569],[32.16232,30.85606],[32.16291,30.85527],[32.1636,30.85454],[32.16438,30.85387],[32.16523,30.85328],[32.16615,30.85277],[32.16713,30.85234],[32.16815,30.852],[32.16921,30.85176],[32.17029,30.85161],[32.17139,30.85156],[32.17248,30.85161],[32.17357,30.85176],[32.17463,30.852],[32.17565,30.85234],[32.17663,30.85277],[32.17755,30.85328],[32.1784,30.85387],[32.17917,30.85454],[32.17986,30.85527],[32.18046,30.85606],[32.18096,30.8569],[32.18135,30.85778],[32.18164,30.85869],[32.18181,30.85962],[32.18187,30.86056],[32.18181,30.8615],[32.18164,30.86243],[32.18135,30.86333],[32.18096,30.86421],[32.18046,30.86505],[32.17987,30.86584],[32.17918,30.86657],[32.1784,30.86724],[32.17755,30.86783],[32.17663,30.86834],[32.17565,30.86877],[32.17463,30.86911],[32.17357,30.86935],[32.17248,30.8695],[32.17139,30.86955]]],"type":"Polygon"},"properties":{"placeId":"ababfd2","name":"Pi-hahiroth","type":"natural area","landOrWater":"land","proposed":true,"role":"g2248f4.geometry"}},{"type":"Feature","geometry":{"coordinates":[[42.657757,17.664896],[42.654599,17.664212],[42.650422,17.660531],[42.649295,17.651013],[42.647836,17.648907],[42.646291,17.64856],[42.643126,17.651238],[42.638824,17.648795],[42.639875,17.637804],[42.637547,17.637548],[42.630895,17.63263],[42.629951,17.625084],[42.625112,17.618673],[42.622827,17.607291],[42.621518,17.605307],[42.620113,17.605307],[42.621336,17.599652],[42.620445,17.589885],[42.618299,17.583452],[42.618686,17.576334],[42.612495,17.574759],[42.607764,17.558321],[42.603161,17.555734],[42.600972,17.552921],[42.602657,17.546312],[42.60152,17.535356],[42.600393,17.530752],[42.59829,17.52622],[42.596305,17.524573],[42.592947,17.51559],[42.586585,17.513083],[42.579944,17.507599],[42.571243,17.505594],[42.567702,17.502268],[42.568131,17.500457],[42.566383,17.49792],[42.56619,17.494901],[42.571972,17.486776],[42.56958,17.47817],[42.569934,17.475847],[42.572691,17.473022],[42.573035,17.469041],[42.575255,17.466074],[42.571618,17.453106],[42.569751,17.452359],[42.566383,17.444038],[42.566586,17.436873],[42.564924,17.434181],[42.566447,17.421038],[42.569397,17.413043],[42.567305,17.403931],[42.564494,17.39872],[42.563341,17.384966],[42.564122,17.376213],[42.567575,17.358533],[42.570129,17.351385],[42.573948,17.347555],[42.576459,17.341964],[42.575,17.337068],[42.57633,17.331251],[42.578905,17.328527],[42.579742,17.315335],[42.580879,17.313737],[42.579549,17.304723],[42.58472,17.29911],[42.583712,17.296365],[42.57912,17.2945],[42.57942,17.291448],[42.583969,17.286674],[42.584441,17.282023],[42.589376,17.278868],[42.589934,17.275999],[42.579399,17.265918],[42.580815,17.260447],[42.57633,17.253807],[42.572475,17.252168],[42.565372,17.241348],[42.556875,17.240487],[42.554214,17.238766],[42.553978,17.237085],[42.555459,17.235856],[42.554794,17.234687],[42.54546,17.227309],[42.54076,17.221058],[42.540396,17.218271],[42.535654,17.213803],[42.528057,17.210195],[42.52471,17.199086],[42.522993,17.197282],[42.523787,17.192403],[42.5175,17.188385],[42.513187,17.187258],[42.506407,17.178709],[42.500956,17.17791],[42.496236,17.175675],[42.480293,17.153595],[42.459586,17.141251],[42.446647,17.129112],[42.441197,17.127923],[42.432163,17.128702],[42.426262,17.126877],[42.42049,17.132988],[42.417176,17.132844]],"type":"LineString"},"properties":{"placeId":"a19b076","name":"Pishon","type":"river","landOrWater":"water","proposed":true,"role":"g501c1b.simplified"}},{"type":"Feature","geometry":{"coordinates":[[[[29.62413,38.04889],[29.41142,37.93463],[29.41142,37.8775],[29.41142,37.82037],[29.55323,37.36331],[29.90774,37.19191],[31.96393,37.02052],[31.96393,37.99176],[31.96393,38.04889],[31.75122,38.33455],[31.184,38.39169],[30.68768,38.33455],[30.26226,38.22029],[29.62413,38.04889]]],[[[29.83684,37.24905],[29.97864,37.19191],[30.04955,37.19191],[31.60942,37.19191],[31.68032,37.19191],[31.75122,37.19191],[31.89303,37.76323],[31.89303,37.82037],[31.89303,37.8775],[31.89303,37.93463],[31.75122,38.22029],[31.53851,38.33455],[31.46761,38.33455],[31.39671,38.33455],[31.3258,38.33455],[31.2549,38.33455],[31.184,38.33455],[31.11309,38.33455],[30.75858,38.27742],[30.40406,38.22029],[30.19135,38.16316],[29.69503,37.59184],[29.69503,37.53471],[29.69503,37.47757],[29.69503,37.42044],[29.76594,37.30618],[29.83684,37.24905]]],[[[29.76594,37.47757],[29.97864,37.30618],[30.04955,37.30618],[30.12045,37.30618],[30.19135,37.30618],[30.26226,37.30618],[30.33316,37.30618],[30.40406,37.30618],[30.47497,37.30618],[31.184,37.30618],[31.2549,37.30618],[31.53851,37.42044],[31.82212,37.76323],[31.89303,37.8775],[31.53851,38.22029],[31.3258,38.33455],[31.2549,38.33455],[31.184,38.33455],[31.11309,38.33455],[30.26226,38.16316],[29.76594,37.47757]]],[[[29.97864,37.53471],[29.97864,37.47757],[30.12045,37.36331],[30.19135,37.30618],[30.26226,37.30618],[30.40406,37.30618],[31.53851,37.42044],[31.75122,37.8775],[31.39671,38.22029],[31.3258,38.27742],[31.2549,38.33455],[31.184,38.33455],[30.26226,38.16316],[29.97864,37.53471]]],[[[30.19135,37.47757],[30.33316,37.36331],[30.40406,37.36331],[31.46761,37.42044],[31.46761,37.47757],[31.46761,37.53471],[31.46761,37.93463],[31.39671,38.22029],[31.3258,38.27742],[31.184,38.33455],[30.61677,38.16316],[30.26226,38.04889],[30.19135,37.47757]]],[[[30.26226,37.7061],[30.75858,37.47757],[30.90038,37.42044],[30.97129,37.42044],[31.04219,37.42044],[31.11309,37.42044],[31.184,37.42044],[31.39671,37.47757],[31.39671,37.76323],[31.39671,37.93463],[31.39671,37.99176],[31.39671,38.04889],[31.3258,38.22029],[31.2549,38.22029],[30.75858,38.16316],[30.26226,37.93463],[30.26226,37.7061]]],[[[30.47497,37.76323],[30.75858,37.47757],[30.82948,37.47757],[30.90038,37.47757],[30.97129,37.47757],[31.04219,37.47757],[31.39671,37.76323],[31.39671,38.04889],[31.3258,38.16316],[31.2549,38.22029],[30.75858,38.16316],[30.40406,37.93463],[30.47497,37.76323]]],[[[30.61677,37.99176],[30.47497,37.93463],[30.75858,37.53471],[30.90038,37.47757],[31.3258,37.76323],[31.3258,37.93463],[31.3258,37.99176],[31.3258,38.04889],[31.3258,38.16316],[31.2549,38.16316],[31.184,38.16316],[30.75858,38.04889],[30.61677,37.99176]]],[[[31.04219,38.04889],[30.61677,37.93463],[30.68768,37.76323],[30.82948,37.64897],[30.90038,37.64897],[31.04219,37.7061],[31.184,37.76323],[31.2549,37.93463],[31.2549,37.99176],[31.2549,38.04889],[31.184,38.04889],[31.11309,38.04889],[31.04219,38.04889]]]],"type":"MultiPolygon"},"properties":{"placeId":"a55aded","name":"Pisidia","type":"region","landOrWater":"land","proposed":false,"role":"gf10b01.isobands"}},{"type":"Feature","geometry":{"coordinates":[[[[32.78331,41.55975],[32.54481,41.28382],[32.66406,41.19185],[32.78331,41.09987],[32.90256,41.00789],[36.48011,40.08814],[37.07636,39.99616],[37.19562,39.99616],[37.31487,39.99616],[37.43412,39.99616],[37.55337,39.99616],[37.67262,39.99616],[37.91112,39.99616],[38.03038,39.99616],[38.14963,39.99616],[38.26888,39.99616],[38.38813,39.99616],[38.50738,39.99616],[38.62663,39.99616],[38.74589,39.99616],[40.1769,40.18011],[40.29615,40.45604],[40.05765,40.54802],[35.16834,41.65173],[34.33358,41.7437],[33.14107,41.83568],[32.78331,41.55975]]],[[[32.78331,41.3758],[32.78331,41.28382],[33.14107,41.09987],[36.48011,40.08814],[36.59936,40.08814],[36.71861,40.08814],[36.83786,40.08814],[36.95711,40.08814],[37.07636,40.08814],[37.19562,40.08814],[37.31487,40.08814],[37.43412,40.08814],[37.55337,40.08814],[37.67262,40.08814],[38.74589,40.08814],[38.86514,40.08814],[39.46139,40.18011],[39.46139,40.27209],[39.46139,40.36406],[39.46139,40.45604],[39.46139,40.54802],[39.10364,40.63999],[35.04909,41.55975],[34.69134,41.65173],[33.14107,41.7437],[32.78331,41.3758]]],[[[33.02182,41.3758],[33.02182,41.28382],[36.48011,40.27209],[37.67262,40.18011],[38.26888,40.18011],[38.38813,40.18011],[38.50738,40.18011],[38.62663,40.18011],[38.74589,40.18011],[38.86514,40.18011],[39.10364,40.27209],[39.10364,40.36406],[39.10364,40.45604],[39.10364,40.54802],[38.38813,40.73197],[35.04909,41.46777],[34.45283,41.55975],[33.61807,41.65173],[33.14107,41.55975],[33.02182,41.3758]]],[[[35.16834,41.3758],[34.57208,41.46777],[34.45283,41.46777],[34.33358,41.46777],[34.81059,41.00789],[35.64535,40.63999],[36.48011,40.36406],[36.95711,40.27209],[37.07636,40.27209],[37.19562,40.27209],[37.31487,40.27209],[37.67262,40.27209],[38.14963,40.27209],[38.26888,40.27209],[38.38813,40.27209],[38.50738,40.27209],[38.62663,40.27209],[38.74589,40.27209],[38.86514,40.27209],[38.98439,40.27209],[38.98439,40.36406],[38.98439,40.45604],[38.98439,40.54802],[38.62663,40.63999],[38.26888,40.73197],[36.48011,41.09987],[35.16834,41.3758]]],[[[35.04909,41.3758],[34.92984,41.3758],[34.81059,41.3758],[35.16834,41.00789],[35.28759,40.91592],[36.2416,40.54802],[36.95711,40.36406],[37.67262,40.27209],[38.50738,40.27209],[38.62663,40.27209],[38.74589,40.27209],[38.86514,40.27209],[38.86514,40.36406],[38.86514,40.45604],[38.74589,40.54802],[38.62663,40.63999],[36.48011,41.09987],[35.16834,41.3758],[35.04909,41.3758]]],[[[35.28759,41.00789],[35.64535,40.82394],[36.48011,40.54802],[36.83786,40.45604],[37.67262,40.36406],[38.50738,40.27209],[38.62663,40.27209],[38.74589,40.45604],[38.62663,40.54802],[37.19562,40.91592],[35.5261,41.28382],[35.04909,41.3758],[34.92984,41.3758],[35.28759,41.00789]]],[[[35.88385,41.19185],[35.7646,41.19185],[35.64535,41.19185],[35.5261,41.00789],[35.5261,40.91592],[36.59936,40.54802],[37.07636,40.45604],[37.67262,40.36406],[38.26888,40.36406],[38.38813,40.36406],[38.50738,40.36406],[38.62663,40.36406],[38.62663,40.45604],[37.31487,40.82394],[36.95711,40.91592],[36.59936,41.00789],[36.2416,41.09987],[35.88385,41.19185]]],[[[35.64535,40.91592],[36.83786,40.54802],[37.67262,40.45604],[37.67262,40.54802],[37.43412,40.73197],[37.31487,40.82394],[36.95711,40.91592],[36.59936,41.00789],[36.2416,41.09987],[35.64535,40.91592]]],[[[36.12235,40.91592],[36.12235,40.82394],[36.48011,40.73197],[36.83786,40.63999],[37.31487,40.54802],[37.31487,40.63999],[37.31487,40.73197],[37.31487,40.82394],[36.48011,40.91592],[36.36086,40.91592],[36.2416,40.91592],[36.12235,40.91592]]]],"type":"MultiPolygon"},"properties":{"placeId":"a83a43e","name":"Pontus","type":"region","landOrWater":"land","proposed":false,"role":"ga08869.isobands"}},{"type":"Feature","geometry":{"coordinates":[[[41.017766,15.118657],[42.514629,8.616689],[50.828747,7.823761],[51.575239,12.075026],[50.450352,12.308938],[44.371932,11.039132],[43.321419,12.74256],[41.017766,15.118657]]],"type":"Polygon"},"properties":{"placeId":"a737810","name":"Punt","type":"region","landOrWater":"land","proposed":false,"role":"g43da41.geometry"}},{"type":"Feature","geometry":{"coordinates":[[[18.72673,30.418234],[18.709453,28.58229],[27.326427,28.590073],[27.129618,31.480722],[25.839124,31.694974],[25.270603,31.55299],[25.040181,32.012948],[24.618071,32.106662],[24.397417,32.061693],[24.039047,32.12448],[23.757855,32.218252],[23.311497,32.278579],[23.19067,32.662073],[22.188161,32.9885],[21.637979,32.98932],[21.396727,32.847747],[21.014921,32.819806],[20.428425,32.531599],[20.052184,32.211032],[19.862948,31.877679],[19.901814,31.565127],[20.049089,31.26371],[20.113168,31.186404],[20.091664,30.965304],[19.935943,30.775195],[19.75881,30.577958],[19.527656,30.420888],[19.239783,30.314724],[18.972273,30.325962],[18.72673,30.418234]]],"type":"Polygon"},"properties":{"placeId":"ad0520f","name":"Put","type":"region","landOrWater":"land","proposed":true,"role":"g47a69b.geometry"}},{"type":"Feature","geometry":{"coordinates":[[[35.23072,31.83211],[35.22961,31.83206],[35.22852,31.83191],[35.22745,31.83167],[35.22641,31.83133],[35.22543,31.8309],[35.2245,31.83039],[35.22364,31.8298],[35.22285,31.82913],[35.22215,31.8284],[35.22155,31.82761],[35.22105,31.82677],[35.22065,31.82589],[35.22036,31.82498],[35.22019,31.82405],[35.22013,31.82311],[35.22019,31.82217],[35.22037,31.82124],[35.22065,31.82033],[35.22105,31.81945],[35.22155,31.81862],[35.22216,31.81783],[35.22285,31.8171],[35.22364,31.81643],[35.2245,31.81584],[35.22543,31.81532],[35.22641,31.8149],[35.22745,31.81456],[35.22852,31.81432],[35.22961,31.81417],[35.23072,31.81412],[35.23182,31.81417],[35.23292,31.81432],[35.23399,31.81456],[35.23502,31.8149],[35.23601,31.81532],[35.23694,31.81584],[35.2378,31.81643],[35.23858,31.8171],[35.23928,31.81783],[35.23988,31.81862],[35.24039,31.81945],[35.24078,31.82033],[35.24107,31.82124],[35.24124,31.82217],[35.2413,31.82311],[35.24124,31.82405],[35.24107,31.82498],[35.24078,31.82589],[35.24039,31.82677],[35.23988,31.82761],[35.23928,31.8284],[35.23858,31.82913],[35.2378,31.8298],[35.23694,31.83039],[35.23601,31.8309],[35.23502,31.83133],[35.23399,31.83167],[35.23292,31.83191],[35.23182,31.83206],[35.23072,31.83211]]],"type":"Polygon"},"properties":{"placeId":"a15bdfd","name":"Ramah 8","type":"hill","landOrWater":"land","proposed":false,"role":"g608f70.geometry"}},{"type":"Feature","geometry":{"coordinates":[[[35.20764,31.74927],[35.20211,31.74903],[35.19664,31.74829],[35.1913,31.74707],[35.18613,31.74538],[35.1812,31.74324],[35.17656,31.74068],[35.17226,31.73772],[35.16835,31.73439],[35.16487,31.73073],[35.16186,31.72678],[35.15935,31.72259],[35.15737,31.71819],[35.15594,31.71364],[35.15507,31.709],[35.15479,31.7043],[35.15508,31.69959],[35.15595,31.69495],[35.15738,31.6904],[35.15936,31.68601],[35.16188,31.68181],[35.16489,31.67787],[35.16837,31.67421],[35.17229,31.67088],[35.17658,31.66792],[35.18122,31.66536],[35.18615,31.66323],[35.19131,31.66154],[35.19666,31.66032],[35.20212,31.65959],[35.20764,31.65934],[35.21316,31.65959],[35.21862,31.66032],[35.22396,31.66154],[35.22913,31.66323],[35.23405,31.66536],[35.23869,31.66792],[35.24299,31.67088],[35.2469,31.67421],[35.25039,31.67787],[35.2534,31.68181],[35.25591,31.68601],[35.2579,31.6904],[35.25933,31.69495],[35.2602,31.69959],[35.26049,31.7043],[35.26021,31.709],[35.25934,31.71364],[35.25791,31.71819],[35.25593,31.72259],[35.25342,31.72678],[35.25041,31.73073],[35.24693,31.73439],[35.24302,31.73772],[35.23872,31.74068],[35.23408,31.74324],[35.22915,31.74538],[35.22398,31.74707],[35.21863,31.74829],[35.21317,31.74903],[35.20764,31.74927]]],"type":"Polygon"},"properties":{"placeId":"a53c3ce","name":"Recah","type":"settlement","landOrWater":"land","proposed":true,"role":"gdf3ad7.geometry"}},{"type":"Feature","geometry":{"coordinates":[[[34.258102,27.727686],[34.183928,27.788811],[34.092454,27.786769],[33.917453,27.93456],[33.878663,27.930889],[33.763676,28.017373],[33.760141,28.048287],[33.708683,28.070888],[33.667049,28.162886],[33.629217,28.178818],[33.623022,28.227581],[33.567071,28.294013],[33.404464,28.389626],[33.364572,28.455078],[33.259065,28.542375],[33.260146,28.580108],[33.233731,28.578768],[33.253529,28.550004],[33.241394,28.555626],[33.198318,28.671186],[33.231046,28.768536],[33.174339,28.849044],[33.181297,29.001131],[33.098373,29.047056],[32.949628,29.204439],[32.884821,29.233855],[32.868697,29.290254],[32.829697,29.315591],[32.815819,29.40636],[32.744024,29.445877],[32.736898,29.477455],[32.717816,29.447591],[32.736128,29.487974],[32.719788,29.50781],[32.726719,29.549217],[32.67912,29.599166],[32.696616,29.728722],[32.609165,29.821401],[32.633364,29.869936],[32.559264,29.92666],[32.55884,29.959255],[32.527842,29.954053],[32.539971,29.940349],[32.525238,29.955042],[32.478953,29.939256],[32.459312,29.891595],[32.478978,29.86196],[32.508494,29.857808],[32.362585,29.682288],[32.363374,29.650427],[32.349097,29.655434],[32.369015,29.638581],[32.343495,29.589037],[32.382549,29.525105],[32.593666,29.343076],[32.667171,29.099265],[32.623483,29.053375],[32.6213,28.981006],[32.689008,28.868289],[32.809368,28.771146],[32.86357,28.576794],[32.929786,28.551778],[32.998731,28.489351],[33.050107,28.40212],[33.109003,28.35646],[33.124584,28.29262],[33.242325,28.170079],[33.243143,28.144546],[33.278924,28.137872],[33.33617,28.08405],[33.340003,28.053637],[33.48154,27.989063],[33.584647,27.847136],[33.594559,27.787857],[33.486783,27.837245],[33.469393,27.809306],[33.520199,27.74994],[33.556031,27.761275],[33.538081,27.705594],[33.59445,27.653311],[33.587332,27.641524],[33.570846,27.669862],[33.557354,27.678233],[33.55291,27.658263],[33.533827,27.680562],[33.492715,27.650062],[33.55967,27.586909],[33.558909,27.526255],[33.626531,27.494141],[33.639952,27.449586],[34.023467,27.447727],[33.915614,27.521909],[33.960623,27.535541],[34.01901,27.502258],[34.038138,27.45193],[34.258102,27.727686]]],"type":"Polygon"},"properties":{"placeId":"a3d18b2","name":"Red Sea 1","type":"body of water","landOrWater":"water","proposed":true,"role":"g220ecf.simplified"}},{"type":"Feature","geometry":{"coordinates":[[[34.552797,27.912175],[34.502442,27.945285],[34.49441,28.000801],[34.515766,28.014194],[34.539307,28.012414],[34.551573,27.993272],[34.514608,27.983488],[34.502978,27.992615],[34.503207,27.980988],[34.531709,27.964444],[34.584935,27.966513],[34.624345,28.024018],[34.613733,28.03915],[34.622263,28.047342],[34.604131,28.06187],[34.609604,28.095631],[34.596959,28.100619],[34.575455,28.086369],[34.574392,28.108647],[34.632731,28.174941],[34.658738,28.164709],[34.645581,28.188397],[34.667213,28.207426],[34.673818,28.25853],[34.685895,28.269184],[34.67642,28.266986],[34.722914,28.348969],[34.763134,28.460335],[34.805453,28.523198],[34.792206,28.577488],[34.797524,28.613072],[34.775127,28.662128],[34.834364,28.81158],[34.828566,28.831644],[34.840086,28.867719],[34.821524,28.883916],[34.843352,28.936854],[34.844849,28.971808],[34.861198,28.994728],[34.847166,29.028097],[34.872501,29.069921],[34.881281,29.142318],[34.892396,29.149362],[34.895995,29.185827],[34.916129,29.204827],[34.909534,29.220608],[34.941133,29.240726],[34.928579,29.290532],[34.951523,29.30224],[34.947843,29.339896],[34.966345,29.359573],[34.958446,29.36608],[34.963955,29.397419],[34.979647,29.408449],[34.96751,29.446552],[35.000698,29.526343],[34.971128,29.551893],[34.96103,29.547827],[34.966094,29.553415],[34.913712,29.498437],[34.859354,29.472556],[34.852546,29.44567],[34.827942,29.431653],[34.832762,29.422944],[34.809092,29.40024],[34.80343,29.376257],[34.786532,29.37088],[34.778359,29.340392],[34.742015,29.312124],[34.738566,29.209568],[34.717913,29.172417],[34.692086,29.16261],[34.66377,29.045236],[34.684653,29.012738],[34.686614,28.983528],[34.653027,28.969886],[34.639407,28.949959],[34.647929,28.862631],[34.621155,28.839357],[34.626951,28.730838],[34.575396,28.652977],[34.575254,28.623968],[34.5519,28.61123],[34.543652,28.57926],[34.51894,28.553019],[34.511904,28.477566],[34.485851,28.477248],[34.456132,28.434711],[34.4412,28.359326],[34.409443,28.320438],[34.416282,28.207859],[34.426711,28.207554],[34.423285,28.199104],[34.449188,28.17233],[34.427105,28.082609],[34.442329,28.026045],[34.427081,27.974472],[34.384807,27.951732],[34.366731,27.916448],[34.347942,27.910287],[34.552797,27.912175]]],"type":"Polygon"},"properties":{"placeId":"ad64d75","name":"Red Sea 2","type":"body of water","landOrWater":"water","proposed":false,"role":"g07ed9a.simplified"}},{"type":"Feature","geometry":{"coordinates":[[[34.258102,27.727686],[34.183928,27.788811],[34.092454,27.786769],[33.917453,27.93456],[33.878663,27.930889],[33.763676,28.017373],[33.760141,28.048287],[33.708683,28.070888],[33.667049,28.162886],[33.629217,28.178818],[33.623022,28.227581],[33.567071,28.294013],[33.404464,28.389626],[33.364572,28.455078],[33.259065,28.542375],[33.260146,28.580108],[33.233731,28.578768],[33.253529,28.550004],[33.241394,28.555626],[33.198318,28.671186],[33.231046,28.768536],[33.174339,28.849044],[33.181297,29.001131],[33.098373,29.047056],[32.949628,29.204439],[32.884821,29.233855],[32.868697,29.290254],[32.829697,29.315591],[32.815819,29.40636],[32.744024,29.445877],[32.736898,29.477455],[32.717816,29.447591],[32.736128,29.487974],[32.719788,29.50781],[32.726719,29.549217],[32.67912,29.599166],[32.696616,29.728722],[32.609165,29.821401],[32.633364,29.869936],[32.559264,29.92666],[32.55884,29.959255],[32.527842,29.954053],[32.539971,29.940349],[32.525238,29.955042],[32.478953,29.939256],[32.459312,29.891595],[32.478978,29.86196],[32.508494,29.857808],[32.362585,29.682288],[32.363374,29.650427],[32.349097,29.655434],[32.369015,29.638581],[32.343495,29.589037],[32.382549,29.525105],[32.593666,29.343076],[32.667171,29.099265],[32.623483,29.053375],[32.6213,28.981006],[32.689008,28.868289],[32.809368,28.771146],[32.86357,28.576794],[32.929786,28.551778],[32.998731,28.489351],[33.050107,28.40212],[33.109003,28.35646],[33.124584,28.29262],[33.242325,28.170079],[33.243143,28.144546],[33.278924,28.137872],[33.33617,28.08405],[33.340003,28.053637],[33.48154,27.989063],[33.584647,27.847136],[33.594559,27.787857],[33.486783,27.837245],[33.469393,27.809306],[33.520199,27.74994],[33.556031,27.761275],[33.538081,27.705594],[33.59445,27.653311],[33.587332,27.641524],[33.570846,27.669862],[33.557354,27.678233],[33.55291,27.658263],[33.533827,27.680562],[33.492715,27.650062],[33.55967,27.586909],[33.558909,27.526255],[33.626531,27.494141],[33.639952,27.449586],[34.023467,27.447727],[33.915614,27.521909],[33.960623,27.535541],[34.01901,27.502258],[34.038138,27.45193],[34.258102,27.727686]]],"type":"Polygon"},"properties":{"placeId":"a3ba698","name":"Red Sea 3","type":"body of water","landOrWater":"water","proposed":true,"role":"g220ecf.simplified"}},{"type":"Feature","geometry":{"coordinates":[[[35.701387,33.543868],[35.795539,33.517671],[36.637128,34.366186],[36.405133,34.475965],[35.701387,33.543868]]],"type":"Polygon"},"properties":{"placeId":"ae4cd38","name":"Rehob 1","type":"settlement","landOrWater":"land","proposed":true,"role":"g803e7e.geometry"}},{"type":"Feature","geometry":{"coordinates":[[[35.19222,31.91552],[35.18668,31.91528],[35.18121,31.91454],[35.17585,31.91332],[35.17068,31.91163],[35.16574,31.90949],[35.16109,31.90693],[35.15678,31.90397],[35.15286,31.90064],[35.14937,31.89698],[35.14636,31.89303],[35.14384,31.88884],[35.14186,31.88444],[35.14043,31.87989],[35.13956,31.87525],[35.13927,31.87055],[35.13957,31.86584],[35.14044,31.8612],[35.14187,31.85665],[35.14386,31.85226],[35.14638,31.84806],[35.1494,31.84412],[35.15289,31.84046],[35.15681,31.83713],[35.16111,31.83417],[35.16576,31.83161],[35.1707,31.82948],[35.17587,31.82779],[35.18122,31.82657],[35.18669,31.82584],[35.19222,31.82559],[35.19775,31.82584],[35.20323,31.82657],[35.20858,31.82779],[35.21375,31.82948],[35.21868,31.83161],[35.22333,31.83417],[35.22764,31.83713],[35.23156,31.84046],[35.23505,31.84412],[35.23807,31.84806],[35.24058,31.85226],[35.24257,31.85665],[35.24401,31.8612],[35.24488,31.86584],[35.24517,31.87055],[35.24488,31.87525],[35.24402,31.87989],[35.24259,31.88444],[35.2406,31.88884],[35.23809,31.89303],[35.23507,31.89698],[35.23158,31.90064],[35.22766,31.90397],[35.22336,31.90693],[35.21871,31.90949],[35.21377,31.91163],[35.20859,31.91332],[35.20324,31.91454],[35.19776,31.91528],[35.19222,31.91552]]],"type":"Polygon"},"properties":{"placeId":"a1b5486","name":"Rekem","type":"settlement","landOrWater":"land","proposed":true,"role":"g8090d9.geometry"}},{"type":"Feature","geometry":{"coordinates":[[33.840388,28.596009],[33.841118,28.59591],[33.84137,28.596061],[33.843194,28.59875],[33.843483,28.598934],[33.843837,28.599381],[33.843441,28.599881],[33.843151,28.599984],[33.84314,28.600074],[33.843526,28.600832],[33.843607,28.601289],[33.843966,28.601444],[33.84447,28.601529],[33.845039,28.602184],[33.845758,28.602466],[33.846348,28.603229],[33.846552,28.603309],[33.846659,28.603582],[33.846616,28.603804],[33.847496,28.605165],[33.847721,28.605292],[33.848397,28.604991],[33.848864,28.605622],[33.84939,28.606079],[33.850023,28.606215],[33.850387,28.605895],[33.850768,28.605377],[33.851315,28.605245],[33.851734,28.60541],[33.851938,28.605994],[33.852206,28.606013],[33.85248,28.606418],[33.852555,28.60694],[33.852769,28.607152],[33.852769,28.60735],[33.853091,28.607407],[33.853327,28.607218],[33.853434,28.606644],[33.854003,28.606719],[33.854529,28.606922],[33.85506,28.606851],[33.855183,28.606634],[33.855344,28.606634],[33.855709,28.606846],[33.855988,28.606785],[33.857211,28.607482],[33.857383,28.607426],[33.85757,28.607143],[33.857844,28.607171],[33.858144,28.606729],[33.858509,28.606917],[33.85867,28.607171],[33.858622,28.607444],[33.859137,28.607958],[33.859968,28.60825],[33.860215,28.608099],[33.860344,28.607157],[33.860918,28.606884],[33.86117,28.606291],[33.861562,28.606187],[33.862345,28.606427],[33.862988,28.606422],[33.865129,28.607218],[33.865183,28.60735],[33.864952,28.608499],[33.865123,28.609187],[33.865703,28.609672],[33.866164,28.609752],[33.866486,28.610124],[33.867779,28.611061],[33.86816,28.611466],[33.868739,28.611786],[33.869281,28.611867],[33.869485,28.611758],[33.86964,28.611918],[33.870086,28.612027],[33.870617,28.611852],[33.871116,28.611438],[33.871362,28.611452],[33.871566,28.611749],[33.871786,28.612408],[33.872639,28.612592],[33.872714,28.612747],[33.873106,28.612775],[33.87354,28.612639],[33.8739,28.61279],[33.873889,28.614033],[33.874463,28.61456],[33.875032,28.614777],[33.875445,28.614725],[33.876169,28.615022],[33.87685,28.616128],[33.877344,28.616246],[33.878138,28.617753],[33.878036,28.619933],[33.878272,28.620126],[33.878717,28.619924],[33.878894,28.620522],[33.879055,28.62047],[33.879168,28.62071],[33.879586,28.621068],[33.879731,28.621393],[33.879763,28.622566],[33.880428,28.623583]],"type":"LineString"},"properties":{"placeId":"a05ebb7","name":"Rephidim","type":"campsite","landOrWater":"land","proposed":true,"role":"g1fd506.simplified"}},{"type":"Feature","geometry":{"coordinates":[[[28.217848,36.460998],[28.208002,36.44558],[28.182284,36.421829],[28.15674,36.425988],[28.115494,36.420689],[28.051613,36.399896],[28.015212,36.382501],[27.913685,36.343373],[27.873709,36.32274],[27.843753,36.284789],[27.829872,36.279946],[27.810689,36.275615],[27.803101,36.270255],[27.784691,36.243514],[27.782764,36.216876],[27.765705,36.192015],[27.751825,36.190086],[27.731751,36.17348],[27.679569,36.158047],[27.686717,36.142775],[27.702924,36.142602],[27.712015,36.128588],[27.704429,36.118382],[27.709214,36.110575],[27.731365,36.102646],[27.749942,36.101685],[27.756101,36.091625],[27.759752,36.065251],[27.755497,36.029168],[27.746437,35.991633],[27.723968,35.950668],[27.717908,35.948054],[27.714452,35.937948],[27.723114,35.934891],[27.731167,35.921981],[27.730109,35.914592],[27.770627,35.885871],[27.79461,35.884608],[27.811006,35.89376],[27.819996,35.900776],[27.828167,35.911687],[27.84822,35.913048],[27.852589,35.923135],[27.866424,35.925613],[27.870196,35.935537],[27.878372,35.947909],[27.888014,35.956908],[27.895036,35.957414],[27.895013,35.963262],[27.920961,36.004759],[27.95139,36.041531],[27.963831,36.046267],[27.970867,36.044332],[27.975881,36.047916],[27.974668,36.050838],[27.985097,36.056706],[27.999151,36.061767],[27.999746,36.064368],[28.014002,36.070078],[28.015201,36.072843],[28.037906,36.07531],[28.045552,36.073699],[28.047783,36.063629],[28.060252,36.059258],[28.06809,36.058618],[28.088204,36.050678],[28.088395,36.057015],[28.084559,36.063997],[28.077903,36.07276],[28.086046,36.07966],[28.091051,36.077861],[28.09326,36.088425],[28.102969,36.106635],[28.090458,36.105508],[28.085442,36.10909],[28.073203,36.108404],[28.074276,36.134699],[28.092878,36.159887],[28.10623,36.167768],[28.10427,36.174509],[28.120689,36.182839],[28.139068,36.181501],[28.144502,36.196292],[28.152277,36.226862],[28.161748,36.228664],[28.167034,36.24439],[28.176788,36.244403],[28.177343,36.255645],[28.170374,36.256318],[28.173991,36.272501],[28.196022,36.307156],[28.212808,36.318158],[28.220341,36.328044],[28.209741,36.340855],[28.219511,36.360857],[28.228156,36.369385],[28.236538,36.369169],[28.244641,36.378384],[28.25023,36.386701],[28.233483,36.404244],[28.23852,36.416836],[28.237684,36.426279],[28.244116,36.431233],[28.241892,36.448556],[28.217848,36.460998]]],"type":"Polygon"},"properties":{"placeId":"a4218ee","name":"Rhodes 1","type":"island","landOrWater":"land","proposed":true,"role":"gb01779.simplified"}},{"type":"Feature","geometry":{"coordinates":[[[28.217848,36.460998],[28.208002,36.44558],[28.182284,36.421829],[28.15674,36.425988],[28.115494,36.420689],[28.051613,36.399896],[28.015212,36.382501],[27.913685,36.343373],[27.873709,36.32274],[27.843753,36.284789],[27.829872,36.279946],[27.810689,36.275615],[27.803101,36.270255],[27.784691,36.243514],[27.782764,36.216876],[27.765705,36.192015],[27.751825,36.190086],[27.731751,36.17348],[27.679569,36.158047],[27.686717,36.142775],[27.702924,36.142602],[27.712015,36.128588],[27.704429,36.118382],[27.709214,36.110575],[27.731365,36.102646],[27.749942,36.101685],[27.756101,36.091625],[27.759752,36.065251],[27.755497,36.029168],[27.746437,35.991633],[27.723968,35.950668],[27.717908,35.948054],[27.714452,35.937948],[27.723114,35.934891],[27.731167,35.921981],[27.730109,35.914592],[27.770627,35.885871],[27.79461,35.884608],[27.811006,35.89376],[27.819996,35.900776],[27.828167,35.911687],[27.84822,35.913048],[27.852589,35.923135],[27.866424,35.925613],[27.870196,35.935537],[27.878372,35.947909],[27.888014,35.956908],[27.895036,35.957414],[27.895013,35.963262],[27.920961,36.004759],[27.95139,36.041531],[27.963831,36.046267],[27.970867,36.044332],[27.975881,36.047916],[27.974668,36.050838],[27.985097,36.056706],[27.999151,36.061767],[27.999746,36.064368],[28.014002,36.070078],[28.015201,36.072843],[28.037906,36.07531],[28.045552,36.073699],[28.047783,36.063629],[28.060252,36.059258],[28.06809,36.058618],[28.088204,36.050678],[28.088395,36.057015],[28.084559,36.063997],[28.077903,36.07276],[28.086046,36.07966],[28.091051,36.077861],[28.09326,36.088425],[28.102969,36.106635],[28.090458,36.105508],[28.085442,36.10909],[28.073203,36.108404],[28.074276,36.134699],[28.092878,36.159887],[28.10623,36.167768],[28.10427,36.174509],[28.120689,36.182839],[28.139068,36.181501],[28.144502,36.196292],[28.152277,36.226862],[28.161748,36.228664],[28.167034,36.24439],[28.176788,36.244403],[28.177343,36.255645],[28.170374,36.256318],[28.173991,36.272501],[28.196022,36.307156],[28.212808,36.318158],[28.220341,36.328044],[28.209741,36.340855],[28.219511,36.360857],[28.228156,36.369385],[28.236538,36.369169],[28.244641,36.378384],[28.25023,36.386701],[28.233483,36.404244],[28.23852,36.416836],[28.237684,36.426279],[28.244116,36.431233],[28.241892,36.448556],[28.217848,36.460998]]],"type":"Polygon"},"properties":{"placeId":"a8c207b","name":"Rhodes 2","type":"island","landOrWater":"land","proposed":false,"role":"gb01779.simplified"}},{"type":"Feature","geometry":{"coordinates":[[34.712554,29.482898],[34.712784,29.483096],[34.713053,29.483169],[34.713173,29.48343],[34.713777,29.483533],[34.714337,29.484411],[34.716475,29.485781],[34.716813,29.486337],[34.716808,29.486589],[34.716593,29.487135],[34.714887,29.488219],[34.714072,29.488471],[34.713471,29.489984],[34.713095,29.490507],[34.712613,29.490955],[34.712414,29.491006],[34.711159,29.490857],[34.710445,29.491058],[34.709727,29.491095],[34.709373,29.490955],[34.709051,29.490666],[34.708514,29.489657],[34.708182,29.488704],[34.707538,29.488069],[34.706916,29.486902],[34.70654,29.486528],[34.70624,29.486416],[34.705381,29.486398],[34.703536,29.486594],[34.702849,29.486977],[34.702549,29.487584],[34.702109,29.487752],[34.701444,29.487798],[34.701144,29.488125],[34.701144,29.48848],[34.701004,29.488695],[34.700671,29.488854],[34.699888,29.488938],[34.699674,29.489087],[34.699352,29.489676],[34.697034,29.490796],[34.695919,29.491506],[34.695382,29.491954],[34.693505,29.494597],[34.692475,29.494625],[34.691885,29.49442],[34.691606,29.493962],[34.691423,29.492225],[34.691273,29.491805],[34.690994,29.491562],[34.690651,29.491431],[34.690307,29.491431],[34.687969,29.492309],[34.686992,29.492384],[34.686284,29.492244],[34.685662,29.4923],[34.685276,29.492468],[34.684482,29.493047],[34.684235,29.493355],[34.683355,29.493747],[34.682733,29.493738],[34.681284,29.493178],[34.679482,29.492972],[34.678431,29.493271],[34.677572,29.493831],[34.676778,29.494765],[34.676285,29.495942],[34.674354,29.497884],[34.671736,29.499714],[34.670062,29.501993],[34.669933,29.503524],[34.669375,29.506213],[34.668646,29.50838],[34.667616,29.510322],[34.665899,29.51204],[34.663453,29.514243],[34.661994,29.516484],[34.661179,29.518501],[34.660749,29.521077],[34.660106,29.524027],[34.660106,29.525521],[34.659805,29.527127],[34.659119,29.52806],[34.657574,29.529143],[34.653454,29.530749],[34.65281,29.531869],[34.652638,29.532915],[34.652724,29.534894],[34.653068,29.536051],[34.654677,29.540177],[34.655492,29.541801],[34.658239,29.545703],[34.658668,29.547775],[34.65899,29.548353],[34.659376,29.548783],[34.659419,29.549193],[34.658818,29.550108],[34.658046,29.550985],[34.657745,29.551583],[34.657445,29.552479],[34.657402,29.553151],[34.657595,29.554075]],"type":"LineString"},"properties":{"placeId":"ac79b33","name":"Rimmon-perez","type":"campsite","landOrWater":"land","proposed":true,"role":"gc31d21.simplified"}},{"type":"Feature","geometry":{"coordinates":[[33.995009,29.021374],[33.995757,29.021618],[33.996747,29.021463],[33.999016,29.022758],[34.000669,29.023058],[34.002847,29.023846],[34.00378,29.024813],[34.004252,29.026173],[34.004821,29.03001],[34.005207,29.030357],[34.006419,29.030432],[34.007363,29.030854],[34.007106,29.031407],[34.006097,29.031633],[34.005733,29.031961],[34.005894,29.032627],[34.007589,29.033133],[34.010925,29.033162],[34.011676,29.033434],[34.012084,29.033837],[34.012224,29.034738],[34.011226,29.037608],[34.011784,29.038096],[34.012502,29.038039],[34.013243,29.037533],[34.014616,29.037402],[34.015989,29.038283],[34.016633,29.038396],[34.017996,29.036867],[34.018586,29.036585],[34.019015,29.036698],[34.019551,29.037383],[34.019594,29.039681],[34.020345,29.041829],[34.021161,29.042504],[34.022352,29.04302],[34.022974,29.043039],[34.023575,29.042561],[34.023821,29.040619],[34.024272,29.040019],[34.02468,29.039981],[34.028199,29.041313],[34.029958,29.042973],[34.03086,29.043452],[34.033177,29.042251],[34.035065,29.040244],[34.035795,29.039981],[34.03734,29.040619],[34.038563,29.042251],[34.038477,29.043208],[34.038928,29.043602],[34.039722,29.043808],[34.040837,29.043658],[34.043241,29.042307],[34.048777,29.042251],[34.050322,29.043395],[34.054227,29.044352],[34.054656,29.044784],[34.054871,29.045628],[34.054527,29.046622],[34.05457,29.04711],[34.054914,29.047466],[34.055707,29.04771],[34.061029,29.047916],[34.061501,29.048291],[34.062145,29.050149],[34.062703,29.050524],[34.063625,29.05058],[34.06457,29.05013],[34.065149,29.04831],[34.066093,29.047035],[34.066994,29.047072],[34.067359,29.047335],[34.067681,29.048535],[34.070234,29.049342],[34.072981,29.049098],[34.076135,29.047991],[34.077101,29.048291],[34.077401,29.048629],[34.07738,29.049867],[34.078324,29.050955],[34.080405,29.051124],[34.081328,29.050843],[34.081886,29.050336],[34.082315,29.048742],[34.08283,29.047898],[34.083838,29.047372],[34.084954,29.047354],[34.086757,29.047954],[34.088581,29.047954],[34.089224,29.046997],[34.089375,29.045121],[34.090126,29.04454],[34.090898,29.044483],[34.091799,29.04484],[34.092658,29.046322],[34.093645,29.04711],[34.09431,29.048066],[34.094996,29.048629],[34.097056,29.049323],[34.098001,29.049079],[34.101691,29.046735],[34.102743,29.046509],[34.105532,29.046622]],"type":"LineString"},"properties":{"placeId":"a2e73ba","name":"Rithmah","type":"campsite","landOrWater":"land","proposed":true,"role":"g5a8de8.simplified"}},{"type":"Feature","geometry":{"coordinates":[[43.4004,39.62289],[43.03842,39.70988],[42.89148,39.55006],[42.68305,39.49974],[42.56097,39.37735],[42.51654,39.15681],[42.14263,39.16913],[41.73966,39.02609],[41.54147,39.06983],[41.5341,38.84767],[41.28619,38.8488],[41.16636,38.75437],[40.93768,38.90233],[40.43907,38.71578],[40.05323,38.74685],[39.76762,38.62738],[39.52104,38.65794],[39.43605,38.78707],[39.07093,38.88889],[38.79036,38.86343],[38.62579,38.74399],[38.4707,38.75055],[38.35929,38.54254],[38.69727,38.41718],[38.81465,38.44258],[38.96907,38.3195],[39.10977,38.34695],[39.15092,38.3002],[39.10734,38.20079],[39.22207,38.20728],[39.26237,38.14575],[38.97395,37.89992],[38.97615,37.82576],[38.89374,37.79772],[38.96638,37.75973],[38.80754,37.68869],[38.84787,37.6459],[38.65453,37.62225],[38.44129,37.47027],[38.27288,37.47616],[38.17543,37.41056],[37.9869,37.44055],[37.876,37.34516],[37.8643,37.07822],[37.98087,37.04911],[38.03223,36.73892],[38.27974,36.53821],[38.07234,36.08734],[38.15529,35.98854],[38.554,35.85696],[39.04536,35.9343],[39.29005,35.82418],[39.78978,35.74977],[39.91166,35.51972],[40.40792,35.20512],[40.42549,35.07127],[40.4782,35.05925],[40.43902,35.03065],[40.5636,34.95816],[40.64746,34.78824],[40.91728,34.62881],[40.93077,34.44985],[41.07865,34.37813],[41.21151,34.38819],[41.17855,34.42827],[41.23469,34.45545],[41.70109,34.44724],[41.77868,34.53001],[41.83756,34.46904],[41.96819,34.47555],[42.13934,34.27379],[42.37435,34.33023],[42.31718,34.24315],[42.38791,34.18267],[42.41314,34.0175],[42.50326,34.03386],[42.57021,33.97252],[42.53159,33.86241],[42.6616,33.90336],[42.77015,33.85387],[42.71973,33.71875],[42.92984,33.52606],[43.6575,33.39649],[43.75822,33.35178],[43.8638,33.18126],[44.01608,33.16432],[44.17383,33.02275],[44.29104,32.78756],[44.20564,32.56697],[44.30027,32.44331],[44.35553,32.11166],[44.50174,31.8977],[44.47541,31.70573],[44.78758,31.45265],[45.13943,31.42654],[45.24909,31.32722],[45.53215,31.28336],[45.5573,31.18628],[46.0521,31.1234],[46.47565,30.9104],[46.5801,30.98234],[47.30651,30.92903],[47.44235,31.00471]],"type":"LineString"},"properties":{"placeId":"a669096","name":"River 2","type":"river","landOrWater":"water","proposed":true,"role":"g8bbbc3.simplified"}},{"type":"Feature","geometry":{"coordinates":[[35.985014,30.810678],[35.974958,30.824487],[35.961596,30.830619],[35.948062,30.831455],[35.936363,30.839798],[35.925404,30.843365],[35.924527,30.849493],[35.914255,30.862898],[35.918338,30.871398],[35.91363,30.874747],[35.920791,30.876255],[35.923141,30.881392],[35.898857,30.884941],[35.894595,30.879713],[35.889742,30.879088],[35.88919,30.892689],[35.878455,30.896404],[35.872704,30.89429],[35.873895,30.886049],[35.870375,30.884453],[35.866435,30.886582],[35.864414,30.889325],[35.868412,30.904303],[35.857975,30.903571],[35.85031,30.905773],[35.844164,30.916284],[35.837905,30.921161],[35.838989,30.92617],[35.843509,30.92967],[35.84224,30.934474],[35.824074,30.93298],[35.820598,30.928264],[35.814437,30.927981],[35.809218,30.934113],[35.800143,30.933493],[35.800123,30.937862],[35.794499,30.938638],[35.784598,30.946074],[35.779887,30.944448],[35.774361,30.949291],[35.771153,30.946118],[35.772403,30.955862],[35.758905,30.955453],[35.75669,30.961514],[35.744462,30.960852],[35.739869,30.964217],[35.732629,30.96432],[35.712958,30.973337],[35.708703,30.979307],[35.700939,30.977444],[35.698125,30.980725],[35.694821,30.9784],[35.690746,30.979284],[35.68874,30.973773],[35.683085,30.970074],[35.678853,30.97774],[35.672596,30.976259],[35.674836,30.980227],[35.66296,30.98791],[35.652294,30.989012],[35.64867,30.98607],[35.641027,30.985419],[35.637777,30.988952],[35.630856,30.988633],[35.628087,30.992412],[35.619708,30.995747],[35.61802,30.990576],[35.610337,30.987668],[35.586751,30.990505],[35.587335,30.993606],[35.583834,30.993862],[35.582425,30.998089],[35.577205,30.994086],[35.575441,30.995859],[35.571312,30.994719],[35.570522,30.999463],[35.561021,31.002165],[35.55765,30.998404],[35.554082,31.001743],[35.547934,30.999597],[35.546192,31.003157],[35.548279,31.010818],[35.538774,31.014029],[35.537077,31.017455],[35.533831,31.015171],[35.526174,31.015462],[35.509818,31.006989],[35.506741,31.008505],[35.506098,31.005011],[35.502355,31.004517],[35.499689,31.008795],[35.495473,31.009315],[35.496458,31.014855],[35.492235,31.015254],[35.476261,31.028189],[35.47299,31.045356],[35.465225,31.050405],[35.466235,31.057245],[35.457299,31.069013],[35.45645,31.075737]],"type":"LineString"},"properties":{"placeId":"a3bb384","name":"River 3","type":"river","landOrWater":"water","proposed":true,"role":"gc495b5.simplified"}},{"type":"Feature","geometry":{"coordinates":[[35.179255,31.439289],[35.179548,31.440786],[35.180229,31.441241],[35.182782,31.440001],[35.184292,31.440161],[35.184419,31.440797],[35.183311,31.441397],[35.183917,31.442355],[35.185926,31.443626],[35.187179,31.443488],[35.187474,31.444561],[35.188361,31.44501],[35.189526,31.446461],[35.190478,31.446632],[35.191695,31.446209],[35.192116,31.446403],[35.192409,31.446907],[35.19224,31.447861],[35.192886,31.448101],[35.19415,31.4493],[35.194254,31.44979],[35.193892,31.45063],[35.194815,31.452019],[35.194461,31.452879],[35.195032,31.453554],[35.1964,31.453783],[35.197036,31.455112],[35.199364,31.455254],[35.199602,31.454339],[35.199871,31.454231],[35.200992,31.45468],[35.201754,31.454449],[35.203355,31.454716],[35.203516,31.455666],[35.204307,31.456268],[35.203642,31.457215],[35.204648,31.457828],[35.206724,31.456249],[35.208558,31.456938],[35.210353,31.455934],[35.212083,31.455558],[35.212456,31.454952],[35.215983,31.454321],[35.21613,31.453753],[35.216892,31.453051],[35.219427,31.45325],[35.222906,31.45279],[35.224603,31.453309],[35.225872,31.452975],[35.226486,31.453337],[35.227401,31.453337],[35.230335,31.452861],[35.234871,31.450861],[35.239208,31.451053],[35.240731,31.451202],[35.242499,31.452124],[35.242837,31.452891],[35.242682,31.454275],[35.243752,31.456643],[35.244677,31.457444],[35.24575,31.45813],[35.248078,31.45873],[35.248445,31.459388],[35.249733,31.460219],[35.250409,31.460462],[35.251291,31.460125],[35.253134,31.461999],[35.25307,31.463452],[35.25437,31.463678],[35.255822,31.464694],[35.257581,31.464644],[35.258102,31.465312],[35.259445,31.46563],[35.260599,31.465262],[35.261953,31.466005],[35.262543,31.465664],[35.263173,31.466348],[35.266403,31.467385],[35.268163,31.466604],[35.26747,31.465143],[35.268163,31.464751],[35.268801,31.465195],[35.268801,31.46633],[35.27004,31.466943],[35.272352,31.469119],[35.272939,31.469087],[35.273452,31.468554],[35.273554,31.467769],[35.273125,31.467311],[35.273583,31.466325],[35.273985,31.466444],[35.2749,31.467941],[35.275648,31.468071],[35.276099,31.46767],[35.276204,31.467039],[35.277116,31.467064],[35.277303,31.466074],[35.278065,31.46528],[35.280777,31.463296],[35.281509,31.463237],[35.282856,31.463777],[35.284819,31.465943],[35.286192,31.465422],[35.28688,31.465583]],"type":"LineString"},"properties":{"placeId":"a897bdb","name":"Rock of Escape","type":"natural area","landOrWater":"land","proposed":false,"role":"g1911ef.simplified"}},{"type":"Feature","geometry":{"coordinates":[[[26.31164,35.307735],[26.315064,35.311264],[26.312449,35.311894],[26.312168,35.313618],[26.313357,35.313055],[26.314214,35.314765],[26.314043,35.316019],[26.313113,35.316852],[26.31013,35.317592],[26.301727,35.315723],[26.301375,35.31444],[26.302126,35.313819],[26.301386,35.313428],[26.31164,35.307735]]],"type":"Polygon"},"properties":{"placeId":"a1c44ea","name":"Salmone","type":"promontory","landOrWater":"land","proposed":false,"role":"gdfd7f3.geometry"}},{"type":"Feature","geometry":{"coordinates":[[[35.558105,31.763892],[35.547047,31.763193],[35.533707,31.77372],[35.50384,31.771982],[35.491831,31.750885],[35.476828,31.738802],[35.477226,31.730799],[35.471541,31.721622],[35.455076,31.711921],[35.443088,31.682926],[35.448353,31.67061],[35.434636,31.663669],[35.430262,31.651458],[35.422601,31.644808],[35.418092,31.629578],[35.411894,31.62513],[35.404865,31.60493],[35.407699,31.583828],[35.414954,31.570602],[35.397333,31.550933],[35.394476,31.514565],[35.397927,31.510828],[35.39493,31.502825],[35.398576,31.486373],[35.397169,31.457791],[35.378506,31.423904],[35.37921,31.416285],[35.38852,31.404668],[35.384688,31.386761],[35.386344,31.363603],[35.39636,31.346371],[35.395064,31.328046],[35.383697,31.309637],[35.389175,31.291628],[35.37846,31.282797],[35.374869,31.255971],[35.364026,31.248284],[35.365864,31.235084],[35.36029,31.233276],[35.355633,31.223912],[35.362528,31.213975],[35.362568,31.196537],[35.369686,31.178459],[35.367077,31.156961],[35.383544,31.143331],[35.391671,31.114821],[35.391605,31.095305],[35.398629,31.081169],[35.415079,31.071696],[35.445705,31.071358],[35.463953,31.062927],[35.499872,31.075557],[35.525903,31.104615],[35.511754,31.123201],[35.507592,31.140335],[35.531168,31.160051],[35.534091,31.178246],[35.526332,31.185676],[35.525473,31.20295],[35.521797,31.207193],[35.509108,31.212022],[35.493379,31.204462],[35.485845,31.215195],[35.47409,31.214741],[35.46841,31.218675],[35.438708,31.247416],[35.420545,31.251978],[35.427609,31.273197],[35.454583,31.300343],[35.465993,31.30516],[35.480558,31.332827],[35.49803,31.348598],[35.501021,31.348889],[35.501125,31.34348],[35.491792,31.324894],[35.490063,31.293905],[35.498443,31.287333],[35.519573,31.288764],[35.519509,31.30372],[35.542376,31.319461],[35.542204,31.329996],[35.548123,31.337268],[35.546763,31.36834],[35.551798,31.383266],[35.548515,31.397983],[35.562956,31.412546],[35.562816,31.433232],[35.567276,31.440352],[35.564652,31.451128],[35.571497,31.460312],[35.56344,31.466957],[35.575193,31.473134],[35.555624,31.515932],[35.553555,31.577774],[35.566025,31.613299],[35.564743,31.619707],[35.57426,31.630087],[35.574777,31.68136],[35.584288,31.702925],[35.583781,31.718354],[35.589079,31.722716],[35.594347,31.742613],[35.586538,31.760055],[35.573766,31.764999],[35.558105,31.763892]]],"type":"Polygon"},"properties":{"placeId":"abed304","name":"Salt Sea","type":"body of water","landOrWater":"water","proposed":false,"role":"g2e7540.simplified"}},{"type":"Feature","geometry":{"coordinates":[[[[34.88297,32.48074],[34.82651,32.26488],[34.82651,32.2409],[34.82651,32.21692],[34.82651,32.19293],[34.91119,32.02505],[35.13703,31.9531],[35.50402,31.90513],[35.53225,31.92911],[35.53225,31.9531],[35.53225,31.97708],[35.53225,32.00106],[35.53225,32.07302],[35.53225,32.097],[35.53225,32.12098],[35.53225,32.14497],[35.53225,32.16895],[35.53225,32.19293],[35.53225,32.21692],[35.53225,32.2409],[35.53225,32.26488],[35.53225,32.28887],[35.53225,32.31285],[35.53225,32.33683],[35.53225,32.36082],[35.53225,32.3848],[35.41933,32.50472],[35.36287,32.5287],[35.19349,32.55269],[35.16526,32.55269],[35.13703,32.55269],[35.1088,32.55269],[35.08057,32.55269],[34.99588,32.5287],[34.91119,32.50472],[34.88297,32.48074]]],[[[34.82651,32.19293],[35.02411,32.07302],[35.16526,32.02505],[35.36287,31.97708],[35.50402,32.04903],[35.53225,32.12098],[35.53225,32.14497],[35.53225,32.16895],[35.53225,32.19293],[35.53225,32.21692],[35.53225,32.2409],[35.53225,32.26488],[35.53225,32.28887],[35.53225,32.31285],[35.53225,32.33683],[35.53225,32.36082],[35.53225,32.3848],[35.33464,32.5287],[35.24995,32.5287],[35.22172,32.5287],[35.19349,32.5287],[35.16526,32.5287],[35.13703,32.5287],[35.1088,32.5287],[35.08057,32.5287],[35.05234,32.5287],[35.02411,32.5287],[34.99588,32.5287],[34.91119,32.50472],[34.88297,32.45675],[34.85474,32.36082],[34.82651,32.2409],[34.82651,32.21692],[34.82651,32.19293]]],[[[35.3911,32.45675],[35.33464,32.48074],[35.22172,32.5287],[35.19349,32.5287],[35.16526,32.5287],[35.13703,32.5287],[35.1088,32.5287],[35.08057,32.5287],[35.05234,32.5287],[34.99588,32.50472],[34.91119,32.45675],[34.85474,32.31285],[34.82651,32.2409],[34.82651,32.21692],[34.82651,32.19293],[35.02411,32.07302],[35.16526,32.02505],[35.19349,32.02505],[35.22172,32.02505],[35.24995,32.02505],[35.27818,32.02505],[35.30641,32.02505],[35.33464,32.02505],[35.36287,32.02505],[35.3911,32.02505],[35.53225,32.16895],[35.53225,32.19293],[35.53225,32.21692],[35.53225,32.2409],[35.53225,32.26488],[35.53225,32.28887],[35.53225,32.31285],[35.53225,32.33683],[35.53225,32.36082],[35.53225,32.3848],[35.44756,32.43277],[35.3911,32.45675]]],[[[35.13703,32.5287],[35.1088,32.5287],[35.08057,32.5287],[35.05234,32.5287],[34.91119,32.45675],[34.85474,32.2409],[34.85474,32.21692],[34.85474,32.19293],[35.02411,32.07302],[35.19349,32.02505],[35.22172,32.02505],[35.24995,32.02505],[35.27818,32.02505],[35.3911,32.04903],[35.44756,32.097],[35.50402,32.16895],[35.53225,32.21692],[35.53225,32.2409],[35.53225,32.28887],[35.53225,32.31285],[35.53225,32.33683],[35.53225,32.36082],[35.50402,32.3848],[35.3911,32.45675],[35.16526,32.5287],[35.13703,32.5287]]],[[[35.05234,32.50472],[34.91119,32.43277],[34.88297,32.2409],[34.88297,32.21692],[34.93942,32.16895],[35.02411,32.097],[35.05234,32.07302],[35.16526,32.04903],[35.19349,32.04903],[35.22172,32.04903],[35.24995,32.04903],[35.27818,32.04903],[35.30641,32.04903],[35.33464,32.04903],[35.36287,32.04903],[35.3911,32.04903],[35.50402,32.19293],[35.53225,32.28887],[35.53225,32.31285],[35.53225,32.33683],[35.53225,32.36082],[35.50402,32.3848],[35.41933,32.43277],[35.16526,32.5287],[35.13703,32.5287],[35.05234,32.50472]]],[[[34.99588,32.14497],[35.05234,32.097],[35.08057,32.07302],[35.16526,32.04903],[35.19349,32.04903],[35.22172,32.04903],[35.24995,32.04903],[35.27818,32.04903],[35.3911,32.04903],[35.50402,32.2409],[35.53225,32.36082],[35.3911,32.43277],[35.16526,32.50472],[35.13703,32.50472],[34.96765,32.43277],[34.93942,32.3848],[34.91119,32.33683],[34.88297,32.2409],[34.91119,32.21692],[34.96765,32.16895],[34.99588,32.14497]]],[[[35.13703,32.45675],[35.1088,32.45675],[34.96765,32.43277],[34.91119,32.33683],[34.93942,32.21692],[34.99588,32.14497],[35.05234,32.097],[35.1088,32.07302],[35.22172,32.04903],[35.24995,32.04903],[35.30641,32.07302],[35.3911,32.12098],[35.41933,32.14497],[35.50402,32.2409],[35.50402,32.33683],[35.50402,32.36082],[35.3911,32.43277],[35.19349,32.45675],[35.16526,32.45675],[35.13703,32.45675]]],[[[34.96765,32.19293],[34.99588,32.16895],[35.02411,32.14497],[35.13703,32.07302],[35.16526,32.07302],[35.19349,32.07302],[35.22172,32.07302],[35.24995,32.07302],[35.27818,32.07302],[35.3911,32.14497],[35.41933,32.16895],[35.44756,32.19293],[35.47579,32.2409],[35.50402,32.36082],[35.41933,32.40879],[35.36287,32.43277],[35.16526,32.45675],[35.13703,32.45675],[35.02411,32.43277],[34.96765,32.40879],[34.93942,32.2409],[34.96765,32.19293]]],[[[34.96765,32.40879],[34.96765,32.28887],[34.96765,32.26488],[34.96765,32.2409],[34.96765,32.21692],[34.99588,32.16895],[35.02411,32.14497],[35.19349,32.07302],[35.22172,32.07302],[35.24995,32.07302],[35.3911,32.14497],[35.47579,32.2409],[35.47579,32.26488],[35.47579,32.31285],[35.47579,32.33683],[35.47579,32.36082],[35.44756,32.3848],[35.41933,32.40879],[35.13703,32.45675],[35.02411,32.43277],[34.96765,32.40879]]]],"type":"MultiPolygon"},"properties":{"placeId":"a282dce","name":"Samaria 2","type":"region","landOrWater":"land","proposed":false,"role":"gf5df80.isobands"}},{"type":"Feature","geometry":{"coordinates":[[[26.94638,37.690923],[26.953017,37.687416],[26.958492,37.690266],[26.953967,37.69147],[26.965614,37.69287],[26.980052,37.706762],[26.996105,37.707521],[27.011403,37.702857],[27.018839,37.707932],[27.037106,37.704297],[27.043163,37.710048],[27.048706,37.705752],[27.056368,37.713863],[27.060555,37.708994],[27.067323,37.711534],[27.065226,37.715205],[27.069786,37.718025],[27.065982,37.727109],[27.036532,37.728391],[27.036278,37.734083],[27.041286,37.737718],[27.039187,37.742104],[27.024146,37.752107],[27.029578,37.762846],[27.048145,37.76619],[27.068648,37.777328],[27.059342,37.779725],[27.021289,37.773379],[27.012182,37.77833],[26.998602,37.777112],[26.987249,37.784018],[26.986207,37.790663],[26.99149,37.795933],[26.977977,37.793133],[26.976312,37.785182],[26.981819,37.778827],[26.96173,37.787624],[26.951953,37.78711],[26.949003,37.782254],[26.963472,37.771306],[26.961937,37.766256],[26.970068,37.755644],[26.976763,37.754301],[26.972276,37.748323],[26.965483,37.747312],[26.958293,37.756977],[26.928239,37.771774],[26.910618,37.772397],[26.892903,37.781545],[26.882354,37.778486],[26.858182,37.796254],[26.857087,37.802689],[26.848249,37.806192],[26.741288,37.813108],[26.690634,37.795714],[26.678468,37.795713],[26.68446,37.79871],[26.672982,37.796342],[26.658614,37.790174],[26.637852,37.770025],[26.608699,37.768849],[26.59623,37.762127],[26.591458,37.751757],[26.584137,37.749287],[26.566185,37.731349],[26.585341,37.705335],[26.577967,37.69173],[26.582726,37.690181],[26.584095,37.683073],[26.590669,37.681272],[26.591409,37.675408],[26.600671,37.682912],[26.60467,37.677429],[26.615012,37.683775],[26.623388,37.680124],[26.622529,37.688352],[26.633449,37.688883],[26.631139,37.693013],[26.643339,37.70286],[26.691811,37.709827],[26.722738,37.709791],[26.730064,37.703589],[26.752762,37.696641],[26.793338,37.643088],[26.81721,37.637025],[26.832078,37.640118],[26.859504,37.636146],[26.879211,37.64039],[26.883317,37.644896],[26.882368,37.663055],[26.890684,37.673049],[26.927926,37.688579],[26.948279,37.686745],[26.942768,37.688877],[26.94638,37.690923]]],"type":"Polygon"},"properties":{"placeId":"acf6ec0","name":"Samos","type":"island","landOrWater":"land","proposed":false,"role":"gf40806.simplified"}},{"type":"Feature","geometry":{"coordinates":[[[25.485575,40.444278],[25.494536,40.437969],[25.509128,40.425397],[25.5244,40.421516],[25.542686,40.414294],[25.548036,40.408961],[25.549995,40.405114],[25.554021,40.403181],[25.553981,40.400266],[25.557625,40.399514],[25.559634,40.395933],[25.568035,40.397383],[25.572098,40.395455],[25.574277,40.392881],[25.579526,40.395134],[25.582638,40.394584],[25.58287,40.392857],[25.584093,40.392237],[25.586259,40.393651],[25.587397,40.392327],[25.58852,40.394438],[25.589966,40.393427],[25.590526,40.394275],[25.593059,40.394527],[25.594055,40.395794],[25.596869,40.393627],[25.599605,40.393768],[25.600981,40.394884],[25.60158,40.393964],[25.601671,40.394723],[25.605516,40.396255],[25.607035,40.39775],[25.620987,40.400934],[25.622533,40.402151],[25.626981,40.402089],[25.630614,40.405018],[25.637618,40.407731],[25.642004,40.408571],[25.649283,40.40807],[25.654662,40.41138],[25.661129,40.412325],[25.66827,40.412179],[25.669791,40.413514],[25.678281,40.416852],[25.681762,40.419591],[25.686159,40.420688],[25.687575,40.421863],[25.696483,40.421924],[25.695828,40.428451],[25.693426,40.436085],[25.695754,40.445999],[25.69924,40.455255],[25.699625,40.463992],[25.698656,40.46564],[25.693176,40.468621],[25.680428,40.478513],[25.6779,40.479989],[25.674221,40.48027],[25.668535,40.485597],[25.665928,40.485684],[25.661098,40.488705],[25.656778,40.493512],[25.639997,40.49364],[25.630033,40.496641],[25.625081,40.499758],[25.61645,40.503174],[25.605662,40.503366],[25.601685,40.504539],[25.603454,40.503612],[25.595173,40.502535],[25.589965,40.504014],[25.581152,40.508408],[25.562093,40.510144],[25.544045,40.505194],[25.539721,40.504757],[25.535659,40.505823],[25.532261,40.504595],[25.525268,40.504656],[25.494825,40.494924],[25.477891,40.483662],[25.471723,40.476485],[25.467899,40.474649],[25.472163,40.476174],[25.471177,40.473697],[25.469284,40.473479],[25.469835,40.472839],[25.468817,40.472192],[25.461584,40.471857],[25.45497,40.473478],[25.45331,40.472708],[25.443454,40.476276],[25.449533,40.47275],[25.452411,40.469855],[25.455085,40.466138],[25.455835,40.463086],[25.458119,40.461021],[25.45903,40.458043],[25.476783,40.45001],[25.485575,40.444278]]],"type":"Polygon"},"properties":{"placeId":"a68750d","name":"Samothrace","type":"island","landOrWater":"land","proposed":false,"role":"g0941fc.simplified"}},{"type":"Feature","geometry":{"coordinates":[[[41.443745,41.477736],[40.193087,41.05055],[39.396161,41.262838],[38.29866,41.036232],[36.783151,41.487219],[36.050399,41.796322],[35.1128,42.205988],[33.284948,42.108625],[31.207261,41.242446],[29.415421,41.394121],[28.772172,40.88419],[27.097272,40.50613],[26.266071,40.175571],[25.845718,39.222393],[26.529583,37.743166],[28.056268,36.541477],[29.503444,36.008826],[30.539958,36.04547],[30.791287,36.78345],[32.785773,35.819706],[34.6964,36.674644],[35.62556,36.432044],[35.897228,35.949509],[41.443745,41.477736]]],"type":"Polygon"},"properties":{"placeId":"acf15b3","name":"Saparda","type":"settlement","landOrWater":"land","proposed":false,"role":"g1d7e26.geometry"}},{"type":"Feature","geometry":{"coordinates":[[[45.23083,32.57577],[45.17506,32.5733],[45.1199,32.5659],[45.06598,32.55366],[45.01389,32.53671],[44.96421,32.51525],[44.91749,32.48951],[44.87424,32.45977],[44.83494,32.42638],[44.80003,32.38969],[44.76987,32.35011],[44.7448,32.30808],[44.72509,32.26406],[44.71095,32.21854],[44.70251,32.17202],[44.69988,32.125],[44.70306,32.07801],[44.71201,32.03156],[44.72663,31.98616],[44.74675,31.9423],[44.77214,31.90045],[44.80252,31.86109],[44.83755,31.82462],[44.87684,31.79146],[44.91998,31.76195],[44.96648,31.73642],[45.01584,31.71514],[45.06752,31.69835],[45.12097,31.68623],[45.1756,31.6789],[45.23083,31.67645],[45.28606,31.6789],[45.3407,31.68623],[45.39415,31.69835],[45.44583,31.71514],[45.49519,31.73642],[45.54169,31.76195],[45.58482,31.79146],[45.62412,31.82462],[45.65915,31.86109],[45.68953,31.90045],[45.71492,31.9423],[45.73504,31.98616],[45.74966,32.03156],[45.75861,32.07801],[45.76179,32.125],[45.75915,32.17202],[45.75072,32.21854],[45.73657,32.26406],[45.71686,32.30808],[45.69179,32.35011],[45.66164,32.38969],[45.62672,32.42638],[45.58742,32.45977],[45.54418,32.48951],[45.49746,32.51525],[45.44777,32.53671],[45.39568,32.55366],[45.34176,32.5659],[45.28661,32.5733],[45.23083,32.57577]]],"type":"Polygon"},"properties":{"placeId":"a9042c4","name":"Saparre","type":"settlement","landOrWater":"land","proposed":false,"role":"g64a5ee.geometry"}},{"type":"Feature","geometry":{"coordinates":[[[28.779737,43.491759],[45.400689,42.110501],[47.493048,39.254488],[65.325765,38.05555],[66.208418,30.603057],[77.427709,29.616396],[72.028876,38.568414],[86.988563,46.638543],[63.812513,56.381175],[38.208046,53.231443],[25.728968,50.269871],[28.779737,43.491759]]],"type":"Polygon"},"properties":{"placeId":"a8d18cf","name":"Scythia","type":"region","landOrWater":"land","proposed":false,"role":"gd33034.geometry"}},{"type":"Feature","geometry":{"coordinates":[[[32.365583,30.413807],[32.386317,30.389774],[32.391762,30.387564],[32.388575,30.383519],[32.382634,30.388253],[32.380727,30.385519],[32.395173,30.371996],[32.398322,30.356057],[32.409593,30.357608],[32.411192,30.361598],[32.415483,30.35815],[32.419045,30.35898],[32.410848,30.36329],[32.410545,30.371563],[32.41316,30.372167],[32.435364,30.357122],[32.441081,30.349831],[32.447613,30.328506],[32.443019,30.318211],[32.444523,30.304723],[32.45099,30.284125],[32.450255,30.286235],[32.454847,30.287138],[32.462148,30.278258],[32.492237,30.271281],[32.496325,30.272939],[32.49875,30.269001],[32.511892,30.267657],[32.52341,30.26115],[32.52621,30.2656],[32.530982,30.26671],[32.538768,30.264331],[32.537068,30.259846],[32.542663,30.251032],[32.562819,30.234743],[32.563329,30.221612],[32.570037,30.217894],[32.573808,30.210621],[32.575192,30.19798],[32.570745,30.164234],[32.567572,30.164415],[32.566427,30.17227],[32.563546,30.173757],[32.563139,30.191339],[32.560062,30.198488],[32.548467,30.201789],[32.538355,30.194944],[32.535726,30.196288],[32.533253,30.2072],[32.52794,30.209149],[32.529869,30.215604],[32.523941,30.217303],[32.515352,30.22599],[32.517391,30.231399],[32.522184,30.229739],[32.519687,30.231902],[32.525282,30.237746],[32.524724,30.244739],[32.500528,30.254248],[32.502035,30.260001],[32.498272,30.256199],[32.480454,30.261732],[32.471978,30.258154],[32.461275,30.263342],[32.458988,30.261467],[32.475809,30.254035],[32.471577,30.240742],[32.453659,30.231028],[32.44175,30.234087],[32.440996,30.238659],[32.432361,30.237296],[32.425958,30.259622],[32.401477,30.273893],[32.410506,30.272359],[32.407141,30.277837],[32.39429,30.276652],[32.38879,30.281029],[32.346321,30.285108],[32.348174,30.287149],[32.337605,30.295847],[32.326167,30.316827],[32.305385,30.334361],[32.30139,30.351484],[32.304232,30.352153],[32.303227,30.360999],[32.309166,30.375696],[32.305466,30.387958],[32.311032,30.402055],[32.329089,30.408597],[32.344521,30.406494],[32.33506,30.410759],[32.345367,30.408228],[32.345206,30.411945],[32.346924,30.408951],[32.353253,30.415314],[32.356362,30.412027],[32.365583,30.413807]]],"type":"Polygon"},"properties":{"placeId":"a702ab6","name":"Sea of Egypt","type":"body of water","landOrWater":"water","proposed":true,"role":"g7c24d6.simplified"}},{"type":"Feature","geometry":{"coordinates":[[[35.577683,32.710056],[35.580984,32.707264],[35.583645,32.706211],[35.585399,32.706888],[35.5855,32.706041],[35.588059,32.705594],[35.593744,32.706338],[35.599237,32.708092],[35.605631,32.711666],[35.616156,32.720582],[35.61702,32.722989],[35.62818,32.736088],[35.634045,32.745203],[35.633629,32.746946],[35.635667,32.751377],[35.63541,32.754856],[35.636851,32.759018],[35.63681,32.761402],[35.638668,32.765249],[35.638182,32.769213],[35.639911,32.772842],[35.638245,32.777401],[35.636563,32.779634],[35.636708,32.782139],[35.635661,32.783836],[35.636115,32.786412],[35.639197,32.789484],[35.640605,32.792678],[35.64098,32.794444],[35.639572,32.798359],[35.641389,32.801843],[35.645199,32.815364],[35.645033,32.823916],[35.642459,32.82925],[35.641843,32.834383],[35.644191,32.834986],[35.644926,32.836535],[35.646885,32.83709],[35.649206,32.839473],[35.649696,32.843081],[35.648779,32.849387],[35.645931,32.857101],[35.642809,32.861461],[35.642666,32.862477],[35.643704,32.863723],[35.642954,32.865854],[35.630483,32.882426],[35.623697,32.889334],[35.618174,32.893325],[35.607757,32.89651],[35.605293,32.896293],[35.598549,32.891634],[35.591895,32.890618],[35.5912,32.88968],[35.592078,32.888676],[35.591617,32.887998],[35.584874,32.886256],[35.575635,32.880083],[35.567497,32.879792],[35.564414,32.875508],[35.559608,32.874734],[35.559407,32.873331],[35.558485,32.873669],[35.554639,32.872313],[35.551522,32.872481],[35.543902,32.870119],[35.539894,32.866422],[35.540297,32.865696],[35.539361,32.865176],[35.539045,32.863603],[35.535603,32.861593],[35.534602,32.857813],[35.533162,32.856482],[35.53216,32.853859],[35.525897,32.847746],[35.524588,32.845435],[35.525266,32.843935],[35.522509,32.84219],[35.520552,32.839431],[35.515863,32.827919],[35.517763,32.821444],[35.523289,32.811701],[35.525636,32.810601],[35.528803,32.80519],[35.532302,32.802808],[35.535947,32.801534],[35.540411,32.797361],[35.54383,32.790599],[35.542722,32.78957],[35.54386,32.787271],[35.543788,32.784207],[35.545518,32.776162],[35.548002,32.769772],[35.550448,32.768562],[35.551341,32.766845],[35.55749,32.762192],[35.561012,32.758171],[35.563987,32.750888],[35.566879,32.747525],[35.570398,32.727658],[35.568874,32.724488],[35.569032,32.722954],[35.577319,32.711506],[35.577683,32.710056]]],"type":"Polygon"},"properties":{"placeId":"a562fcc","name":"Sea of Galilee","type":"body of water","landOrWater":"water","proposed":false,"role":"geaba15.simplified"}},{"type":"Feature","geometry":{"coordinates":[[[[35.36819,32.06517],[35.36331,32.06517],[35.35844,32.06517],[35.35356,32.06517],[35.34869,32.06517],[35.34381,32.06517],[35.33894,32.06517],[35.33407,32.06517],[35.32919,32.06517],[35.32432,32.05275],[35.29507,31.87476],[35.29995,31.87476],[35.30482,31.87476],[35.30969,31.87476],[35.31457,31.87476],[35.31944,31.87476],[35.32432,31.87476],[35.32919,31.87476],[35.34381,31.89545],[35.36331,31.92443],[35.36819,31.93271],[35.37306,31.95341],[35.37793,32.02378],[35.37793,32.02792],[35.37793,32.03206],[35.37793,32.0362],[35.37793,32.04034],[35.37793,32.04447],[35.37793,32.04861],[35.37793,32.05275],[35.37793,32.05689],[35.37793,32.06103],[35.37793,32.06517],[35.37306,32.06517],[35.36819,32.06517]]],[[[35.33407,31.99066],[35.33407,31.98652],[35.33407,31.98238],[35.33407,31.97824],[35.33407,31.9741],[35.33407,31.96996],[35.33407,31.96582],[35.33407,31.96168],[35.33407,31.95755],[35.33407,31.95341],[35.33407,31.94927],[35.33407,31.94513],[35.33407,31.94099],[35.33894,31.94099],[35.34381,31.94099],[35.34869,31.94099],[35.35356,31.94099],[35.35844,31.94099],[35.36331,31.94099],[35.36819,31.94099],[35.37306,31.98652],[35.37306,31.99066],[35.37306,31.9948],[35.37306,31.99894],[35.37306,32.00308],[35.37306,32.00722],[35.37306,32.01136],[35.37306,32.0155],[35.37306,32.01964],[35.37306,32.02378],[35.37306,32.02792],[35.37306,32.03206],[35.37306,32.0362],[35.37306,32.04034],[35.37306,32.04447],[35.37306,32.04861],[35.37306,32.05275],[35.36819,32.05275],[35.36331,32.05275],[35.35844,32.05275],[35.35356,32.05275],[35.34869,32.05275],[35.34381,32.05275],[35.33894,32.04861],[35.33407,32.00308],[35.33407,31.99894],[35.33407,31.9948],[35.33407,31.99066]]]],"type":"MultiPolygon"},"properties":{"placeId":"a1aff30","name":"Seirah","type":"natural area","landOrWater":"land","proposed":true,"role":"g9675dd.isobands"}},{"type":"Feature","geometry":{"coordinates":[[[36.842998,33.546925],[37.104613,35.134191],[36.502819,35.145589],[36.063758,33.549348],[36.842998,33.546925]]],"type":"Polygon"},"properties":{"placeId":"a282c15","name":"Sepharvaim","type":"settlement","landOrWater":"land","proposed":true,"role":"g2611ea.geometry"}},{"type":"Feature","geometry":{"coordinates":[[[35.23599,31.7681],[35.23587,31.76809],[35.23577,31.76808],[35.23566,31.76805],[35.23555,31.76802],[35.23546,31.76798],[35.23536,31.76793],[35.23528,31.76787],[35.2352,31.7678],[35.23513,31.76773],[35.23507,31.76765],[35.23502,31.76756],[35.23498,31.76748],[35.23495,31.76738],[35.23493,31.76729],[35.23493,31.7672],[35.23493,31.7671],[35.23495,31.76701],[35.23498,31.76692],[35.23502,31.76683],[35.23507,31.76675],[35.23513,31.76667],[35.2352,31.7666],[35.23528,31.76653],[35.23536,31.76647],[35.23546,31.76642],[35.23555,31.76638],[35.23566,31.76634],[35.23577,31.76632],[35.23587,31.7663],[35.23599,31.7663],[35.2361,31.7663],[35.2362,31.76632],[35.23631,31.76634],[35.23642,31.76638],[35.23651,31.76642],[35.23661,31.76647],[35.23669,31.76653],[35.23677,31.7666],[35.23684,31.76667],[35.2369,31.76675],[35.23695,31.76683],[35.23699,31.76692],[35.23702,31.76701],[35.23704,31.7671],[35.23704,31.7672],[35.23704,31.76729],[35.23702,31.76738],[35.23699,31.76748],[35.23695,31.76756],[35.2369,31.76765],[35.23684,31.76773],[35.23677,31.7678],[35.23669,31.76787],[35.23661,31.76793],[35.23651,31.76798],[35.23642,31.76802],[35.23631,31.76805],[35.2362,31.76808],[35.2361,31.76809],[35.23599,31.7681]]],"type":"Polygon"},"properties":{"placeId":"a8bb3d8","name":"Serpent’s Stone","type":"rock","landOrWater":"land","proposed":false,"role":"g0745d6.geometry"}},{"type":"Feature","geometry":{"coordinates":[[[35.30028,32.04438],[35.28919,32.04388],[35.27822,32.04241],[35.26749,32.03997],[35.25713,32.03659],[35.24724,32.03232],[35.23793,32.02719],[35.2293,32.02126],[35.22146,32.0146],[35.21448,32.00728],[35.20844,31.99938],[35.20341,31.99099],[35.19944,31.98219],[35.19658,31.9731],[35.19485,31.9638],[35.19428,31.9544],[35.19488,31.945],[35.19662,31.9357],[35.1995,31.92661],[35.20349,31.91783],[35.20853,31.90944],[35.21458,31.90155],[35.22156,31.89424],[35.22941,31.88759],[35.23803,31.88167],[35.24733,31.87655],[35.25721,31.87228],[35.26755,31.86891],[35.27826,31.86648],[35.28921,31.865],[35.30028,31.86451],[35.31135,31.865],[35.32229,31.86648],[35.333,31.86891],[35.34335,31.87228],[35.35323,31.87655],[35.36253,31.88167],[35.37115,31.88759],[35.37899,31.89424],[35.38598,31.90155],[35.39203,31.90944],[35.39707,31.91783],[35.40105,31.92661],[35.40393,31.9357],[35.40568,31.945],[35.40627,31.9544],[35.4057,31.9638],[35.40398,31.9731],[35.40111,31.98219],[35.39715,31.99099],[35.39212,31.99938],[35.38608,32.00728],[35.3791,32.0146],[35.37125,32.02126],[35.36263,32.02719],[35.35332,32.03232],[35.34343,32.03659],[35.33306,32.03997],[35.32234,32.04241],[35.31137,32.04388],[35.30028,32.04438]]],"type":"Polygon"},"properties":{"placeId":"ab6f1f0","name":"Shaalim","type":"region","landOrWater":"land","proposed":true,"role":"geb09fe.geometry"}},{"type":"Feature","geometry":{"coordinates":[[[35.04417,32.2874],[35.02749,32.28666],[35.01099,32.28445],[34.99486,32.28079],[34.97927,32.27572],[34.9644,32.2693],[34.9504,32.2616],[34.93743,32.2527],[34.92564,32.24271],[34.91515,32.23173],[34.90608,32.21987],[34.89852,32.20728],[34.89256,32.1941],[34.88827,32.18045],[34.88568,32.1665],[34.88483,32.1524],[34.88573,32.1383],[34.88836,32.12436],[34.8927,32.11072],[34.8987,32.09755],[34.90628,32.08498],[34.91537,32.07314],[34.92588,32.06218],[34.93767,32.05221],[34.95062,32.04333],[34.9646,32.03565],[34.97945,32.02925],[34.995,32.02419],[35.01109,32.02055],[35.02754,32.01834],[35.04417,32.0176],[35.0608,32.01834],[35.07725,32.02055],[35.09333,32.02419],[35.10889,32.02925],[35.12373,32.03565],[35.13771,32.04333],[35.15067,32.05221],[35.16246,32.06218],[35.17296,32.07314],[35.18205,32.08498],[35.18964,32.09755],[35.19563,32.11072],[35.19997,32.12436],[35.2026,32.1383],[35.2035,32.1524],[35.20265,32.1665],[35.20007,32.18045],[35.19577,32.1941],[35.18981,32.20728],[35.18226,32.21987],[35.17318,32.23173],[35.16269,32.24271],[35.1509,32.2527],[35.13793,32.2616],[35.12394,32.2693],[35.10906,32.27572],[35.09347,32.28079],[35.07734,32.28445],[35.06085,32.28666],[35.04417,32.2874]]],"type":"Polygon"},"properties":{"placeId":"a25f8e2","name":"Shalishah","type":"region","landOrWater":"land","proposed":false,"role":"gb336ef.geometry"}},{"type":"Feature","geometry":{"coordinates":[[[34.768703,32.094861],[34.995666,32.087121],[35.114468,32.559525],[34.912206,32.585153],[34.768703,32.094861]]],"type":"Polygon"},"properties":{"placeId":"a83fd43","name":"Sharon 1","type":"region","landOrWater":"land","proposed":false,"role":"g528234.geometry"}},{"type":"Feature","geometry":{"coordinates":[[[35.811761,33.353421],[35.661238,32.513198],[35.639106,31.965954],[35.715941,31.789723],[35.047135,29.528504],[37.670975,29.350224],[38.273915,33.302161],[35.811761,33.353421]]],"type":"Polygon"},"properties":{"placeId":"aa4e69f","name":"Sharon 2","type":"region","landOrWater":"land","proposed":true,"role":"g357ac3.geometry"}},{"type":"Feature","geometry":{"coordinates":[[[35.68611,31.54955],[35.68501,31.5495],[35.68392,31.54935],[35.68285,31.54911],[35.68182,31.54877],[35.68083,31.54834],[35.67991,31.54783],[35.67905,31.54724],[35.67827,31.54657],[35.67757,31.54584],[35.67697,31.54505],[35.67647,31.54421],[35.67608,31.54333],[35.67579,31.54243],[35.67562,31.5415],[35.67556,31.54056],[35.67562,31.53962],[35.67579,31.53869],[35.67608,31.53778],[35.67647,31.5369],[35.67697,31.53606],[35.67757,31.53527],[35.67827,31.53454],[35.67905,31.53387],[35.67991,31.53328],[35.68084,31.53277],[35.68182,31.53234],[35.68285,31.532],[35.68392,31.53176],[35.68501,31.53161],[35.68611,31.53156],[35.68721,31.53161],[35.6883,31.53176],[35.68937,31.532],[35.6904,31.53234],[35.69139,31.53277],[35.69231,31.53328],[35.69317,31.53387],[35.69395,31.53454],[35.69465,31.53527],[35.69525,31.53606],[35.69575,31.5369],[35.69615,31.53778],[35.69643,31.53869],[35.69661,31.53962],[35.69666,31.54056],[35.69661,31.5415],[35.69643,31.54243],[35.69615,31.54333],[35.69575,31.54421],[35.69525,31.54505],[35.69465,31.54584],[35.69395,31.54657],[35.69317,31.54724],[35.69231,31.54783],[35.69139,31.54834],[35.6904,31.54877],[35.68937,31.54911],[35.68831,31.54935],[35.68721,31.5495],[35.68611,31.54955]]],"type":"Polygon"},"properties":{"placeId":"a86d49f","name":"Shaveh-kiriathaim","type":"natural area","landOrWater":"land","proposed":false,"role":"ga09df3.geometry"}},{"type":"Feature","geometry":{"coordinates":[[[[43.96851,16.09165],[43.37276,15.94663],[43.22383,15.36655],[43.22383,15.22153],[43.5217,13.91635],[43.96851,13.48129],[44.11744,13.48129],[44.41531,13.48129],[44.56425,13.48129],[44.71318,13.48129],[44.86212,13.48129],[45.01105,13.48129],[46.50041,13.91635],[48.43657,14.93149],[48.73444,15.94663],[48.43657,16.23667],[48.28764,16.23667],[48.1387,16.23667],[47.98976,16.23667],[47.84083,16.23667],[47.69189,16.23667],[47.54296,16.23667],[47.39402,16.23667],[47.24509,16.23667],[47.09615,16.23667],[46.94722,16.23667],[46.79828,16.23667],[46.64934,16.23667],[46.50041,16.23667],[43.96851,16.09165]]],[[[43.37276,14.93149],[43.5217,14.06137],[43.67064,13.91635],[44.26638,13.62631],[44.41531,13.62631],[46.50041,14.06137],[48.28764,14.93149],[48.43657,15.94663],[47.84083,16.09165],[47.69189,16.09165],[47.54296,16.09165],[47.39402,16.09165],[47.24509,16.09165],[47.09615,16.09165],[46.94722,16.09165],[46.79828,16.09165],[46.64934,16.09165],[46.50041,16.09165],[43.5217,15.94663],[43.37276,15.65659],[43.37276,15.51157],[43.37276,15.36655],[43.37276,15.22153],[43.37276,15.07651],[43.37276,14.93149]]],[[[43.37276,15.07651],[43.37276,14.93149],[43.5217,14.49643],[43.67064,14.20639],[43.81957,13.91635],[43.96851,13.91635],[44.11744,13.91635],[44.26638,13.91635],[44.41531,13.91635],[44.56425,13.91635],[44.71318,13.91635],[44.86212,13.91635],[45.01105,13.91635],[45.15999,13.91635],[45.30893,13.91635],[46.50041,14.20639],[47.69189,14.93149],[47.84083,15.07651],[47.84083,15.22153],[47.84083,15.36655],[47.84083,15.51157],[47.84083,15.65659],[47.84083,15.80161],[47.84083,15.94663],[47.69189,15.94663],[47.54296,15.94663],[47.39402,15.94663],[47.24509,15.94663],[47.09615,15.94663],[46.94722,15.94663],[46.79828,15.94663],[46.64934,15.94663],[46.50041,15.94663],[46.35147,15.94663],[46.20254,15.94663],[46.0536,15.94663],[45.90467,15.94663],[45.75573,15.94663],[45.6068,15.94663],[45.45786,15.94663],[45.30893,15.94663],[45.15999,15.94663],[45.01105,15.94663],[44.86212,15.94663],[44.71318,15.94663],[44.56425,15.94663],[44.41531,15.94663],[44.26638,15.94663],[44.11744,15.94663],[43.96851,15.94663],[43.81957,15.94663],[43.67064,15.94663],[43.5217,15.94663],[43.37276,15.65659],[43.37276,15.51157],[43.37276,15.36655],[43.37276,15.22153],[43.37276,15.07651]]],[[[43.5217,14.49643],[43.81957,14.20639],[44.11744,13.91635],[44.26638,13.91635],[44.41531,13.91635],[47.24509,14.93149],[47.24509,15.07651],[47.24509,15.22153],[47.24509,15.36655],[46.35147,15.80161],[45.75573,15.94663],[45.6068,15.94663],[45.45786,15.94663],[45.30893,15.94663],[45.15999,15.94663],[45.01105,15.94663],[44.86212,15.94663],[44.71318,15.94663],[44.11744,15.94663],[43.96851,15.94663],[43.81957,15.94663],[43.5217,15.80161],[43.37276,15.51157],[43.37276,15.36655],[43.37276,15.22153],[43.37276,15.07651],[43.37276,14.93149],[43.5217,14.49643]]],[[[43.81957,15.80161],[43.5217,15.65659],[43.37276,15.36655],[43.37276,15.22153],[43.37276,15.07651],[43.67064,14.49643],[43.96851,14.20639],[44.11744,14.20639],[44.26638,14.20639],[46.50041,14.93149],[46.50041,15.07651],[46.50041,15.22153],[46.50041,15.36655],[46.20254,15.65659],[46.0536,15.80161],[45.90467,15.80161],[45.75573,15.80161],[45.6068,15.80161],[45.45786,15.80161],[45.30893,15.80161],[45.15999,15.80161],[45.01105,15.80161],[44.86212,15.80161],[44.71318,15.80161],[44.26638,15.80161],[44.11744,15.80161],[43.96851,15.80161],[43.81957,15.80161]]],[[[43.5217,14.93149],[43.81957,14.49643],[43.96851,14.49643],[44.11744,14.49643],[44.26638,14.49643],[46.35147,14.93149],[46.35147,15.07651],[46.35147,15.22153],[46.35147,15.36655],[46.0536,15.65659],[45.75573,15.80161],[45.6068,15.80161],[45.45786,15.80161],[45.30893,15.80161],[43.67064,15.65659],[43.5217,15.51157],[43.37276,15.36655],[43.5217,14.93149]]],[[[43.81957,15.65659],[43.5217,15.51157],[43.5217,15.36655],[43.5217,15.22153],[43.5217,15.07651],[43.5217,14.93149],[43.81957,14.49643],[43.96851,14.49643],[44.11744,14.49643],[46.20254,14.93149],[46.20254,15.07651],[46.20254,15.22153],[46.20254,15.36655],[45.15999,15.51157],[44.26638,15.65659],[44.11744,15.65659],[43.96851,15.65659],[43.81957,15.65659]]],[[[43.81957,15.51157],[43.67064,15.51157],[43.5217,15.36655],[43.5217,15.22153],[43.5217,15.07651],[43.67064,14.93149],[43.81957,14.78647],[43.96851,14.78647],[44.11744,14.78647],[44.71318,14.78647],[44.86212,14.78647],[46.0536,14.93149],[46.0536,15.07651],[46.0536,15.22153],[46.0536,15.36655],[44.41531,15.51157],[44.26638,15.51157],[44.11744,15.51157],[43.96851,15.51157],[43.81957,15.51157]]],[[[43.81957,15.51157],[43.67064,15.36655],[43.5217,15.07651],[43.67064,14.93149],[43.81957,14.93149],[43.96851,14.93149],[44.11744,14.93149],[44.26638,14.93149],[44.41531,14.93149],[44.56425,14.93149],[44.71318,14.93149],[44.86212,14.93149],[45.01105,14.93149],[45.15999,14.93149],[45.30893,14.93149],[45.45786,14.93149],[45.6068,14.93149],[45.75573,14.93149],[45.75573,15.07651],[45.15999,15.36655],[43.81957,15.51157]]]],"type":"MultiPolygon"},"properties":{"placeId":"a81ab85","name":"Sheba 1","type":"region","landOrWater":"land","proposed":false,"role":"g718940.isobands"}},{"type":"Feature","geometry":{"coordinates":[[[36.38715,35.29606],[36.27199,35.29108],[36.15812,35.2762],[36.04685,35.25157],[35.93943,35.2175],[35.83706,35.17435],[35.74088,35.12261],[35.65198,35.06287],[35.57132,34.9958],[35.4998,34.92215],[35.43818,34.84274],[35.38713,34.75846],[35.34718,34.67025],[35.31872,34.57908],[35.30205,34.48596],[35.2973,34.39191],[35.30448,34.29797],[35.32349,34.20516],[35.35406,34.11449],[35.39583,34.02695],[35.44833,33.94349],[35.51094,33.865],[35.58297,33.79234],[35.66363,33.72628],[35.75202,33.66753],[35.8472,33.61672],[35.94813,33.57438],[36.05374,33.54098],[36.16289,33.51687],[36.27442,33.50229],[36.38715,33.49742],[36.49988,33.50229],[36.61141,33.51687],[36.72056,33.54098],[36.82617,33.57438],[36.9271,33.61672],[37.02228,33.66753],[37.11067,33.72628],[37.19133,33.79234],[37.26336,33.865],[37.32597,33.94349],[37.37847,34.02695],[37.42024,34.11449],[37.45081,34.20516],[37.46982,34.29797],[37.477,34.39191],[37.47225,34.48596],[37.45558,34.57908],[37.42712,34.67025],[37.38717,34.75846],[37.33612,34.84274],[37.2745,34.92215],[37.20298,34.9958],[37.12232,35.06287],[37.03342,35.12261],[36.93724,35.17435],[36.83487,35.2175],[36.72745,35.25157],[36.61618,35.2762],[36.50231,35.29108],[36.38715,35.29606]]],"type":"Polygon"},"properties":{"placeId":"a9ba60c","name":"Shepham","type":"settlement","landOrWater":"land","proposed":false,"role":"ga6d7f9.geometry"}},{"type":"Feature","geometry":{"coordinates":[[[[34.60692,31.42972],[34.60692,31.41593],[34.62305,31.40215],[34.70368,31.34701],[34.73593,31.33322],[34.75206,31.33322],[34.84881,31.34701],[34.86494,31.36079],[34.88106,31.37458],[34.92944,31.4435],[34.97782,31.59513],[35.01007,31.71919],[35.04232,31.84325],[35.04232,31.85704],[35.01007,31.92596],[34.97782,31.99489],[34.92944,31.95353],[34.91332,31.92596],[34.89719,31.89839],[34.63917,31.48486],[34.60692,31.42972]]],[[[34.75206,31.60892],[34.70368,31.42972],[34.70368,31.41593],[34.7198,31.34701],[34.73593,31.34701],[34.75206,31.34701],[34.76818,31.34701],[34.83269,31.34701],[34.86494,31.37458],[34.96169,31.55378],[34.97782,31.60892],[35.0262,31.78812],[35.0262,31.8019],[35.0262,31.81569],[35.0262,31.82947],[35.0262,31.84325],[35.0262,31.85704],[35.0262,31.87082],[34.99395,31.92596],[34.97782,31.92596],[34.96169,31.92596],[34.94557,31.92596],[34.91332,31.88461],[34.88106,31.84325],[34.86494,31.81569],[34.75206,31.60892]]],[[[34.70368,31.42972],[34.73593,31.34701],[34.75206,31.34701],[34.81656,31.37458],[34.88106,31.45729],[34.92944,31.52621],[34.94557,31.56756],[34.96169,31.60892],[35.01007,31.73298],[35.0262,31.82947],[35.0262,31.84325],[35.0262,31.85704],[34.99395,31.91218],[34.92944,31.89839],[34.86494,31.8019],[34.76818,31.60892],[34.70368,31.42972]]],[[[34.7198,31.47107],[34.7198,31.41593],[34.76818,31.37458],[34.80043,31.40215],[34.88106,31.47107],[34.92944,31.52621],[34.94557,31.56756],[34.97782,31.66406],[34.99395,31.71919],[35.01007,31.77433],[35.0262,31.82947],[35.0262,31.84325],[34.99395,31.88461],[34.92944,31.89839],[34.84881,31.76055],[34.78431,31.6227],[34.7198,31.47107]]],[[[34.88106,31.8019],[34.81656,31.67784],[34.78431,31.60892],[34.76818,31.56756],[34.75206,31.52621],[34.75206,31.51242],[34.75206,31.49864],[34.75206,31.47107],[34.80043,31.4435],[34.84881,31.47107],[34.88106,31.49864],[34.89719,31.51242],[34.94557,31.58135],[34.97782,31.66406],[35.01007,31.78812],[35.01007,31.8019],[35.01007,31.81569],[35.01007,31.82947],[34.97782,31.87082],[34.96169,31.87082],[34.94557,31.87082],[34.92944,31.87082],[34.88106,31.8019]]],[[[34.96169,31.87082],[34.92944,31.85704],[34.91332,31.84325],[34.88106,31.8019],[34.78431,31.60892],[34.76818,31.56756],[34.76818,31.55378],[34.76818,31.53999],[34.76818,31.52621],[34.76818,31.51242],[34.76818,31.49864],[34.78431,31.45729],[34.86494,31.49864],[34.88106,31.51242],[34.91332,31.53999],[34.94557,31.58135],[34.97782,31.71919],[34.99395,31.82947],[34.97782,31.87082],[34.96169,31.87082]]],[[[34.92944,31.85704],[34.91332,31.82947],[34.89719,31.8019],[34.83269,31.69162],[34.81656,31.66406],[34.80043,31.63649],[34.78431,31.59513],[34.76818,31.52621],[34.76818,31.51242],[34.76818,31.49864],[34.86494,31.49864],[34.91332,31.55378],[34.92944,31.58135],[34.94557,31.6227],[34.96169,31.67784],[34.97782,31.77433],[34.97782,31.78812],[34.97782,31.8019],[34.97782,31.81569],[34.97782,31.82947],[34.92944,31.85704]]],[[[34.80043,31.59513],[34.78431,31.53999],[34.86494,31.51242],[34.89719,31.53999],[34.91332,31.55378],[34.92944,31.58135],[34.94557,31.65027],[34.97782,31.78812],[34.97782,31.8019],[34.97782,31.81569],[34.97782,31.82947],[34.94557,31.84325],[34.92944,31.84325],[34.91332,31.82947],[34.83269,31.69162],[34.80043,31.59513]]],[[[34.91332,31.56756],[34.92944,31.59513],[34.96169,31.73298],[34.97782,31.8019],[34.96169,31.81569],[34.92944,31.82947],[34.89719,31.77433],[34.84881,31.69162],[34.83269,31.66406],[34.83269,31.65027],[34.83269,31.58135],[34.84881,31.53999],[34.86494,31.53999],[34.88106,31.53999],[34.89719,31.55378],[34.91332,31.56756]]]],"type":"MultiPolygon"},"properties":{"placeId":"af084cf","name":"Shephelah","type":"region","landOrWater":"land","proposed":false,"role":"g9764d8.isobands"}},{"type":"Feature","geometry":{"coordinates":[[31.26686,29.897558],[31.592265,30.310486],[31.576991,30.628665],[31.82892,30.805284],[32.562827,31.083443]],"type":"LineString"},"properties":{"placeId":"a305f43","name":"Shihor 1","type":"river","landOrWater":"water","proposed":true,"role":"gaff0f6.geometry"}},{"type":"Feature","geometry":{"coordinates":[[31.26686,29.897558],[31.592265,30.310486],[31.576991,30.628665],[31.82892,30.805284],[32.562827,31.083443]],"type":"LineString"},"properties":{"placeId":"a475518","name":"Shihor 2","type":"river","landOrWater":"water","proposed":true,"role":"gaff0f6.geometry"}},{"type":"Feature","geometry":{"coordinates":[[[[43.05808,34.00047],[40.85894,33.59109],[43.21516,31.54421],[43.37224,31.40775],[46.35679,30.45254],[46.82804,30.31608],[47.77052,30.72546],[48.87009,31.54421],[48.87009,31.68067],[48.87009,31.81713],[46.82804,34.00047],[46.67095,34.00047],[46.51387,34.00047],[46.35679,34.00047],[46.19971,34.00047],[46.04263,34.00047],[45.88555,34.00047],[45.72847,34.00047],[45.57138,34.00047],[45.4143,34.00047],[45.25722,34.00047],[45.10014,34.00047],[44.94306,34.00047],[44.78598,34.00047],[44.62889,34.00047],[44.47181,34.00047],[44.31473,34.00047],[44.15765,34.00047],[44.00057,34.00047],[43.84349,34.00047],[43.68641,34.00047],[43.52932,34.00047],[43.37224,34.00047],[43.21516,34.00047],[43.05808,34.00047]]],[[[43.21516,33.86401],[43.05808,33.86401],[42.74392,32.2265],[43.21516,31.54421],[44.00057,31.40775],[46.98512,30.99837],[47.1422,31.13483],[47.61344,31.54421],[47.61344,31.68067],[47.61344,31.81713],[46.82804,33.31817],[43.52932,33.86401],[43.37224,33.86401],[43.21516,33.86401]]],[[[43.21516,33.86401],[43.05808,33.59109],[43.21516,31.81713],[43.68641,31.54421],[45.10014,31.27129],[46.98512,31.13483],[47.1422,31.13483],[47.1422,31.54421],[47.1422,31.81713],[46.98512,32.2265],[46.51387,33.31817],[43.21516,33.86401]]],[[[43.52932,33.72755],[43.37224,33.72755],[43.21516,33.72755],[43.21516,32.2265],[43.21516,32.09004],[43.21516,31.95358],[43.37224,31.81713],[43.68641,31.54421],[46.98512,31.27129],[47.1422,31.54421],[46.82804,32.2265],[45.72847,33.18171],[45.4143,33.31817],[43.52932,33.72755]]],[[[46.82804,32.09004],[46.51387,32.36296],[46.04263,32.77234],[45.88555,32.9088],[45.57138,33.04525],[45.10014,33.18171],[44.62889,33.31817],[44.15765,33.45463],[44.00057,33.45463],[43.84349,33.45463],[43.68641,33.45463],[43.21516,32.09004],[43.37224,31.81713],[43.68641,31.68067],[44.31473,31.54421],[44.62889,31.54421],[44.78598,31.54421],[44.94306,31.54421],[45.57138,31.54421],[45.72847,31.54421],[45.88555,31.54421],[46.04263,31.54421],[46.19971,31.54421],[46.35679,31.54421],[46.51387,31.54421],[46.67095,31.54421],[46.82804,31.54421],[46.98512,31.54421],[46.98512,31.68067],[46.82804,32.09004]]],[[[45.88555,31.54421],[46.04263,31.54421],[46.19971,31.54421],[46.35679,31.54421],[46.51387,31.54421],[46.67095,31.54421],[46.82804,31.54421],[46.82804,31.68067],[46.82804,31.81713],[46.82804,31.95358],[46.67095,32.09004],[46.35679,32.36296],[46.04263,32.63588],[45.72847,32.9088],[44.94306,33.18171],[44.15765,33.45463],[44.00057,33.45463],[43.84349,33.45463],[43.68641,32.09004],[43.68641,31.95358],[43.68641,31.81713],[44.00057,31.68067],[44.62889,31.54421],[44.78598,31.54421],[45.88555,31.54421]]],[[[43.84349,32.09004],[43.68641,31.81713],[46.35679,31.54421],[46.51387,31.54421],[46.67095,31.54421],[46.82804,31.54421],[46.82804,31.81713],[46.67095,32.09004],[45.57138,32.9088],[45.25722,33.04525],[44.94306,33.18171],[44.78598,33.18171],[44.62889,33.04525],[43.84349,32.09004]]],[[[44.78598,33.04525],[44.00057,32.09004],[43.84349,31.81713],[46.51387,31.54421],[46.67095,31.54421],[46.82804,31.54421],[46.67095,32.09004],[44.94306,33.04525],[44.78598,33.04525]]],[[[44.15765,32.09004],[44.47181,31.81713],[46.67095,31.54421],[46.67095,31.68067],[46.67095,32.09004],[45.57138,32.36296],[45.4143,32.36296],[44.78598,32.2265],[44.15765,32.09004]]]],"type":"MultiPolygon"},"properties":{"placeId":"af725b1","name":"Shinar","type":"region","landOrWater":"land","proposed":false,"role":"g523915.isobands"}},{"type":"Feature","geometry":{"coordinates":[[[47.4421,31.90362],[47.33138,31.89865],[47.22191,31.88378],[47.11491,31.85919],[47.0116,31.82516],[46.91314,31.78206],[46.82061,31.73038],[46.73505,31.6707],[46.65741,31.60369],[46.58852,31.5301],[46.52914,31.45075],[46.47991,31.36652],[46.44133,31.27835],[46.41381,31.18721],[46.39762,31.0941],[46.39291,31.00006],[46.39968,30.90611],[46.41784,30.81328],[46.44715,30.72258],[46.48726,30.635],[46.53771,30.55149],[46.59793,30.47295],[46.66725,30.40022],[46.7449,30.3341],[46.83003,30.27529],[46.92171,30.22442],[47.01896,30.18204],[47.12073,30.1486],[47.22593,30.12445],[47.33344,30.10986],[47.4421,30.10498],[47.55076,30.10986],[47.65827,30.12445],[47.76347,30.1486],[47.86524,30.18204],[47.96249,30.22442],[48.05417,30.27529],[48.1393,30.3341],[48.21695,30.40022],[48.28627,30.47295],[48.34649,30.55149],[48.39694,30.635],[48.43705,30.72258],[48.46636,30.81328],[48.48452,30.90611],[48.49129,31.00006],[48.48658,31.0941],[48.47039,31.18721],[48.44287,31.27835],[48.40429,31.36652],[48.35506,31.45075],[48.29568,31.5301],[48.22679,31.60369],[48.14915,31.6707],[48.06359,31.73038],[47.97106,31.78206],[47.8726,31.82516],[47.76929,31.85919],[47.66229,31.88378],[47.55282,31.89865],[47.4421,31.90362]]],"type":"Polygon"},"properties":{"placeId":"aa3bc1e","name":"Shoa","type":"people group","landOrWater":"land","proposed":false,"role":"g50e9e7.geometry"}},{"type":"Feature","geometry":{"coordinates":[[[35.30028,32.04438],[35.28919,32.04388],[35.27822,32.04241],[35.26749,32.03997],[35.25713,32.03659],[35.24724,32.03232],[35.23793,32.02719],[35.2293,32.02126],[35.22146,32.0146],[35.21448,32.00728],[35.20844,31.99938],[35.20341,31.99099],[35.19944,31.98219],[35.19658,31.9731],[35.19485,31.9638],[35.19428,31.9544],[35.19488,31.945],[35.19662,31.9357],[35.1995,31.92661],[35.20349,31.91783],[35.20853,31.90944],[35.21458,31.90155],[35.22156,31.89424],[35.22941,31.88759],[35.23803,31.88167],[35.24733,31.87655],[35.25721,31.87228],[35.26755,31.86891],[35.27826,31.86648],[35.28921,31.865],[35.30028,31.86451],[35.31135,31.865],[35.32229,31.86648],[35.333,31.86891],[35.34335,31.87228],[35.35323,31.87655],[35.36253,31.88167],[35.37115,31.88759],[35.37899,31.89424],[35.38598,31.90155],[35.39203,31.90944],[35.39707,31.91783],[35.40105,31.92661],[35.40393,31.9357],[35.40568,31.945],[35.40627,31.9544],[35.4057,31.9638],[35.40398,31.9731],[35.40111,31.98219],[35.39715,31.99099],[35.39212,31.99938],[35.38608,32.00728],[35.3791,32.0146],[35.37125,32.02126],[35.36263,32.02719],[35.35332,32.03232],[35.34343,32.03659],[35.33306,32.03997],[35.32234,32.04241],[35.31137,32.04388],[35.30028,32.04438]]],"type":"Polygon"},"properties":{"placeId":"ad16b1e","name":"Shual","type":"region","landOrWater":"land","proposed":true,"role":"geb09fe.geometry"}},{"type":"Feature","geometry":{"coordinates":[[[[32.71864,29.93733],[32.80992,29.89769],[32.94683,29.89769],[32.99246,29.89769],[33.67701,30.25447],[33.85955,30.3734],[33.90519,30.41304],[33.90519,30.45268],[33.90519,30.49232],[33.90519,30.53196],[33.90519,30.57161],[33.90519,30.61125],[33.90519,30.65089],[33.90519,30.69053],[33.90519,30.73017],[33.90519,30.76982],[33.90519,30.88874],[33.67701,30.96803],[33.40319,30.96803],[33.35755,30.96803],[33.31192,30.96803],[32.80992,30.92838],[32.62737,30.76982],[32.58173,30.41304],[32.71864,29.93733]]],[[[32.71864,30.17519],[32.80992,30.01662],[32.85555,29.97698],[32.90119,29.97698],[32.99246,30.01662],[33.67701,30.3734],[33.72264,30.88874],[33.44883,30.92838],[33.40319,30.92838],[33.35755,30.92838],[33.31192,30.92838],[33.26628,30.92838],[33.22064,30.92838],[33.17501,30.92838],[33.12937,30.92838],[33.08373,30.92838],[33.0381,30.92838],[32.99246,30.92838],[32.94683,30.92838],[32.90119,30.92838],[32.76428,30.76982],[32.62737,30.45268],[32.62737,30.41304],[32.62737,30.3734],[32.71864,30.17519]]],[[[32.85555,29.97698],[32.94683,30.01662],[33.5401,30.3734],[33.58573,30.88874],[33.40319,30.92838],[33.35755,30.92838],[33.31192,30.92838],[33.26628,30.92838],[33.17501,30.92838],[33.12937,30.92838],[32.94683,30.88874],[32.80992,30.76982],[32.62737,30.45268],[32.67301,30.33375],[32.80992,30.01662],[32.85555,29.97698]]],[[[33.40319,30.88874],[33.35755,30.88874],[33.31192,30.88874],[33.26628,30.88874],[33.22064,30.88874],[33.17501,30.88874],[33.12937,30.88874],[33.08373,30.88874],[32.99246,30.8491],[32.90119,30.80946],[32.67301,30.45268],[32.67301,30.41304],[32.67301,30.3734],[32.90119,30.01662],[33.40319,30.3734],[33.44883,30.41304],[33.49446,30.45268],[33.49446,30.49232],[33.49446,30.53196],[33.49446,30.76982],[33.49446,30.80946],[33.49446,30.8491],[33.40319,30.88874]]],[[[32.67301,30.3734],[32.85555,30.17519],[32.90119,30.17519],[32.94683,30.17519],[32.99246,30.17519],[33.40319,30.41304],[33.44883,30.45268],[33.49446,30.53196],[33.49446,30.76982],[33.49446,30.8491],[33.40319,30.88874],[33.35755,30.88874],[33.17501,30.88874],[33.12937,30.88874],[32.90119,30.80946],[32.67301,30.45268],[32.67301,30.41304],[32.67301,30.3734]]],[[[32.67301,30.3734],[32.71864,30.33375],[32.94683,30.25447],[33.35755,30.41304],[33.40319,30.45268],[33.44883,30.53196],[33.44883,30.76982],[33.44883,30.80946],[33.22064,30.8491],[33.17501,30.8491],[33.12937,30.8491],[33.08373,30.8491],[33.0381,30.8491],[32.94683,30.80946],[32.90119,30.76982],[32.71864,30.49232],[32.67301,30.41304],[32.67301,30.3734]]],[[[32.71864,30.45268],[32.71864,30.41304],[32.71864,30.3734],[32.80992,30.3734],[32.85555,30.3734],[33.08373,30.3734],[33.12937,30.3734],[33.35755,30.45268],[33.40319,30.53196],[33.44883,30.76982],[33.40319,30.80946],[33.12937,30.8491],[33.08373,30.8491],[33.0381,30.8491],[32.90119,30.76982],[32.71864,30.45268]]],[[[32.76428,30.45268],[32.76428,30.41304],[32.85555,30.3734],[33.17501,30.41304],[33.40319,30.53196],[33.40319,30.73017],[33.40319,30.76982],[33.35755,30.80946],[33.22064,30.80946],[33.17501,30.80946],[33.12937,30.80946],[33.08373,30.80946],[33.0381,30.80946],[32.99246,30.80946],[32.94683,30.76982],[32.80992,30.57161],[32.76428,30.45268]]],[[[33.08373,30.80946],[33.0381,30.80946],[32.99246,30.80946],[32.94683,30.76982],[32.80992,30.57161],[32.80992,30.53196],[32.80992,30.49232],[32.80992,30.45268],[32.80992,30.41304],[32.85555,30.41304],[32.90119,30.41304],[33.08373,30.41304],[33.12937,30.41304],[33.22064,30.45268],[33.26628,30.53196],[33.40319,30.76982],[33.17501,30.80946],[33.12937,30.80946],[33.08373,30.80946]]]],"type":"MultiPolygon"},"properties":{"placeId":"acdbce0","name":"Shur","type":"region","landOrWater":"land","proposed":true,"role":"g3d355b.isobands"}},{"type":"Feature","geometry":{"coordinates":[[[36.842998,33.546925],[37.104613,35.134191],[36.502819,35.145589],[36.063758,33.549348],[36.842998,33.546925]]],"type":"Polygon"},"properties":{"placeId":"ab5d319","name":"Sibraim","type":"settlement","landOrWater":"land","proposed":true,"role":"g2611ea.geometry"}},{"type":"Feature","geometry":{"coordinates":[[[33.254746,29.145172],[33.286443,29.055687],[33.426172,29.096001],[33.565995,28.986642],[33.860842,28.905384],[33.89001,28.938002],[33.483343,29.181287],[33.254746,29.145172]]],"type":"Polygon"},"properties":{"placeId":"a0f54e4","name":"Sin","type":"region","landOrWater":"land","proposed":true,"role":"g49e180.geometry"}},{"type":"Feature","geometry":{"coordinates":[[[35.06708,31.67059],[35.03394,31.66911],[35.00117,31.66468],[34.96913,31.65735],[34.93817,31.6472],[34.90864,31.63434],[34.88085,31.61893],[34.85512,31.60112],[34.83172,31.58111],[34.81092,31.55912],[34.79294,31.5354],[34.77798,31.5102],[34.76619,31.48381],[34.75771,31.45651],[34.75262,31.42861],[34.75099,31.4004],[34.75281,31.37221],[34.75808,31.34433],[34.76672,31.31707],[34.77865,31.29073],[34.79373,31.2656],[34.81178,31.24196],[34.83263,31.22005],[34.85602,31.20012],[34.88171,31.18239],[34.90942,31.16705],[34.93885,31.15426],[34.96966,31.14416],[35.00154,31.13687],[35.03413,31.13247],[35.06708,31.131],[35.10002,31.13247],[35.13261,31.13687],[35.16449,31.14416],[35.1953,31.15426],[35.22473,31.16705],[35.25244,31.18239],[35.27813,31.20012],[35.30152,31.22005],[35.32237,31.24196],[35.34042,31.2656],[35.3555,31.29073],[35.36743,31.31707],[35.37607,31.34433],[35.38134,31.37221],[35.38316,31.4004],[35.38153,31.42861],[35.37644,31.45651],[35.36796,31.48381],[35.35617,31.5102],[35.34121,31.5354],[35.32323,31.55912],[35.30243,31.58111],[35.27903,31.60112],[35.2533,31.61893],[35.22551,31.63434],[35.19598,31.6472],[35.16502,31.65735],[35.13298,31.66468],[35.10021,31.66911],[35.06708,31.67059]]],"type":"Polygon"},"properties":{"placeId":"a077262","name":"Siphmoth","type":"settlement","landOrWater":"land","proposed":false,"role":"g87591a.geometry"}},{"type":"Feature","geometry":{"coordinates":[[[34.56583,31.16601],[34.54935,31.16527],[34.53306,31.16306],[34.51712,31.1594],[34.50172,31.15433],[34.48702,31.14791],[34.47319,31.14021],[34.46038,31.13132],[34.44873,31.12132],[34.43836,31.11034],[34.4294,31.09849],[34.42193,31.0859],[34.41604,31.07271],[34.4118,31.05907],[34.40924,31.04512],[34.40841,31.03102],[34.40929,31.01692],[34.41189,31.00297],[34.41618,30.98934],[34.4221,30.97616],[34.42959,30.96359],[34.43858,30.95176],[34.44895,30.94079],[34.4606,30.93082],[34.4734,30.92194],[34.48722,30.91426],[34.50188,30.90786],[34.51725,30.90281],[34.53315,30.89916],[34.5494,30.89695],[34.56583,30.89621],[34.58227,30.89695],[34.59852,30.89916],[34.61442,30.90281],[34.62978,30.90786],[34.64445,30.91426],[34.65826,30.92194],[34.67106,30.93082],[34.68271,30.94079],[34.69309,30.95176],[34.70207,30.96359],[34.70957,30.97616],[34.71549,30.98934],[34.71978,31.00297],[34.72238,31.01692],[34.72326,31.03102],[34.72242,31.04512],[34.71987,31.05907],[34.71562,31.07271],[34.70973,31.0859],[34.70227,31.09849],[34.6933,31.11034],[34.68294,31.12132],[34.67128,31.13132],[34.65847,31.14021],[34.64464,31.14791],[34.62995,31.15433],[34.61455,31.1594],[34.59861,31.16306],[34.58231,31.16527],[34.56583,31.16601]]],"type":"Polygon"},"properties":{"placeId":"aa454f7","name":"Sitnah","type":"well","landOrWater":"water","proposed":true,"role":"g88a716.geometry"}},{"type":"Feature","geometry":{"coordinates":[[[35.408824,31.314783],[35.305248,30.924507],[35.479241,30.90329],[35.546828,31.303317],[35.408824,31.314783]]],"type":"Polygon"},"properties":{"placeId":"a0aa664","name":"Sodom","type":"settlement","landOrWater":"land","proposed":true,"role":"g9db00b.geometry"}},{"type":"Feature","geometry":{"coordinates":[[[[34.30748,30.6446],[34.30748,30.61773],[34.36977,30.53714],[34.86807,30.45654],[34.89922,30.45654],[34.93036,30.4834],[34.96151,30.51027],[35.14837,30.83265],[35.27295,31.07444],[35.27295,31.1013],[35.27295,31.34309],[34.65006,31.36995],[34.4632,31.34309],[34.36977,31.26249],[34.30748,30.6446]]],[[[34.4632,31.26249],[34.40091,31.1819],[34.40091,30.99384],[34.49434,30.83265],[34.71235,30.80579],[34.7435,30.80579],[34.77464,30.80579],[34.80579,30.80579],[34.83693,30.80579],[34.89922,30.80579],[34.99265,30.83265],[35.08608,30.91325],[35.11723,30.94011],[35.14837,31.02071],[35.17952,31.1013],[35.17952,31.23563],[35.17952,31.28936],[34.86807,31.34309],[34.83693,31.34309],[34.80579,31.34309],[34.77464,31.34309],[34.7435,31.34309],[34.71235,31.34309],[34.68121,31.34309],[34.65006,31.34309],[34.61892,31.34309],[34.58778,31.34309],[34.55663,31.34309],[34.52549,31.34309],[34.4632,31.26249]]],[[[34.40091,30.99384],[34.49434,30.83265],[34.52549,30.83265],[34.55663,30.83265],[34.58778,30.83265],[34.61892,30.83265],[34.65006,30.83265],[34.68121,30.83265],[34.71235,30.83265],[34.7435,30.83265],[34.77464,30.83265],[34.80579,30.83265],[34.83693,30.83265],[34.86807,30.83265],[34.89922,30.83265],[34.96151,30.83265],[35.08608,30.91325],[35.11723,30.96698],[35.14837,31.07444],[35.14837,31.1013],[35.14837,31.12817],[35.11723,31.28936],[34.77464,31.34309],[34.7435,31.34309],[34.71235,31.34309],[34.68121,31.34309],[34.65006,31.34309],[34.61892,31.34309],[34.58778,31.31622],[34.49434,31.23563],[34.4632,31.20876],[34.43205,31.1819],[34.40091,30.99384]]],[[[34.49434,30.99384],[34.71235,30.83265],[34.7435,30.83265],[34.77464,30.83265],[34.99265,30.85952],[35.05494,30.91325],[35.08608,30.94011],[35.11723,30.99384],[35.14837,31.07444],[35.14837,31.1013],[35.14837,31.12817],[35.11723,31.26249],[34.89922,31.28936],[34.86807,31.28936],[34.83693,31.28936],[34.80579,31.28936],[34.77464,31.28936],[34.7435,31.28936],[34.71235,31.28936],[34.68121,31.28936],[34.65006,31.28936],[34.61892,31.28936],[34.58778,31.28936],[34.49434,31.20876],[34.4632,31.1819],[34.49434,30.99384]]],[[[34.80579,31.28936],[34.77464,31.28936],[34.7435,31.28936],[34.71235,31.28936],[34.68121,31.28936],[34.65006,31.28936],[34.61892,31.28936],[34.49434,30.99384],[34.71235,30.85952],[34.7435,30.85952],[34.77464,30.85952],[34.96151,30.85952],[35.05494,30.91325],[35.08608,30.99384],[35.11723,31.07444],[35.11723,31.15503],[35.11723,31.1819],[35.11723,31.20876],[35.08608,31.26249],[34.89922,31.28936],[34.86807,31.28936],[34.83693,31.28936],[34.80579,31.28936]]],[[[34.55663,31.04757],[34.55663,30.99384],[34.77464,30.91325],[34.80579,30.91325],[34.83693,30.91325],[34.86807,30.91325],[35.0238,30.99384],[35.11723,31.1819],[34.86807,31.28936],[34.83693,31.28936],[34.80579,31.28936],[34.77464,31.28936],[34.7435,31.28936],[34.71235,31.28936],[34.68121,31.28936],[34.65006,31.28936],[34.61892,31.28936],[34.55663,31.04757]]],[[[34.68121,31.28936],[34.61892,31.28936],[34.58778,31.04757],[34.58778,31.02071],[34.58778,30.99384],[34.77464,30.91325],[34.80579,30.91325],[34.83693,30.91325],[34.93036,30.99384],[34.96151,31.02071],[35.0238,31.07444],[35.08608,31.15503],[35.08608,31.1819],[34.86807,31.28936],[34.68121,31.28936]]],[[[34.61892,31.20876],[34.61892,31.1819],[34.61892,31.07444],[34.61892,31.04757],[34.61892,31.02071],[34.80579,30.91325],[35.0238,31.07444],[35.08608,31.15503],[35.08608,31.1819],[34.99265,31.20876],[34.86807,31.23563],[34.61892,31.20876]]],[[[34.61892,31.20876],[34.61892,31.1819],[34.68121,31.04757],[34.71235,31.02071],[34.77464,30.99384],[34.80579,30.99384],[34.83693,30.99384],[34.99265,31.07444],[34.99265,31.1013],[34.99265,31.15503],[34.99265,31.1819],[34.96151,31.20876],[34.93036,31.20876],[34.89922,31.20876],[34.86807,31.20876],[34.83693,31.20876],[34.80579,31.20876],[34.77464,31.20876],[34.7435,31.20876],[34.71235,31.20876],[34.68121,31.20876],[34.65006,31.20876],[34.61892,31.20876]]]],"type":"MultiPolygon"},"properties":{"placeId":"a2d4170","name":"South 1","type":"region","landOrWater":"land","proposed":false,"role":"gf328fd.isobands"}},{"type":"Feature","geometry":{"coordinates":[[[[43.96851,16.09165],[43.37276,15.94663],[43.22383,15.36655],[43.22383,15.22153],[43.5217,13.91635],[43.96851,13.48129],[44.11744,13.48129],[44.41531,13.48129],[44.56425,13.48129],[44.71318,13.48129],[44.86212,13.48129],[45.01105,13.48129],[46.50041,13.91635],[48.43657,14.93149],[48.73444,15.94663],[48.43657,16.23667],[48.28764,16.23667],[48.1387,16.23667],[47.98976,16.23667],[47.84083,16.23667],[47.69189,16.23667],[47.54296,16.23667],[47.39402,16.23667],[47.24509,16.23667],[47.09615,16.23667],[46.94722,16.23667],[46.79828,16.23667],[46.64934,16.23667],[46.50041,16.23667],[43.96851,16.09165]]],[[[43.37276,14.93149],[43.5217,14.06137],[43.67064,13.91635],[44.26638,13.62631],[44.41531,13.62631],[46.50041,14.06137],[48.28764,14.93149],[48.43657,15.94663],[47.84083,16.09165],[47.69189,16.09165],[47.54296,16.09165],[47.39402,16.09165],[47.24509,16.09165],[47.09615,16.09165],[46.94722,16.09165],[46.79828,16.09165],[46.64934,16.09165],[46.50041,16.09165],[43.5217,15.94663],[43.37276,15.65659],[43.37276,15.51157],[43.37276,15.36655],[43.37276,15.22153],[43.37276,15.07651],[43.37276,14.93149]]],[[[43.37276,15.07651],[43.37276,14.93149],[43.5217,14.49643],[43.67064,14.20639],[43.81957,13.91635],[43.96851,13.91635],[44.11744,13.91635],[44.26638,13.91635],[44.41531,13.91635],[44.56425,13.91635],[44.71318,13.91635],[44.86212,13.91635],[45.01105,13.91635],[45.15999,13.91635],[45.30893,13.91635],[46.50041,14.20639],[47.69189,14.93149],[47.84083,15.07651],[47.84083,15.22153],[47.84083,15.36655],[47.84083,15.51157],[47.84083,15.65659],[47.84083,15.80161],[47.84083,15.94663],[47.69189,15.94663],[47.54296,15.94663],[47.39402,15.94663],[47.24509,15.94663],[47.09615,15.94663],[46.94722,15.94663],[46.79828,15.94663],[46.64934,15.94663],[46.50041,15.94663],[46.35147,15.94663],[46.20254,15.94663],[46.0536,15.94663],[45.90467,15.94663],[45.75573,15.94663],[45.6068,15.94663],[45.45786,15.94663],[45.30893,15.94663],[45.15999,15.94663],[45.01105,15.94663],[44.86212,15.94663],[44.71318,15.94663],[44.56425,15.94663],[44.41531,15.94663],[44.26638,15.94663],[44.11744,15.94663],[43.96851,15.94663],[43.81957,15.94663],[43.67064,15.94663],[43.5217,15.94663],[43.37276,15.65659],[43.37276,15.51157],[43.37276,15.36655],[43.37276,15.22153],[43.37276,15.07651]]],[[[43.5217,14.49643],[43.81957,14.20639],[44.11744,13.91635],[44.26638,13.91635],[44.41531,13.91635],[47.24509,14.93149],[47.24509,15.07651],[47.24509,15.22153],[47.24509,15.36655],[46.35147,15.80161],[45.75573,15.94663],[45.6068,15.94663],[45.45786,15.94663],[45.30893,15.94663],[45.15999,15.94663],[45.01105,15.94663],[44.86212,15.94663],[44.71318,15.94663],[44.11744,15.94663],[43.96851,15.94663],[43.81957,15.94663],[43.5217,15.80161],[43.37276,15.51157],[43.37276,15.36655],[43.37276,15.22153],[43.37276,15.07651],[43.37276,14.93149],[43.5217,14.49643]]],[[[43.81957,15.80161],[43.5217,15.65659],[43.37276,15.36655],[43.37276,15.22153],[43.37276,15.07651],[43.67064,14.49643],[43.96851,14.20639],[44.11744,14.20639],[44.26638,14.20639],[46.50041,14.93149],[46.50041,15.07651],[46.50041,15.22153],[46.50041,15.36655],[46.20254,15.65659],[46.0536,15.80161],[45.90467,15.80161],[45.75573,15.80161],[45.6068,15.80161],[45.45786,15.80161],[45.30893,15.80161],[45.15999,15.80161],[45.01105,15.80161],[44.86212,15.80161],[44.71318,15.80161],[44.26638,15.80161],[44.11744,15.80161],[43.96851,15.80161],[43.81957,15.80161]]],[[[43.5217,14.93149],[43.81957,14.49643],[43.96851,14.49643],[44.11744,14.49643],[44.26638,14.49643],[46.35147,14.93149],[46.35147,15.07651],[46.35147,15.22153],[46.35147,15.36655],[46.0536,15.65659],[45.75573,15.80161],[45.6068,15.80161],[45.45786,15.80161],[45.30893,15.80161],[43.67064,15.65659],[43.5217,15.51157],[43.37276,15.36655],[43.5217,14.93149]]],[[[43.81957,15.65659],[43.5217,15.51157],[43.5217,15.36655],[43.5217,15.22153],[43.5217,15.07651],[43.5217,14.93149],[43.81957,14.49643],[43.96851,14.49643],[44.11744,14.49643],[46.20254,14.93149],[46.20254,15.07651],[46.20254,15.22153],[46.20254,15.36655],[45.15999,15.51157],[44.26638,15.65659],[44.11744,15.65659],[43.96851,15.65659],[43.81957,15.65659]]],[[[43.81957,15.51157],[43.67064,15.51157],[43.5217,15.36655],[43.5217,15.22153],[43.5217,15.07651],[43.67064,14.93149],[43.81957,14.78647],[43.96851,14.78647],[44.11744,14.78647],[44.71318,14.78647],[44.86212,14.78647],[46.0536,14.93149],[46.0536,15.07651],[46.0536,15.22153],[46.0536,15.36655],[44.41531,15.51157],[44.26638,15.51157],[44.11744,15.51157],[43.96851,15.51157],[43.81957,15.51157]]],[[[43.81957,15.51157],[43.67064,15.36655],[43.5217,15.07651],[43.67064,14.93149],[43.81957,14.93149],[43.96851,14.93149],[44.11744,14.93149],[44.26638,14.93149],[44.41531,14.93149],[44.56425,14.93149],[44.71318,14.93149],[44.86212,14.93149],[45.01105,14.93149],[45.15999,14.93149],[45.30893,14.93149],[45.45786,14.93149],[45.6068,14.93149],[45.75573,14.93149],[45.75573,15.07651],[45.15999,15.36655],[43.81957,15.51157]]]],"type":"MultiPolygon"},"properties":{"placeId":"a422f1c","name":"South 2","type":"region","landOrWater":"land","proposed":false,"role":"g718940.isobands"}},{"type":"Feature","geometry":{"coordinates":[[[34.759119,30.951767],[34.245563,31.486923],[33.597806,31.246292],[31.955746,31.608568],[31.036461,31.68],[30.22332,31.559695],[29.165015,30.948079],[27.86803,31.348749],[25.933921,31.764756],[23.400281,32.432239],[23.22827,32.792654],[21.612046,33.076284],[20.113931,32.642361],[19.735522,31.874133],[19.879151,30.860927],[28.326508,24.036595],[35.934553,23.787459],[34.065666,27.647518],[33.024104,28.646454],[32.534101,29.991446],[34.643027,30.242631],[34.759119,30.951767]]],"type":"Polygon"},"properties":{"placeId":"a1c0469","name":"South 3","type":"region","landOrWater":"land","proposed":false,"role":"gd70643.geometry"}},{"type":"Feature","geometry":{"coordinates":[[[-1.927994,43.341489],[-3.510451,43.663214],[-7.984571,43.909061],[-9.592818,43.166065],[-8.865002,41.04423],[-9.805025,38.672948],[-9.02412,38.356384],[-9.233945,36.894223],[-7.855718,36.6784],[-7.323612,37.05308],[-6.792985,36.894482],[-5.997221,35.915235],[-5.63588,35.930215],[-5.314237,35.989189],[-4.261698,36.51723],[-2.034662,36.499076],[-1.403817,37.232246],[-0.504093,37.444006],[0.362429,38.74489],[-0.027561,39.330489],[1.238274,40.847495],[3.364906,41.814738],[3.441922,42.317559],[0.236568,42.641819],[-1.927994,43.341489]]],"type":"Polygon"},"properties":{"placeId":"a3f0f69","name":"Spain","type":"region","landOrWater":"land","proposed":false,"role":"g504a8f.geometry"}},{"type":"Feature","geometry":{"coordinates":[[36.301562,33.508393],[36.302004,33.508428],[36.30252,33.508463],[36.302987,33.508506],[36.30302,33.508509],[36.303174,33.508521],[36.303507,33.508552],[36.304073,33.508588],[36.304495,33.508624],[36.305285,33.508684],[36.305628,33.508707],[36.306058,33.50874],[36.30639,33.508766],[36.30673,33.508815],[36.306993,33.508832],[36.307559,33.508888],[36.308919,33.509006],[36.309058,33.509024],[36.310119,33.509115],[36.31071,33.509157],[36.310976,33.509203],[36.311012,33.509209],[36.311032,33.509212],[36.311179,33.509236],[36.311284,33.509237],[36.311666,33.509187],[36.31213,33.509199],[36.312747,33.509239],[36.31424,33.509337],[36.314746,33.509372],[36.316006,33.509434],[36.316482,33.509453],[36.317011,33.509485],[36.317674,33.50952],[36.317936,33.509505],[36.317991,33.508848],[36.318003,33.50871]],"type":"LineString"},"properties":{"placeId":"af23dbb","name":"Straight Street","type":"road","landOrWater":"land","proposed":false,"role":"gbe0d9c.geometry"}},{"type":"Feature","geometry":{"coordinates":[[[34.552797,27.912175],[34.502442,27.945285],[34.49441,28.000801],[34.515766,28.014194],[34.539307,28.012414],[34.551573,27.993272],[34.514608,27.983488],[34.502978,27.992615],[34.503207,27.980988],[34.531709,27.964444],[34.584935,27.966513],[34.624345,28.024018],[34.613733,28.03915],[34.622263,28.047342],[34.604131,28.06187],[34.609604,28.095631],[34.596959,28.100619],[34.575455,28.086369],[34.574392,28.108647],[34.632731,28.174941],[34.658738,28.164709],[34.645581,28.188397],[34.667213,28.207426],[34.673818,28.25853],[34.685895,28.269184],[34.67642,28.266986],[34.722914,28.348969],[34.763134,28.460335],[34.805453,28.523198],[34.792206,28.577488],[34.797524,28.613072],[34.775127,28.662128],[34.834364,28.81158],[34.828566,28.831644],[34.840086,28.867719],[34.821524,28.883916],[34.843352,28.936854],[34.844849,28.971808],[34.861198,28.994728],[34.847166,29.028097],[34.872501,29.069921],[34.881281,29.142318],[34.892396,29.149362],[34.895995,29.185827],[34.916129,29.204827],[34.909534,29.220608],[34.941133,29.240726],[34.928579,29.290532],[34.951523,29.30224],[34.947843,29.339896],[34.966345,29.359573],[34.958446,29.36608],[34.963955,29.397419],[34.979647,29.408449],[34.96751,29.446552],[35.000698,29.526343],[34.971128,29.551893],[34.96103,29.547827],[34.966094,29.553415],[34.913712,29.498437],[34.859354,29.472556],[34.852546,29.44567],[34.827942,29.431653],[34.832762,29.422944],[34.809092,29.40024],[34.80343,29.376257],[34.786532,29.37088],[34.778359,29.340392],[34.742015,29.312124],[34.738566,29.209568],[34.717913,29.172417],[34.692086,29.16261],[34.66377,29.045236],[34.684653,29.012738],[34.686614,28.983528],[34.653027,28.969886],[34.639407,28.949959],[34.647929,28.862631],[34.621155,28.839357],[34.626951,28.730838],[34.575396,28.652977],[34.575254,28.623968],[34.5519,28.61123],[34.543652,28.57926],[34.51894,28.553019],[34.511904,28.477566],[34.485851,28.477248],[34.456132,28.434711],[34.4412,28.359326],[34.409443,28.320438],[34.416282,28.207859],[34.426711,28.207554],[34.423285,28.199104],[34.449188,28.17233],[34.427105,28.082609],[34.442329,28.026045],[34.427081,27.974472],[34.384807,27.951732],[34.366731,27.916448],[34.347942,27.910287],[34.552797,27.912175]]],"type":"Polygon"},"properties":{"placeId":"af725bb","name":"Suph","type":"body of water","landOrWater":"water","proposed":true,"role":"g07ed9a.simplified"}},{"type":"Feature","geometry":{"coordinates":[[[47.4421,31.90362],[47.33138,31.89865],[47.22191,31.88378],[47.11491,31.85919],[47.0116,31.82516],[46.91314,31.78206],[46.82061,31.73038],[46.73505,31.6707],[46.65741,31.60369],[46.58852,31.5301],[46.52914,31.45075],[46.47991,31.36652],[46.44133,31.27835],[46.41381,31.18721],[46.39762,31.0941],[46.39291,31.00006],[46.39968,30.90611],[46.41784,30.81328],[46.44715,30.72258],[46.48726,30.635],[46.53771,30.55149],[46.59793,30.47295],[46.66725,30.40022],[46.7449,30.3341],[46.83003,30.27529],[46.92171,30.22442],[47.01896,30.18204],[47.12073,30.1486],[47.22593,30.12445],[47.33344,30.10986],[47.4421,30.10498],[47.55076,30.10986],[47.65827,30.12445],[47.76347,30.1486],[47.86524,30.18204],[47.96249,30.22442],[48.05417,30.27529],[48.1393,30.3341],[48.21695,30.40022],[48.28627,30.47295],[48.34649,30.55149],[48.39694,30.635],[48.43705,30.72258],[48.46636,30.81328],[48.48452,30.90611],[48.49129,31.00006],[48.48658,31.0941],[48.47039,31.18721],[48.44287,31.27835],[48.40429,31.36652],[48.35506,31.45075],[48.29568,31.5301],[48.22679,31.60369],[48.14915,31.6707],[48.06359,31.73038],[47.97106,31.78206],[47.8726,31.82516],[47.76929,31.85919],[47.66229,31.88378],[47.55282,31.89865],[47.4421,31.90362]]],"type":"Polygon"},"properties":{"placeId":"abef753","name":"Sutu","type":"people group","landOrWater":"land","proposed":false,"role":"g50e9e7.geometry"}},{"type":"Feature","geometry":{"coordinates":[[[[36.07666,32.1919],[36.40546,32.12227],[36.81647,32.47043],[36.89868,32.54006],[37.14528,32.88821],[37.8029,34.00232],[37.8851,34.21121],[37.8851,34.28084],[37.14528,34.69863],[37.06308,34.69863],[36.98088,34.69863],[35.99445,34.21121],[35.83005,33.86306],[35.74785,33.65416],[35.66565,33.44527],[35.58344,32.67932],[36.07666,32.1919]]],[[[35.99445,34.14158],[35.91225,34.00232],[35.74785,33.65416],[35.66565,33.44527],[35.58344,32.67932],[36.07666,32.1919],[36.15886,32.1919],[36.24106,32.1919],[36.32326,32.1919],[36.40546,32.1919],[36.89868,32.54006],[37.8851,34.21121],[37.8851,34.28084],[37.8029,34.28084],[37.72069,34.28084],[35.99445,34.14158]]],[[[35.66565,33.37564],[35.66565,33.09711],[35.66565,33.02748],[35.66565,32.95785],[35.66565,32.88821],[35.66565,32.81858],[35.66565,32.74895],[36.07666,32.1919],[36.15886,32.1919],[36.32326,32.26153],[36.48767,32.33116],[36.81647,32.60969],[36.89868,32.67932],[37.14528,33.5149],[37.14528,33.58453],[37.14528,33.65416],[37.14528,33.72379],[37.14528,33.79342],[36.89868,34.00232],[36.81647,34.00232],[36.73427,34.00232],[36.65207,34.00232],[36.56987,34.00232],[36.48767,34.00232],[36.15886,33.93269],[35.83005,33.72379],[35.74785,33.65416],[35.66565,33.37564]]],[[[36.24106,33.79342],[35.99445,33.72379],[35.83005,33.65416],[35.74785,33.58453],[35.66565,33.02748],[35.66565,32.95785],[35.66565,32.88821],[35.66565,32.81858],[35.66565,32.74895],[36.07666,32.1919],[36.15886,32.26153],[36.24106,32.33116],[36.32326,32.40079],[36.89868,33.09711],[36.98088,33.37564],[36.89868,33.72379],[36.48767,33.79342],[36.40546,33.79342],[36.32326,33.79342],[36.24106,33.79342]]],[[[36.15886,33.72379],[35.99445,33.65416],[35.91225,33.5149],[35.66565,32.88821],[35.74785,32.81858],[36.40546,32.74895],[36.48767,32.81858],[36.56987,32.88821],[36.65207,32.95785],[36.89868,33.23637],[36.89868,33.306],[36.89868,33.37564],[36.89868,33.44527],[36.89868,33.5149],[36.89868,33.58453],[36.48767,33.72379],[36.40546,33.72379],[36.32326,33.72379],[36.24106,33.72379],[36.15886,33.72379]]],[[[36.48767,33.65416],[36.40546,33.65416],[36.32326,33.65416],[36.24106,33.65416],[36.15886,33.65416],[36.07666,33.65416],[35.99445,33.5149],[35.74785,32.95785],[35.83005,32.95785],[35.91225,32.95785],[36.65207,33.23637],[36.81647,33.306],[36.89868,33.37564],[36.89868,33.44527],[36.48767,33.65416]]],[[[35.83005,33.09711],[35.83005,33.02748],[35.91225,32.95785],[36.73427,33.306],[36.73427,33.37564],[36.32326,33.65416],[36.24106,33.65416],[36.15886,33.58453],[36.07666,33.5149],[35.83005,33.09711]]],[[[36.07666,33.5149],[35.99445,33.23637],[35.99445,33.16674],[36.32326,33.37564],[36.40546,33.44527],[36.07666,33.5149]]]],"type":"MultiPolygon"},"properties":{"placeId":"a159fa4","name":"Syria 1","type":"region","landOrWater":"land","proposed":false,"role":"g15edcb.isobands"}},{"type":"Feature","geometry":{"coordinates":[[[34.907114,32.609146],[35.106525,32.738525],[35.348802,33.058042],[35.628878,33.090721],[35.661506,32.867721],[36.014507,32.977926],[36.768294,32.796867],[39.200086,35.861585],[38.838291,35.932055],[38.732104,35.872179],[38.671227,35.858262],[38.149296,36.02877],[38.049572,36.150511],[38.177048,36.272499],[38.27423,36.584494],[37.878477,37.159914],[38.628958,37.593916],[39.063691,37.995499],[38.288066,37.93924],[37.134934,37.533575],[36.692493,37.306031],[36.18674,36.652618],[35.73656,36.331767],[35.960803,36.013739],[35.850667,35.887153],[35.779594,35.862728],[35.820202,35.745349],[35.698373,35.573047],[35.764835,35.486593],[35.899028,35.416249],[35.910862,35.205749],[35.843789,34.885555],[35.970253,34.54345],[35.796768,34.468722],[35.794593,34.414795],[35.71984,34.393728],[35.705333,34.329759],[35.644487,34.329961],[35.60704,34.148045],[35.629133,34.091962],[35.553099,33.917605],[35.432605,33.910744],[35.461497,33.843556],[35.413938,33.706788],[35.2644,33.467296],[35.17255,33.197354],[35.075434,33.098082],[35.038225,32.93385],[35.028692,32.827364],[34.999149,32.85699],[34.932078,32.839611],[34.907114,32.609146]]],"type":"Polygon"},"properties":{"placeId":"a890adf","name":"Syria 2","type":"region","landOrWater":"land","proposed":false,"role":"g841f86.geometry"}},{"type":"Feature","geometry":{"coordinates":[[[15.215798,32.372206],[15.21496,32.36123],[15.231965,32.344731],[15.27168,32.318925],[15.3176,32.212952],[15.356668,32.164102],[15.359667,32.135957],[15.348567,32.076368],[15.359541,31.9657],[15.385089,31.883887],[15.484517,31.675573],[15.526512,31.606995],[15.616085,31.494365],[15.658416,31.450515],[15.735784,31.400594],[15.812895,31.360031],[15.984647,31.289182],[16.129977,31.251562],[16.230878,31.233413],[16.416863,31.215979],[16.596879,31.211434],[16.70008,31.218198],[16.765763,31.210994],[16.883891,31.18064],[17.006738,31.162044],[17.207361,31.107687],[17.248159,31.105295],[17.291878,31.094173],[17.302223,31.083729],[17.391843,31.076556],[17.397391,31.065646],[17.438601,31.047654],[17.455117,31.031151],[17.516399,31.007682],[17.606103,30.985451],[17.720973,30.943351],[17.852441,30.924718],[17.881943,30.895872],[17.88977,30.869663],[17.920175,30.85141],[18.097808,30.802254],[18.175996,30.788912],[18.221806,30.765208],[18.224599,30.754758],[18.293733,30.697413],[18.298114,30.680965],[18.339729,30.647952],[18.367274,30.637908],[18.369121,30.627576],[18.40656,30.598038],[18.514495,30.537922],[18.529742,30.522676],[18.572993,30.513062],[18.569204,30.500917],[18.626228,30.451451],[18.65136,30.438626],[18.648096,30.428876],[18.661148,30.416201],[18.744359,30.387679],[18.791671,30.383389],[18.800058,30.358303],[18.883218,30.32936],[18.952149,30.284415],[19.053238,30.267785],[19.114481,30.272639],[19.158458,30.266802],[19.269004,30.281942],[19.379193,30.317064],[19.570392,30.418087],[19.580259,30.421008],[19.579507,30.414545],[19.592604,30.409551],[19.623194,30.419459],[19.638018,30.437386],[19.680989,30.459522],[19.771867,30.526759],[19.821933,30.58569],[19.920644,30.678401],[19.981423,30.765412],[20.006611,30.786151],[20.062925,30.859822],[20.073301,30.897424],[20.127443,30.980785],[20.165002,31.072741],[20.174697,31.144954],[20.160028,31.210661],[20.085687,31.342432],[20.065442,31.358888],[20.051442,31.360135],[20.029662,31.392132],[20.016829,31.421938],[20.015125,31.463126],[20.007005,31.47567],[19.992552,31.476944],[19.990453,31.516885],[19.966147,31.584637],[19.952927,31.682123],[19.933965,31.710407],[19.923194,31.74454],[19.930983,31.794868],[19.926202,31.825403],[19.953156,31.928611],[19.943098,31.956315],[15.215798,32.372206]]],"type":"Polygon"},"properties":{"placeId":"ad36371","name":"Syrtis","type":"body of water","landOrWater":"water","proposed":false,"role":"g5f9991.simplified"}},{"type":"Feature","geometry":{"coordinates":[[[34.27544,29.23833],[34.22158,29.23585],[34.16831,29.22846],[34.11623,29.21623],[34.06592,29.19929],[34.01794,29.17784],[33.9728,29.15211],[33.93102,29.12239],[33.89304,29.08901],[33.8593,29.05233],[33.83014,29.01277],[33.8059,28.97075],[33.78683,28.92674],[33.77313,28.88123],[33.76495,28.83471],[33.76237,28.7877],[33.76541,28.74071],[33.77403,28.69425],[33.78813,28.64884],[33.80754,28.60497],[33.83206,28.56311],[33.8614,28.52373],[33.89524,28.48725],[33.93322,28.45407],[33.97491,28.42455],[34.01985,28.39901],[34.06757,28.37772],[34.11753,28.36092],[34.16921,28.34879],[34.22204,28.34146],[34.27544,28.33901],[34.32884,28.34146],[34.38167,28.34879],[34.43334,28.36092],[34.48331,28.37772],[34.53103,28.39901],[34.57597,28.42455],[34.61766,28.45407],[34.65563,28.48725],[34.68948,28.52373],[34.71882,28.56311],[34.74334,28.60497],[34.76275,28.64884],[34.77685,28.69425],[34.78547,28.74071],[34.78851,28.7877],[34.78593,28.83471],[34.77775,28.88123],[34.76405,28.92674],[34.74498,28.97075],[34.72074,29.01277],[34.69158,29.05233],[34.65783,29.08901],[34.61986,29.12239],[34.57808,29.15211],[34.53294,29.17784],[34.48495,29.19929],[34.43464,29.21623],[34.38257,29.22846],[34.3293,29.23585],[34.27544,29.23833]]],"type":"Polygon"},"properties":{"placeId":"a028191","name":"Taberah","type":"campsite","landOrWater":"land","proposed":false,"role":"gafc298.geometry"}},{"type":"Feature","geometry":{"coordinates":[[[35.24139,31.94076],[35.23917,31.94067],[35.23698,31.94037],[35.23484,31.93988],[35.23277,31.93921],[35.23079,31.93835],[35.22893,31.93733],[35.22721,31.93614],[35.22564,31.93481],[35.22424,31.93335],[35.22303,31.93177],[35.22203,31.93009],[35.22123,31.92833],[35.22066,31.92652],[35.22031,31.92466],[35.2202,31.92278],[35.22031,31.9209],[35.22066,31.91904],[35.22124,31.91722],[35.22203,31.91546],[35.22304,31.91378],[35.22425,31.9122],[35.22564,31.91074],[35.22721,31.90941],[35.22894,31.90823],[35.2308,31.9072],[35.23277,31.90635],[35.23484,31.90567],[35.23698,31.90518],[35.23917,31.90489],[35.24139,31.90479],[35.2436,31.90489],[35.24579,31.90518],[35.24794,31.90567],[35.25001,31.90635],[35.25198,31.9072],[35.25384,31.90823],[35.25557,31.90941],[35.25714,31.91074],[35.25853,31.9122],[35.25974,31.91378],[35.26075,31.91546],[35.26154,31.91722],[35.26212,31.91904],[35.26246,31.9209],[35.26258,31.92278],[35.26246,31.92466],[35.26212,31.92652],[35.26154,31.92833],[35.26075,31.93009],[35.25974,31.93177],[35.25854,31.93335],[35.25714,31.93481],[35.25557,31.93614],[35.25385,31.93733],[35.25199,31.93835],[35.25001,31.93921],[35.24794,31.93988],[35.2458,31.94037],[35.2436,31.94067],[35.24139,31.94076]]],"type":"Polygon"},"properties":{"placeId":"a8530e9","name":"Tabor 3","type":"tree","landOrWater":"land","proposed":true,"role":"gca0bc2.geometry"}},{"type":"Feature","geometry":{"coordinates":[[[34.41111,31.09022],[34.35623,31.08774],[34.30195,31.08034],[34.24889,31.06811],[34.19763,31.05117],[34.14874,31.02971],[34.10275,31.00397],[34.06019,30.97425],[34.02151,30.94086],[33.98714,30.90417],[33.95745,30.8646],[33.93276,30.82257],[33.91335,30.77856],[33.89941,30.73304],[33.8911,30.68652],[33.88849,30.63951],[33.8916,30.59252],[33.9004,30.54607],[33.91478,30.50066],[33.93457,30.45679],[33.95955,30.41495],[33.98945,30.37557],[34.02392,30.3391],[34.06261,30.30593],[34.10507,30.27641],[34.15084,30.25088],[34.19943,30.2296],[34.25032,30.2128],[34.30294,30.20068],[34.35673,30.19335],[34.41111,30.1909],[34.46549,30.19335],[34.51928,30.20068],[34.5719,30.2128],[34.62279,30.2296],[34.67138,30.25088],[34.71716,30.27641],[34.75962,30.30593],[34.7983,30.3391],[34.83278,30.37557],[34.86267,30.41495],[34.88765,30.45679],[34.90745,30.50066],[34.92182,30.54607],[34.93062,30.59252],[34.93374,30.63951],[34.93113,30.68652],[34.92281,30.73304],[34.90887,30.77856],[34.88946,30.82257],[34.86478,30.8646],[34.83509,30.90417],[34.80071,30.94086],[34.76203,30.97425],[34.71947,31.00397],[34.67349,31.02971],[34.62459,31.05117],[34.57333,31.06811],[34.52027,31.08034],[34.466,31.08774],[34.41111,31.09022]]],"type":"Polygon"},"properties":{"placeId":"abe40d1","name":"Tahath","type":"campsite","landOrWater":"land","proposed":false,"role":"g6605c8.geometry"}},{"type":"Feature","geometry":{"coordinates":[[[45.23083,32.57577],[45.17506,32.5733],[45.1199,32.5659],[45.06598,32.55366],[45.01389,32.53671],[44.96421,32.51525],[44.91749,32.48951],[44.87424,32.45977],[44.83494,32.42638],[44.80003,32.38969],[44.76987,32.35011],[44.7448,32.30808],[44.72509,32.26406],[44.71095,32.21854],[44.70251,32.17202],[44.69988,32.125],[44.70306,32.07801],[44.71201,32.03156],[44.72663,31.98616],[44.74675,31.9423],[44.77214,31.90045],[44.80252,31.86109],[44.83755,31.82462],[44.87684,31.79146],[44.91998,31.76195],[44.96648,31.73642],[45.01584,31.71514],[45.06752,31.69835],[45.12097,31.68623],[45.1756,31.6789],[45.23083,31.67645],[45.28606,31.6789],[45.3407,31.68623],[45.39415,31.69835],[45.44583,31.71514],[45.49519,31.73642],[45.54169,31.76195],[45.58482,31.79146],[45.62412,31.82462],[45.65915,31.86109],[45.68953,31.90045],[45.71492,31.9423],[45.73504,31.98616],[45.74966,32.03156],[45.75861,32.07801],[45.76179,32.125],[45.75915,32.17202],[45.75072,32.21854],[45.73657,32.26406],[45.71686,32.30808],[45.69179,32.35011],[45.66164,32.38969],[45.62672,32.42638],[45.58742,32.45977],[45.54418,32.48951],[45.49746,32.51525],[45.44777,32.53671],[45.39568,32.55366],[45.34176,32.5659],[45.28661,32.5733],[45.23083,32.57577]]],"type":"Polygon"},"properties":{"placeId":"a10147d","name":"Tel-abib","type":"settlement","landOrWater":"land","proposed":true,"role":"g64a5ee.geometry"}},{"type":"Feature","geometry":{"coordinates":[[[45.23083,32.57577],[45.17506,32.5733],[45.1199,32.5659],[45.06598,32.55366],[45.01389,32.53671],[44.96421,32.51525],[44.91749,32.48951],[44.87424,32.45977],[44.83494,32.42638],[44.80003,32.38969],[44.76987,32.35011],[44.7448,32.30808],[44.72509,32.26406],[44.71095,32.21854],[44.70251,32.17202],[44.69988,32.125],[44.70306,32.07801],[44.71201,32.03156],[44.72663,31.98616],[44.74675,31.9423],[44.77214,31.90045],[44.80252,31.86109],[44.83755,31.82462],[44.87684,31.79146],[44.91998,31.76195],[44.96648,31.73642],[45.01584,31.71514],[45.06752,31.69835],[45.12097,31.68623],[45.1756,31.6789],[45.23083,31.67645],[45.28606,31.6789],[45.3407,31.68623],[45.39415,31.69835],[45.44583,31.71514],[45.49519,31.73642],[45.54169,31.76195],[45.58482,31.79146],[45.62412,31.82462],[45.65915,31.86109],[45.68953,31.90045],[45.71492,31.9423],[45.73504,31.98616],[45.74966,32.03156],[45.75861,32.07801],[45.76179,32.125],[45.75915,32.17202],[45.75072,32.21854],[45.73657,32.26406],[45.71686,32.30808],[45.69179,32.35011],[45.66164,32.38969],[45.62672,32.42638],[45.58742,32.45977],[45.54418,32.48951],[45.49746,32.51525],[45.44777,32.53671],[45.39568,32.55366],[45.34176,32.5659],[45.28661,32.5733],[45.23083,32.57577]]],"type":"Polygon"},"properties":{"placeId":"a0c97c0","name":"Tel-harsha","type":"settlement","landOrWater":"land","proposed":false,"role":"g64a5ee.geometry"}},{"type":"Feature","geometry":{"coordinates":[[[45.23083,32.57577],[45.17506,32.5733],[45.1199,32.5659],[45.06598,32.55366],[45.01389,32.53671],[44.96421,32.51525],[44.91749,32.48951],[44.87424,32.45977],[44.83494,32.42638],[44.80003,32.38969],[44.76987,32.35011],[44.7448,32.30808],[44.72509,32.26406],[44.71095,32.21854],[44.70251,32.17202],[44.69988,32.125],[44.70306,32.07801],[44.71201,32.03156],[44.72663,31.98616],[44.74675,31.9423],[44.77214,31.90045],[44.80252,31.86109],[44.83755,31.82462],[44.87684,31.79146],[44.91998,31.76195],[44.96648,31.73642],[45.01584,31.71514],[45.06752,31.69835],[45.12097,31.68623],[45.1756,31.6789],[45.23083,31.67645],[45.28606,31.6789],[45.3407,31.68623],[45.39415,31.69835],[45.44583,31.71514],[45.49519,31.73642],[45.54169,31.76195],[45.58482,31.79146],[45.62412,31.82462],[45.65915,31.86109],[45.68953,31.90045],[45.71492,31.9423],[45.73504,31.98616],[45.74966,32.03156],[45.75861,32.07801],[45.76179,32.125],[45.75915,32.17202],[45.75072,32.21854],[45.73657,32.26406],[45.71686,32.30808],[45.69179,32.35011],[45.66164,32.38969],[45.62672,32.42638],[45.58742,32.45977],[45.54418,32.48951],[45.49746,32.51525],[45.44777,32.53671],[45.39568,32.55366],[45.34176,32.5659],[45.28661,32.5733],[45.23083,32.57577]]],"type":"Polygon"},"properties":{"placeId":"a2b5ee9","name":"Tel-melah","type":"settlement","landOrWater":"land","proposed":true,"role":"g64a5ee.geometry"}},{"type":"Feature","geometry":{"coordinates":[[[35.60392,31.01564],[35.57101,31.01416],[35.53847,31.00973],[35.50665,31.0024],[35.47591,30.99225],[35.44658,30.9794],[35.41898,30.96398],[35.39343,30.94617],[35.37019,30.92616],[35.34953,30.90418],[35.33168,30.88046],[35.31681,30.85526],[35.30511,30.82887],[35.29668,30.80157],[35.29163,30.77367],[35.29,30.74547],[35.29181,30.71727],[35.29704,30.68939],[35.30562,30.66213],[35.31747,30.63579],[35.33244,30.61066],[35.35037,30.58701],[35.37107,30.56511],[35.3943,30.54518],[35.41982,30.52744],[35.44734,30.5121],[35.47656,30.49931],[35.50717,30.48922],[35.53883,30.48193],[35.5712,30.47752],[35.60392,30.47605],[35.63664,30.47752],[35.66901,30.48193],[35.70067,30.48922],[35.73128,30.49931],[35.7605,30.5121],[35.78802,30.52744],[35.81354,30.54518],[35.83677,30.56511],[35.85747,30.58701],[35.8754,30.61066],[35.89037,30.63579],[35.90222,30.66213],[35.9108,30.68939],[35.91603,30.71727],[35.91784,30.74547],[35.91621,30.77367],[35.91116,30.80157],[35.90273,30.82887],[35.89103,30.85526],[35.87616,30.88046],[35.8583,30.90418],[35.83765,30.92616],[35.81441,30.94617],[35.78886,30.96398],[35.76126,30.9794],[35.73193,30.99225],[35.70119,31.0024],[35.66937,31.00973],[35.63682,31.01416],[35.60392,31.01564]]],"type":"Polygon"},"properties":{"placeId":"a831506","name":"Teman","type":"region","landOrWater":"land","proposed":true,"role":"g87ae9f.geometry"}},{"type":"Feature","geometry":{"coordinates":[[[34.41111,31.09022],[34.35623,31.08774],[34.30195,31.08034],[34.24889,31.06811],[34.19763,31.05117],[34.14874,31.02971],[34.10275,31.00397],[34.06019,30.97425],[34.02151,30.94086],[33.98714,30.90417],[33.95745,30.8646],[33.93276,30.82257],[33.91335,30.77856],[33.89941,30.73304],[33.8911,30.68652],[33.88849,30.63951],[33.8916,30.59252],[33.9004,30.54607],[33.91478,30.50066],[33.93457,30.45679],[33.95955,30.41495],[33.98945,30.37557],[34.02392,30.3391],[34.06261,30.30593],[34.10507,30.27641],[34.15084,30.25088],[34.19943,30.2296],[34.25032,30.2128],[34.30294,30.20068],[34.35673,30.19335],[34.41111,30.1909],[34.46549,30.19335],[34.51928,30.20068],[34.5719,30.2128],[34.62279,30.2296],[34.67138,30.25088],[34.71716,30.27641],[34.75962,30.30593],[34.7983,30.3391],[34.83278,30.37557],[34.86267,30.41495],[34.88765,30.45679],[34.90745,30.50066],[34.92182,30.54607],[34.93062,30.59252],[34.93374,30.63951],[34.93113,30.68652],[34.92281,30.73304],[34.90887,30.77856],[34.88946,30.82257],[34.86478,30.8646],[34.83509,30.90417],[34.80071,30.94086],[34.76203,30.97425],[34.71947,31.00397],[34.67349,31.02971],[34.62459,31.05117],[34.57333,31.06811],[34.52027,31.08034],[34.466,31.08774],[34.41111,31.09022]]],"type":"Polygon"},"properties":{"placeId":"a944b90","name":"Terah","type":"campsite","landOrWater":"land","proposed":false,"role":"g6605c8.geometry"}},{"type":"Feature","geometry":{"coordinates":[[[35.459225,33.079162],[35.50477,32.990118],[35.629417,33.031869],[35.604591,33.142043],[35.459225,33.079162]]],"type":"Polygon"},"properties":{"placeId":"aac5280","name":"Thisbe","type":"settlement","landOrWater":"land","proposed":true,"role":"gf4b73b.geometry"}},{"type":"Feature","geometry":{"coordinates":[[[36.447294,34.592226],[36.389896,34.366968],[36.269973,34.189205],[36.065164,34.026544],[36.283093,33.991685],[36.322496,34.140213],[36.727853,34.502468],[36.447294,34.592226]]],"type":"Polygon"},"properties":{"placeId":"a7cdf52","name":"Tibhath","type":"settlement","landOrWater":"land","proposed":true,"role":"gbef0d0.geometry"}},{"type":"Feature","geometry":{"coordinates":[[39.53881,38.47307],[39.6221,38.45823],[39.70029,38.33975],[39.99664,38.37056],[40.173,38.24769],[40.18636,38.16192],[40.13415,38.11487],[40.25671,38.08473],[40.24093,37.8383],[40.62362,37.85049],[40.75523,37.79832],[40.85028,37.83877],[41.23597,37.71856],[41.77458,37.73292],[41.89776,37.5782],[41.83772,37.5199],[41.86563,37.41775],[42.14003,37.38515],[42.2046,37.2804],[42.34066,37.23563],[42.37106,37.0515],[42.44693,36.96308],[42.51539,36.96645],[42.49806,36.84493],[42.88866,36.6848],[42.74793,36.50603],[42.93245,36.49325],[42.99376,36.3988],[43.11411,36.39376],[43.30768,36.13887],[43.36851,35.88744],[43.28724,35.78066],[43.32544,35.70384],[43.24289,35.63821],[43.26224,35.41062],[43.37104,35.34004],[43.35279,35.2798],[43.43071,35.25193],[43.38706,35.20794],[43.57449,35.03533],[43.50816,34.94418],[43.76493,34.51689],[43.8161,34.22348],[43.94614,34.08128],[44.17537,34.06952],[44.22534,33.99563],[44.26639,34.04402],[44.45482,33.92986],[44.38223,33.76319],[44.4369,33.70141],[44.3006,33.5327],[44.33107,33.38745],[44.41558,33.30796],[44.36993,33.26527],[44.45095,33.28473],[44.48643,33.16986],[44.5672,33.13941],[44.57738,33.03115],[44.61205,33.08259],[44.65995,32.99985],[44.73964,33.02689],[44.71403,32.9626],[44.78246,32.99549],[44.7973,32.92103],[44.84051,32.97645],[44.84254,32.92863],[44.99943,32.85658],[45.0721,32.89702],[45.0299,32.85114],[45.09045,32.77621],[45.29675,32.73949],[45.24779,32.68197],[45.34421,32.67961],[45.41904,32.55588],[45.51556,32.58967],[45.52523,32.52008],[45.59926,32.5672],[45.58526,32.53117],[45.6517,32.56133],[45.83862,32.48637],[45.96544,32.60472],[46.14071,32.65608],[46.25329,32.55132],[46.71673,32.45984],[46.76068,32.35022],[46.70322,32.31731],[46.68752,32.19458],[46.73163,32.11354],[46.87358,32.07486],[46.94816,31.87546],[47.14638,31.85445],[47.18909,31.6201],[47.4369,31.38488],[47.44235,31.00471]],"type":"LineString"},"properties":{"placeId":"a38ebfd","name":"Tigris","type":"river","landOrWater":"water","proposed":false,"role":"gb238a8.simplified"}},{"type":"Feature","geometry":{"coordinates":[[[35.13384,31.54435],[35.11729,31.54361],[35.10093,31.54139],[35.08493,31.53773],[35.06947,31.53267],[35.05471,31.52625],[35.04083,31.51855],[35.02796,31.50965],[35.01626,31.49966],[35.00586,31.48868],[34.99686,31.47682],[34.98936,31.46423],[34.98345,31.45105],[34.97919,31.4374],[34.97662,31.42345],[34.97578,31.40935],[34.97667,31.39525],[34.97928,31.38131],[34.98358,31.36767],[34.98953,31.3545],[34.99705,31.34193],[35.00607,31.33009],[35.01649,31.31913],[35.02819,31.30916],[35.04104,31.30028],[35.05491,31.2926],[35.06963,31.2862],[35.08506,31.28114],[35.10102,31.27749],[35.11734,31.27529],[35.13384,31.27455],[35.15034,31.27529],[35.16666,31.27749],[35.18262,31.28114],[35.19804,31.2862],[35.21277,31.2926],[35.22664,31.30028],[35.23949,31.30916],[35.25119,31.31913],[35.2616,31.33009],[35.27062,31.34193],[35.27815,31.3545],[35.2841,31.36767],[35.2884,31.38131],[35.29101,31.39525],[35.2919,31.40935],[35.29106,31.42345],[35.28849,31.4374],[35.28423,31.45105],[35.27832,31.46423],[35.27082,31.47682],[35.26182,31.48868],[35.25141,31.49966],[35.23971,31.50965],[35.22685,31.51855],[35.21297,31.52625],[35.19821,31.53267],[35.18275,31.53773],[35.16675,31.54139],[35.15038,31.54361],[35.13384,31.54435]]],"type":"Polygon"},"properties":{"placeId":"ae3f164","name":"Timnah 2","type":"settlement","landOrWater":"land","proposed":true,"role":"g492b6c.geometry"}},{"type":"Feature","geometry":{"coordinates":[[[35.13384,31.54435],[35.11729,31.54361],[35.10093,31.54139],[35.08493,31.53773],[35.06947,31.53267],[35.05471,31.52625],[35.04083,31.51855],[35.02796,31.50965],[35.01626,31.49966],[35.00586,31.48868],[34.99686,31.47682],[34.98936,31.46423],[34.98345,31.45105],[34.97919,31.4374],[34.97662,31.42345],[34.97578,31.40935],[34.97667,31.39525],[34.97928,31.38131],[34.98358,31.36767],[34.98953,31.3545],[34.99705,31.34193],[35.00607,31.33009],[35.01649,31.31913],[35.02819,31.30916],[35.04104,31.30028],[35.05491,31.2926],[35.06963,31.2862],[35.08506,31.28114],[35.10102,31.27749],[35.11734,31.27529],[35.13384,31.27455],[35.15034,31.27529],[35.16666,31.27749],[35.18262,31.28114],[35.19804,31.2862],[35.21277,31.2926],[35.22664,31.30028],[35.23949,31.30916],[35.25119,31.31913],[35.2616,31.33009],[35.27062,31.34193],[35.27815,31.3545],[35.2841,31.36767],[35.2884,31.38131],[35.29101,31.39525],[35.2919,31.40935],[35.29106,31.42345],[35.28849,31.4374],[35.28423,31.45105],[35.27832,31.46423],[35.27082,31.47682],[35.26182,31.48868],[35.25141,31.49966],[35.23971,31.50965],[35.22685,31.51855],[35.21297,31.52625],[35.19821,31.53267],[35.18275,31.53773],[35.16675,31.54139],[35.15038,31.54361],[35.13384,31.54435]]],"type":"Polygon"},"properties":{"placeId":"a17c178","name":"Timnah 3","type":"settlement","landOrWater":"land","proposed":true,"role":"g492b6c.geometry"}},{"type":"Feature","geometry":{"coordinates":[[[35.459225,33.079162],[35.50477,32.990118],[35.629417,33.031869],[35.604591,33.142043],[35.459225,33.079162]]],"type":"Polygon"},"properties":{"placeId":"a4199a1","name":"Tishbe","type":"settlement","landOrWater":"land","proposed":true,"role":"gf4b73b.geometry"}},{"type":"Feature","geometry":{"coordinates":[[[35.225251,31.770514],[35.227004,31.768727],[35.229032,31.767879],[35.233463,31.767602],[35.233167,31.769886],[35.228634,31.769635],[35.226637,31.771019],[35.225251,31.770514]]],"type":"Polygon"},"properties":{"placeId":"ad81b79","name":"Topheth","type":"altar","landOrWater":"land","proposed":false,"role":"g35f425.geometry"}},{"type":"Feature","geometry":{"coordinates":[[[35.2343,31.78459],[35.23375,31.78457],[35.2332,31.78449],[35.23267,31.78437],[35.23215,31.7842],[35.23166,31.78399],[35.23119,31.78373],[35.23076,31.78344],[35.23037,31.7831],[35.23002,31.78274],[35.22972,31.78234],[35.22947,31.78192],[35.22927,31.78148],[35.22913,31.78103],[35.22904,31.78056],[35.22901,31.78009],[35.22904,31.77962],[35.22913,31.77916],[35.22927,31.7787],[35.22947,31.77826],[35.22972,31.77785],[35.23002,31.77745],[35.23037,31.77709],[35.23076,31.77675],[35.23119,31.77646],[35.23166,31.7762],[35.23215,31.77599],[35.23267,31.77582],[35.2332,31.7757],[35.23375,31.77562],[35.2343,31.7756],[35.23486,31.77562],[35.2354,31.7757],[35.23594,31.77582],[35.23645,31.77599],[35.23695,31.7762],[35.23741,31.77646],[35.23784,31.77675],[35.23823,31.77709],[35.23858,31.77745],[35.23888,31.77785],[35.23914,31.77826],[35.23933,31.7787],[35.23948,31.77916],[35.23956,31.77962],[35.23959,31.78009],[35.23956,31.78056],[35.23948,31.78103],[35.23933,31.78148],[35.23914,31.78192],[35.23888,31.78234],[35.23858,31.78274],[35.23823,31.7831],[35.23784,31.78344],[35.23741,31.78373],[35.23695,31.78399],[35.23645,31.7842],[35.23594,31.78437],[35.2354,31.78449],[35.23486,31.78457],[35.2343,31.78459]]],"type":"Polygon"},"properties":{"placeId":"a50eea4","name":"Tower of the Hundred","type":"structure","landOrWater":"land","proposed":false,"role":"g464579.geometry"}},{"type":"Feature","geometry":{"coordinates":[[[36.250605,32.869893],[36.575677,32.832181],[36.587588,33.024459],[36.481851,33.188236],[36.32172,33.095953],[36.24618,32.987532],[36.250605,32.869893]]],"type":"Polygon"},"properties":{"placeId":"a85a60a","name":"Trachonitis","type":"region","landOrWater":"land","proposed":false,"role":"gb23fb1.geometry"}},{"type":"Feature","geometry":{"coordinates":[[[27.010967,37.663708],[27.003793,37.663084],[27.001609,37.659868],[27.005441,37.653947],[27.01425,37.655934],[27.010967,37.663708]]],"type":"Polygon"},"properties":{"placeId":"a6f61d3","name":"Trogyllium","type":"promontory","landOrWater":"land","proposed":false,"role":"g8d00f0.geometry"}},{"type":"Feature","geometry":{"coordinates":[[[[34.55025,39.0262],[33.84368,38.96362],[33.84368,38.90103],[33.84368,38.83844],[35.02129,37.39895],[35.0998,37.33636],[36.43442,37.21119],[37.06247,37.27377],[37.06247,37.33636],[37.06247,37.39895],[36.82695,38.0874],[36.51292,38.5881],[36.43442,38.71327],[36.35591,38.83844],[34.70726,39.0262],[34.62875,39.0262],[34.55025,39.0262]]],[[[36.2774,38.77586],[36.1989,38.77586],[36.04188,38.77586],[35.96337,38.77586],[35.88487,38.77586],[35.80636,38.77586],[35.72785,38.77586],[35.64935,38.77586],[35.57084,38.77586],[35.49233,38.77586],[35.41382,38.77586],[35.33532,38.77586],[35.25681,38.77586],[35.1783,38.77586],[35.0998,38.77586],[35.02129,38.77586],[35.02129,38.71327],[35.02129,38.65068],[35.02129,38.33775],[35.02129,38.27516],[35.02129,38.21258],[35.0998,37.39895],[36.2774,37.27377],[36.35591,37.27377],[36.43442,37.27377],[36.43442,37.33636],[36.43442,37.39895],[36.35591,38.77586],[36.2774,38.77586]]],[[[35.72785,38.65068],[35.0998,37.52412],[35.1783,37.52412],[35.25681,37.52412],[35.57084,37.58671],[35.72785,37.64929],[35.80636,37.71188],[36.1989,38.21258],[36.04188,38.71327],[35.96337,38.77586],[35.72785,38.65068]]],[[[35.88487,38.65068],[35.80636,38.21258],[36.04188,38.21258],[35.96337,38.65068],[35.88487,38.65068]]]],"type":"MultiPolygon"},"properties":{"placeId":"aaaaead","name":"Tubal","type":"region","landOrWater":"land","proposed":false,"role":"g5e91ea.isobands"}},{"type":"Feature","geometry":{"coordinates":[[48.148612,32.409017],[48.197856,32.400089],[48.235701,32.394195],[48.288085,32.378753],[48.356149,32.354564],[48.435174,32.288621],[48.44059,32.286075],[48.526736,32.238294],[48.634882,32.181673],[48.719176,32.088719],[48.789452,32.010912]],"type":"LineString"},"properties":{"placeId":"a7a7549","name":"Ulai","type":"river","landOrWater":"water","proposed":true,"role":"g323198.geometry"}},{"type":"Feature","geometry":{"coordinates":[[[50.011002,30.088045],[51.274977,27.694685],[51.968945,27.609028],[52.543486,27.20282],[53.574455,26.563513],[54.784824,26.32797],[56.551349,26.977192],[57.236117,25.52583],[59.106793,29.245149],[67.553301,30.971734],[67.40204,33.293338],[63.109926,39.492965],[53.925093,36.989022],[51.826439,36.676968],[50.475233,37.138887],[50.333849,37.458567],[49.23762,37.615969],[49.058806,38.442823],[45.126246,41.165846],[43.314852,41.359638],[41.52824,40.338099],[36.877553,40.513882],[36.556185,41.467699],[35.460059,42.142747],[33.730665,39.348271],[34.945889,38.788819],[39.839415,37.914506],[40.277386,36.597958],[45.212807,36.061842],[47.519954,34.14296],[49.578808,32.720199],[50.59391,30.775085],[50.011002,30.088045]]],"type":"Polygon"},"properties":{"placeId":"a72819f","name":"Umman Manda","type":"region","landOrWater":"land","proposed":false,"role":"g64db35.geometry"}},{"type":"Feature","geometry":{"coordinates":[[[[40.54604,23.20699],[40.46651,23.283],[40.38698,23.35901],[40.30744,23.43502],[40.22791,23.51104],[40.14838,23.58705],[40.06885,23.58705],[39.98931,23.58705],[39.90978,23.58705],[39.83025,23.58705],[39.75072,23.58705],[39.67118,23.58705],[39.59165,23.58705],[39.51212,23.58705],[39.19399,23.35901],[39.19399,23.283],[39.19399,23.20699],[39.19399,23.13097],[39.27352,22.44686],[41.02323,19.71041],[41.1823,19.48238],[41.34136,19.25434],[41.50043,19.0263],[41.65949,18.79826],[41.81856,18.57023],[41.97762,18.34219],[42.13669,18.11415],[42.29575,17.88611],[42.45481,17.65808],[42.61388,17.43004],[42.77294,17.202],[42.85248,17.12599],[43.25014,17.43004],[40.86417,22.90294],[40.78464,22.97895],[40.7051,23.05496],[40.62557,23.13097],[40.54604,23.20699]]],[[[39.75072,23.35901],[39.35306,22.52287],[39.35306,22.44686],[39.43259,22.44686],[39.51212,22.44686],[39.59165,22.44686],[39.67118,22.44686],[39.75072,22.44686],[39.83025,22.44686],[40.38698,22.44686],[40.62557,22.44686],[40.7051,22.52287],[39.75072,23.35901]]]],"type":"MultiPolygon"},"properties":{"placeId":"af55829","name":"Uphaz","type":"region","landOrWater":"land","proposed":true,"role":"gdd394c.isobands"}},{"type":"Feature","geometry":{"coordinates":[[[35.01485,31.47706],[35.00934,31.47681],[35.00389,31.47607],[34.99856,31.47485],[34.99341,31.47317],[34.98849,31.47103],[34.98386,31.46846],[34.97957,31.4655],[34.97567,31.46217],[34.9722,31.45851],[34.9692,31.45456],[34.9667,31.45037],[34.96472,31.44598],[34.9633,31.44143],[34.96244,31.43678],[34.96215,31.43208],[34.96244,31.42738],[34.96331,31.42273],[34.96474,31.41818],[34.96672,31.41379],[34.96922,31.4096],[34.97223,31.40565],[34.9757,31.402],[34.9796,31.39867],[34.98389,31.39571],[34.98851,31.39315],[34.99342,31.39101],[34.99857,31.38932],[35.0039,31.38811],[35.00934,31.38737],[35.01485,31.38712],[35.02036,31.38737],[35.0258,31.38811],[35.03113,31.38932],[35.03628,31.39101],[35.04119,31.39315],[35.04581,31.39571],[35.0501,31.39867],[35.054,31.402],[35.05747,31.40565],[35.06048,31.4096],[35.06298,31.41379],[35.06496,31.41818],[35.06639,31.42273],[35.06726,31.42738],[35.06755,31.43208],[35.06726,31.43678],[35.0664,31.44143],[35.06498,31.44598],[35.063,31.45037],[35.0605,31.45456],[35.0575,31.45851],[35.05403,31.46217],[35.05013,31.4655],[35.04584,31.46846],[35.04121,31.47103],[35.03629,31.47317],[35.03114,31.47485],[35.02581,31.47607],[35.02036,31.47681],[35.01485,31.47706]]],"type":"Polygon"},"properties":{"placeId":"a380434","name":"Upper Gulloth","type":"spring","landOrWater":"water","proposed":false,"role":"gb039d6.geometry"}},{"type":"Feature","geometry":{"coordinates":[[[[36.48042,33.07178],[36.50567,33.07178],[36.53092,33.07178],[36.55617,33.07178],[36.73292,33.28344],[36.83392,33.55861],[36.83392,33.57978],[36.83392,33.60095],[36.83392,33.62211],[36.83392,33.64328],[36.83392,33.66445],[36.83392,33.68561],[36.58142,33.74911],[36.55617,33.74911],[36.53092,33.74911],[36.50567,33.74911],[36.48042,33.74911],[36.25317,33.68561],[36.12692,33.53745],[36.12692,33.51628],[36.12692,33.49511],[36.12692,33.47394],[36.15217,33.07178],[36.17742,33.07178],[36.20267,33.07178],[36.22792,33.07178],[36.25317,33.07178],[36.27842,33.07178],[36.30367,33.07178],[36.32892,33.07178],[36.35417,33.07178],[36.37942,33.07178],[36.40467,33.07178],[36.42992,33.07178],[36.45517,33.07178],[36.48042,33.07178]]],[[[36.12692,33.53745],[36.12692,33.51628],[36.22792,33.07178],[36.25317,33.07178],[36.27842,33.07178],[36.30367,33.07178],[36.32892,33.07178],[36.35417,33.07178],[36.37942,33.07178],[36.40467,33.07178],[36.78342,33.60095],[36.78342,33.62211],[36.78342,33.64328],[36.78342,33.66445],[36.78342,33.68561],[36.53092,33.74911],[36.30367,33.68561],[36.25317,33.66445],[36.12692,33.53745]]],[[[36.32892,33.66445],[36.27842,33.64328],[36.25317,33.62211],[36.22792,33.60095],[36.20267,33.57978],[36.15217,33.51628],[36.32892,33.28344],[36.35417,33.28344],[36.37942,33.28344],[36.40467,33.28344],[36.63192,33.66445],[36.63192,33.68561],[36.45517,33.70678],[36.37942,33.68561],[36.32892,33.66445]]],[[[36.25317,33.60095],[36.20267,33.55861],[36.22792,33.53745],[36.25317,33.51628],[36.53092,33.60095],[36.53092,33.62211],[36.53092,33.64328],[36.53092,33.66445],[36.53092,33.68561],[36.48042,33.68561],[36.45517,33.68561],[36.42992,33.68561],[36.40467,33.68561],[36.35417,33.66445],[36.30367,33.64328],[36.27842,33.62211],[36.25317,33.60095]]],[[[36.27842,33.60095],[36.30367,33.60095],[36.32892,33.60095],[36.35417,33.60095],[36.37942,33.60095],[36.42992,33.62211],[36.50567,33.66445],[36.48042,33.68561],[36.45517,33.68561],[36.42992,33.68561],[36.35417,33.64328],[36.27842,33.60095]]]],"type":"MultiPolygon"},"properties":{"placeId":"ade3503","name":"Upu","type":"region","landOrWater":"land","proposed":false,"role":"g9a278d.isobands"}},{"type":"Feature","geometry":{"coordinates":[[47.198778,33.292032],[47.231899,33.249278],[47.263607,33.252645],[47.274734,33.233707],[47.348964,33.221317],[47.355926,33.203029],[47.397982,33.202132],[47.436123,33.172741],[47.434816,33.154422],[47.472889,33.146725],[47.489937,33.113933],[47.522597,33.106048],[47.529325,33.08357],[47.549868,33.089763],[47.590314,33.047947],[47.815295,32.970814],[47.842553,32.936858],[47.868512,32.940146],[47.890052,32.912139],[47.932797,32.899218],[47.979273,32.842355],[48.003235,32.852601],[48.038436,32.827097],[48.055082,32.784264],[48.067326,32.788017],[48.051632,32.769592],[48.067672,32.761428],[48.062725,32.736579],[48.085568,32.71831],[48.063084,32.708362],[48.088062,32.689578],[47.967724,32.657513],[47.952688,32.634542],[47.988313,32.610863],[47.919994,32.600205],[47.929114,32.581492],[47.901209,32.56662],[47.940797,32.55991],[47.934391,32.533119],[47.953659,32.535045],[47.942131,32.515905],[47.987407,32.535749],[48.063054,32.496305],[48.12734,32.494539],[48.155586,32.454629],[48.144576,32.439611],[48.167641,32.259679],[48.225925,32.17857],[48.204733,32.131066],[48.225959,32.090094],[48.210492,32.081865],[48.224663,32.060269],[48.252322,32.057682],[48.232663,32.035819],[48.277628,32.000906],[48.235056,31.967606],[48.238657,31.945942],[48.260745,31.951329],[48.240561,31.935597],[48.264581,31.937087],[48.251075,31.887859],[48.309887,31.874425],[48.308019,31.861822],[48.354534,31.866492],[48.332095,31.848324],[48.39448,31.820734],[48.379884,31.816641],[48.391236,31.801997],[48.425089,31.809308],[48.411481,31.784164],[48.45157,31.787636],[48.453639,31.773212],[48.424749,31.777521],[48.479469,31.746654],[48.480852,31.714455],[48.520847,31.680378],[48.580955,31.65674],[48.566974,31.643595],[48.590325,31.620301],[48.548652,31.60284],[48.542003,31.579601],[48.464016,31.58298],[48.473834,31.559082],[48.443437,31.557136],[48.43413,31.533166],[48.462626,31.503732],[48.375405,31.460352],[48.381591,31.494862],[48.343686,31.477596],[48.284854,31.534123],[48.047837,31.658079],[48.02827,31.706766],[47.975851,31.740141],[47.900969,31.776066],[47.875575,31.779502],[47.865089,31.760415]],"type":"LineString"},"properties":{"placeId":"abb1e21","name":"Uqnu","type":"river","landOrWater":"water","proposed":true,"role":"gcb86ef.simplified"}},{"type":"Feature","geometry":{"coordinates":[[[40.226,41.60362],[40.03747,41.59608],[39.85113,41.57354],[39.66915,41.53628],[39.49363,41.48471],[39.32659,41.41944],[39.16993,41.34123],[39.02542,41.25097],[38.89467,41.14971],[38.77908,41.0386],[38.67991,40.9189],[38.59817,40.79196],[38.53469,40.65923],[38.49006,40.52217],[38.46466,40.38231],[38.45866,40.2412],[38.47198,40.10038],[38.50439,39.96138],[38.55539,39.82573],[38.62435,39.69487],[38.71042,39.57021],[38.81259,39.45308],[38.92971,39.34471],[39.06047,39.24626],[39.20346,39.15875],[39.35712,39.08311],[39.51983,39.02012],[39.68987,38.97043],[39.86547,38.93457],[40.0448,38.91291],[40.226,38.90566],[40.4072,38.91291],[40.58653,38.93457],[40.76213,38.97043],[40.93217,39.02012],[41.09488,39.08311],[41.24854,39.15875],[41.39153,39.24626],[41.52229,39.34471],[41.63941,39.45308],[41.74158,39.57021],[41.82765,39.69487],[41.89661,39.82573],[41.94761,39.96138],[41.98002,40.10038],[41.99334,40.2412],[41.98734,40.38231],[41.96194,40.52217],[41.91731,40.65923],[41.85383,40.79196],[41.77209,40.9189],[41.67292,41.0386],[41.55733,41.14971],[41.42658,41.25097],[41.28207,41.34123],[41.12541,41.41944],[40.95837,41.48471],[40.78285,41.53628],[40.60087,41.57354],[40.41453,41.59608],[40.226,41.60362]]],"type":"Polygon"},"properties":{"placeId":"a78592e","name":"Ura","type":"settlement","landOrWater":"land","proposed":false,"role":"g4ebf6d.geometry"}},{"type":"Feature","geometry":{"coordinates":[[[[34.3355,30.47512],[34.3355,30.41629],[34.47046,30.12217],[34.74039,29.59276],[34.80787,29.53393],[34.87535,29.47511],[35.01032,29.41629],[35.0778,29.41629],[35.41521,29.59276],[36.22499,30.23982],[36.29247,30.59276],[36.35995,31.00453],[36.29247,31.06336],[35.88758,31.12218],[35.8201,31.12218],[35.34773,31.06336],[34.60543,30.82806],[34.53794,30.76924],[34.47046,30.71041],[34.3355,30.53394],[34.3355,30.47512]]],[[[34.47046,30.53394],[34.40298,30.47512],[34.87535,29.53393],[34.94283,29.47511],[35.01032,29.47511],[35.0778,29.47511],[35.41521,29.65158],[36.15751,30.41629],[36.29247,30.76924],[36.29247,30.82806],[36.22499,31.00453],[35.75262,31.06336],[35.68513,31.06336],[35.61765,31.06336],[35.55017,31.06336],[35.48269,31.06336],[35.41521,31.06336],[35.28024,31.00453],[35.14528,30.94571],[34.87535,30.82806],[34.47046,30.53394]]],[[[34.53794,30.47512],[34.53794,30.41629],[34.94283,29.53393],[35.01032,29.53393],[35.0778,29.53393],[35.34773,29.65158],[35.41521,29.71041],[35.48269,29.76923],[35.95506,30.23982],[36.09003,30.41629],[36.15751,30.59276],[36.22499,30.76924],[36.22499,30.82806],[36.15751,30.88688],[35.95506,30.94571],[35.75262,31.00453],[35.68513,31.00453],[35.61765,31.00453],[35.55017,31.00453],[35.48269,31.00453],[35.41521,31.00453],[35.34773,31.00453],[34.87535,30.76924],[34.60543,30.53394],[34.53794,30.47512]]],[[[35.0778,29.82805],[35.14528,29.82805],[35.55017,29.9457],[35.61765,30.00453],[35.68513,30.06335],[36.02254,30.41629],[36.15751,30.76924],[36.15751,30.82806],[36.15751,30.88688],[35.95506,30.94571],[35.68513,31.00453],[35.61765,31.00453],[35.55017,31.00453],[35.48269,31.00453],[35.41521,31.00453],[35.28024,30.94571],[34.94283,30.76924],[34.87535,30.41629],[35.0778,29.82805]]],[[[34.94283,30.76924],[34.94283,30.71041],[34.94283,30.65159],[34.94283,30.53394],[34.94283,30.47512],[34.94283,30.41629],[35.14528,29.9457],[35.61765,30.00453],[36.02254,30.47512],[36.09003,30.88688],[35.95506,30.94571],[35.68513,31.00453],[35.61765,31.00453],[35.55017,31.00453],[35.48269,31.00453],[35.41521,31.00453],[34.94283,30.76924]]],[[[35.01032,30.76924],[35.01032,30.71041],[35.01032,30.65159],[35.01032,30.53394],[35.01032,30.47512],[35.34773,30.06335],[35.41521,30.06335],[35.48269,30.06335],[35.55017,30.06335],[35.61765,30.06335],[36.02254,30.47512],[36.02254,30.53394],[36.02254,30.59276],[36.02254,30.71041],[36.02254,30.76924],[36.02254,30.82806],[35.95506,30.88688],[35.68513,31.00453],[35.61765,31.00453],[35.55017,31.00453],[35.48269,31.00453],[35.41521,31.00453],[35.01032,30.76924]]],[[[35.0778,30.76924],[35.0778,30.71041],[35.14528,30.41629],[35.28024,30.181],[35.34773,30.12217],[35.48269,30.06335],[35.55017,30.06335],[35.61765,30.06335],[35.95506,30.59276],[36.02254,30.71041],[36.02254,30.76924],[36.02254,30.82806],[35.61765,31.00453],[35.55017,31.00453],[35.48269,31.00453],[35.41521,31.00453],[35.14528,30.82806],[35.0778,30.76924]]],[[[35.14528,30.47512],[35.28024,30.181],[35.34773,30.12217],[35.55017,30.06335],[35.61765,30.12217],[35.68513,30.181],[36.02254,30.71041],[36.02254,30.76924],[36.02254,30.82806],[35.61765,31.00453],[35.48269,31.00453],[35.0778,30.71041],[35.14528,30.47512]]],[[[35.41521,30.181],[35.48269,30.181],[35.55017,30.181],[35.61765,30.181],[35.68513,30.23982],[35.75262,30.29864],[35.8201,30.41629],[35.88758,30.53394],[35.95506,30.65159],[36.02254,30.76924],[35.88758,30.82806],[35.75262,30.88688],[35.61765,30.94571],[35.55017,30.94571],[35.48269,30.94571],[35.28024,30.82806],[35.21276,30.71041],[35.21276,30.65159],[35.21276,30.59276],[35.21276,30.53394],[35.21276,30.47512],[35.34773,30.181],[35.41521,30.181]]]],"type":"MultiPolygon"},"properties":{"placeId":"a324c4d","name":"Uz","type":"region","landOrWater":"land","proposed":true,"role":"g7ad983.isobands"}},{"type":"Feature","geometry":{"coordinates":[[[35.08361,31.93997],[35.07807,31.93972],[35.07259,31.93898],[35.06724,31.93776],[35.06206,31.93608],[35.05712,31.93394],[35.05247,31.93137],[35.04816,31.92841],[35.04424,31.92508],[35.04075,31.92142],[35.03773,31.91747],[35.03522,31.91328],[35.03323,31.90889],[35.0318,31.90434],[35.03094,31.89969],[35.03065,31.89499],[35.03094,31.89029],[35.03181,31.88564],[35.03325,31.88109],[35.03524,31.8767],[35.03776,31.87251],[35.04078,31.86856],[35.04427,31.86491],[35.04819,31.86158],[35.05249,31.85862],[35.05714,31.85606],[35.06208,31.85392],[35.06725,31.85223],[35.0726,31.85102],[35.07808,31.85028],[35.08361,31.85003],[35.08914,31.85028],[35.09462,31.85102],[35.09997,31.85223],[35.10514,31.85392],[35.11008,31.85606],[35.11473,31.85862],[35.11904,31.86158],[35.12296,31.86491],[35.12645,31.86856],[35.12947,31.87251],[35.13198,31.8767],[35.13397,31.88109],[35.13541,31.88564],[35.13628,31.89029],[35.13657,31.89499],[35.13629,31.89969],[35.13542,31.90434],[35.13399,31.90889],[35.132,31.91328],[35.12949,31.91747],[35.12647,31.92142],[35.12298,31.92508],[35.11906,31.92841],[35.11475,31.93137],[35.1101,31.93394],[35.10516,31.93608],[35.09998,31.93776],[35.09463,31.93898],[35.08915,31.93972],[35.08361,31.93997]]],"type":"Polygon"},"properties":{"placeId":"a57ea5f","name":"Uzzen-sheerah","type":"settlement","landOrWater":"land","proposed":true,"role":"g2af633.geometry"}},{"type":"Feature","geometry":{"coordinates":[[[35.39448,31.760907],[35.349157,31.699308],[35.386923,31.689454],[35.418167,31.75263],[35.39448,31.760907]]],"type":"Polygon"},"properties":{"placeId":"a31492f","name":"Valley of Achor","type":"valley","landOrWater":"land","proposed":true,"role":"g2d5fc3.geometry"}},{"type":"Feature","geometry":{"coordinates":[[[[34.89861,31.8963],[34.89567,31.89381],[34.9162,31.86391],[34.94844,31.84648],[34.95724,31.84398],[34.96603,31.84149],[34.96897,31.84149],[34.9719,31.84149],[34.97483,31.84149],[34.97776,31.84149],[35.0276,31.84897],[35.03053,31.85146],[35.03346,31.86391],[35.03639,31.87637],[35.03639,31.87886],[35.03346,31.88384],[35.03053,31.88633],[34.89861,31.8963]]],[[[34.91326,31.88883],[34.91326,31.88633],[34.91326,31.88384],[34.91326,31.88135],[34.9162,31.87388],[34.91913,31.87139],[34.93379,31.86391],[34.93965,31.86142],[34.94551,31.85893],[35.01294,31.85644],[35.01587,31.85644],[35.02174,31.85893],[35.0276,31.86142],[35.03346,31.86391],[35.03346,31.86641],[35.03346,31.8689],[35.03346,31.87637],[35.03346,31.87886],[35.03346,31.88135],[35.03053,31.88384],[34.91913,31.89132],[34.9162,31.89132],[34.91326,31.88883]]],[[[34.9162,31.88384],[34.9162,31.88135],[34.91913,31.87886],[34.92206,31.87637],[34.93379,31.8689],[34.94258,31.86391],[34.94844,31.86142],[34.95138,31.86142],[34.95431,31.86142],[34.95724,31.86142],[34.96017,31.86142],[34.9631,31.86142],[34.96603,31.86142],[34.96897,31.86142],[34.9719,31.86142],[34.97483,31.86142],[34.97776,31.86142],[34.98069,31.86142],[34.98362,31.86142],[34.98656,31.86142],[34.98949,31.86142],[34.99242,31.86142],[34.99535,31.86142],[34.99828,31.86142],[35.00121,31.86142],[35.00415,31.86142],[35.00708,31.86142],[35.01294,31.86142],[35.01587,31.86142],[35.0188,31.86142],[35.02174,31.86142],[35.02467,31.86142],[35.0276,31.86142],[35.0276,31.86391],[35.0276,31.86641],[35.0276,31.87139],[35.0276,31.87637],[35.02467,31.88135],[34.9162,31.88633],[34.9162,31.88384]]],[[[34.97776,31.8689],[34.97776,31.86641],[34.97776,31.86391],[34.97776,31.86142],[34.98069,31.86142],[34.98362,31.86142],[34.98656,31.86142],[34.98949,31.86142],[34.99242,31.86142],[34.99535,31.86142],[35.00121,31.86391],[35.00708,31.86641],[35.01294,31.8689],[35.0188,31.87139],[35.01587,31.87139],[35.01294,31.87139],[35.01001,31.87139],[35.00708,31.87139],[34.97776,31.8689]]]],"type":"MultiPolygon"},"properties":{"placeId":"a2e6de9","name":"Valley of Aijalon","type":"valley","landOrWater":"land","proposed":false,"role":"g68cf68.isobands"}},{"type":"Feature","geometry":{"coordinates":[[[36.2044,34.11553],[36.19077,34.11494],[36.1773,34.11317],[36.16412,34.11024],[36.15139,34.10619],[36.13924,34.10105],[36.1278,34.0949],[36.11721,34.08778],[36.10757,34.07978],[36.099,34.071],[36.09158,34.06152],[36.08541,34.05145],[36.08054,34.0409],[36.07703,34.02998],[36.07491,34.01882],[36.07422,34.00754],[36.07495,33.99626],[36.07709,33.98511],[36.08064,33.9742],[36.08553,33.96366],[36.09173,33.9536],[36.09916,33.94413],[36.10774,33.93536],[36.11737,33.92738],[36.12796,33.92028],[36.13938,33.91413],[36.15151,33.90901],[36.16422,33.90497],[36.17737,33.90205],[36.19081,33.90028],[36.2044,33.89969],[36.21799,33.90028],[36.23143,33.90205],[36.24458,33.90497],[36.25729,33.90901],[36.26942,33.91413],[36.28084,33.92028],[36.29143,33.92738],[36.30106,33.93536],[36.30964,33.94413],[36.31707,33.9536],[36.32327,33.96366],[36.32816,33.9742],[36.33171,33.98511],[36.33385,33.99626],[36.33458,34.00754],[36.33389,34.01882],[36.33177,34.02998],[36.32826,34.0409],[36.32339,34.05145],[36.31722,34.06152],[36.3098,34.071],[36.30123,34.07978],[36.29159,34.08778],[36.281,34.0949],[36.26956,34.10105],[36.25741,34.10619],[36.24468,34.11024],[36.2315,34.11317],[36.21803,34.11494],[36.2044,34.11553]]],"type":"Polygon"},"properties":{"placeId":"a0c71dc","name":"Valley of Aven","type":"valley","landOrWater":"land","proposed":true,"role":"g1ba10b.geometry"}},{"type":"Feature","geometry":{"coordinates":[[[35.23417,31.95653],[35.21201,31.95554],[35.19009,31.95259],[35.16866,31.94771],[35.14796,31.94095],[35.1282,31.93239],[35.10961,31.92212],[35.09239,31.91025],[35.07673,31.89692],[35.0628,31.88227],[35.05076,31.86647],[35.04073,31.84968],[35.03282,31.83209],[35.02713,31.8139],[35.02371,31.79529],[35.02259,31.77649],[35.02379,31.75769],[35.0273,31.7391],[35.03307,31.72093],[35.04103,31.70336],[35.05111,31.6866],[35.06319,31.67083],[35.07714,31.65622],[35.0928,31.64292],[35.11,31.63109],[35.12856,31.62086],[35.14826,31.61232],[35.16891,31.60559],[35.19026,31.60073],[35.21209,31.59779],[35.23417,31.5968],[35.25624,31.59779],[35.27807,31.60073],[35.29943,31.60559],[35.32007,31.61232],[35.33978,31.62086],[35.35833,31.63109],[35.37554,31.64292],[35.3912,31.65622],[35.40514,31.67083],[35.41722,31.6866],[35.4273,31.70336],[35.43527,31.72093],[35.44104,31.7391],[35.44454,31.75769],[35.44574,31.77649],[35.44463,31.79529],[35.44121,31.8139],[35.43551,31.83209],[35.42761,31.84968],[35.41758,31.86647],[35.40553,31.88227],[35.39161,31.89692],[35.37595,31.91025],[35.35873,31.92212],[35.34013,31.93239],[35.32038,31.94095],[35.29967,31.94771],[35.27824,31.95259],[35.25633,31.95554],[35.23417,31.95653]]],"type":"Polygon"},"properties":{"placeId":"a1f363e","name":"Valley of Baca","type":"valley","landOrWater":"land","proposed":true,"role":"gc47388.geometry"}},{"type":"Feature","geometry":{"coordinates":[[35.1394,31.62086],[35.1481,31.61712],[35.15209,31.61191],[35.15868,31.6074],[35.16385,31.60798],[35.16442,31.6108],[35.16664,31.61209],[35.16946,31.61041],[35.1774,31.60977],[35.1783,31.6152],[35.18444,31.6127],[35.18697,31.61434],[35.19138,31.61098],[35.19444,31.6108],[35.20085,31.61461],[35.19908,31.61991],[35.20008,31.62085],[35.20485,31.61852],[35.20305,31.61364],[35.20462,31.61214],[35.20943,31.61118],[35.21115,31.61384],[35.21489,31.61323],[35.21622,31.61017],[35.2117,31.61035],[35.21322,31.6063],[35.21143,31.60575],[35.2121,31.60133],[35.20989,31.59907],[35.21778,31.59071],[35.22572,31.58914],[35.22525,31.58688],[35.22289,31.58664],[35.22456,31.58348],[35.22445,31.5789],[35.22599,31.57766],[35.22525,31.57582],[35.22811,31.57353],[35.22549,31.57227],[35.22667,31.56762],[35.2329,31.5634],[35.23324,31.56008],[35.23566,31.55838],[35.23785,31.55914],[35.23899,31.55683],[35.23598,31.5563],[35.23715,31.55161],[35.23434,31.54969],[35.23612,31.54664],[35.23075,31.54521],[35.23049,31.54258],[35.23492,31.53977],[35.23586,31.54299],[35.23758,31.54342],[35.23926,31.54133],[35.24117,31.54365],[35.24227,31.53762],[35.24112,31.53228],[35.24355,31.53264],[35.25093,31.52861],[35.25516,31.52887],[35.25668,31.5262],[35.26482,31.52123],[35.26683,31.51724],[35.27986,31.51187],[35.28337,31.50789],[35.28893,31.50509],[35.29775,31.50373],[35.30122,31.50173],[35.30217,31.4996],[35.30597,31.49763],[35.30507,31.49577],[35.307,31.49503],[35.30626,31.49356],[35.3093,31.49015],[35.30817,31.4892],[35.30907,31.48569],[35.31604,31.48502],[35.31175,31.48065],[35.31229,31.47926],[35.31767,31.47707],[35.31773,31.47499],[35.32135,31.47532],[35.32262,31.47362],[35.32618,31.47666],[35.3258,31.47199],[35.32832,31.47215],[35.3289,31.47041],[35.33118,31.47125],[35.33026,31.46814],[35.3341,31.46719],[35.33906,31.46978],[35.34488,31.46717],[35.35106,31.46749],[35.35703,31.46001],[35.36254,31.45964],[35.36557,31.45537],[35.36943,31.45653],[35.37286,31.45494],[35.37578,31.45616],[35.38311,31.45474],[35.40021,31.46237]],"type":"LineString"},"properties":{"placeId":"a71f834","name":"Valley of Beracah","type":"valley","landOrWater":"land","proposed":true,"role":"g7f21f4.simplified"}},{"type":"Feature","geometry":{"coordinates":[[[35.24104,31.790628],[35.23847,31.786079],[35.239161,31.781644],[35.237624,31.779285],[35.237702,31.776337],[35.235558,31.772749],[35.234772,31.771233],[35.233874,31.767876],[35.236047,31.767318],[35.238813,31.774228],[35.240869,31.777212],[35.242006,31.785389],[35.2427,31.789608],[35.24104,31.790628]]],"type":"Polygon"},"properties":{"placeId":"a49037e","name":"Valley of Decision","type":"valley","landOrWater":"land","proposed":false,"role":"gf811f0.geometry"}},{"type":"Feature","geometry":{"coordinates":[[[34.936722,31.69536],[34.937521,31.686871],[34.966245,31.686131],[34.989864,31.676],[35.005962,31.663426],[35.011407,31.664173],[35.005185,31.680791],[35.011608,31.690135],[35.002687,31.692164],[34.986976,31.688323],[34.970525,31.693732],[34.936722,31.69536]]],"type":"Polygon"},"properties":{"placeId":"ab183f8","name":"Valley of Elah","type":"valley","landOrWater":"land","proposed":false,"role":"g69fcde.geometry"}},{"type":"Feature","geometry":{"coordinates":[[[35.10222,31.57005],[35.0967,31.56981],[35.09125,31.56907],[35.08591,31.56785],[35.08075,31.56616],[35.07583,31.56403],[35.0712,31.56146],[35.06691,31.5585],[35.06301,31.55517],[35.05953,31.55151],[35.05652,31.54756],[35.05402,31.54337],[35.05204,31.53897],[35.05062,31.53443],[35.04975,31.52978],[35.04947,31.52508],[35.04976,31.52038],[35.05063,31.51573],[35.05206,31.51118],[35.05404,31.50679],[35.05655,31.5026],[35.05956,31.49865],[35.06303,31.49499],[35.06693,31.49167],[35.07123,31.4887],[35.07586,31.48614],[35.08077,31.48401],[35.08593,31.48232],[35.09126,31.4811],[35.09671,31.48037],[35.10222,31.48012],[35.10773,31.48037],[35.11318,31.4811],[35.11851,31.48232],[35.12367,31.48401],[35.12858,31.48614],[35.13321,31.4887],[35.13751,31.49167],[35.14141,31.49499],[35.14488,31.49865],[35.14789,31.5026],[35.1504,31.50679],[35.15238,31.51118],[35.15381,31.51573],[35.15468,31.52038],[35.15497,31.52508],[35.15469,31.52978],[35.15382,31.53443],[35.1524,31.53897],[35.15042,31.54337],[35.14792,31.54756],[35.14491,31.55151],[35.14143,31.55517],[35.13753,31.5585],[35.13324,31.56146],[35.12861,31.56403],[35.12369,31.56616],[35.11853,31.56785],[35.11319,31.56907],[35.10774,31.56981],[35.10222,31.57005]]],"type":"Polygon"},"properties":{"placeId":"a38ecff","name":"Valley of Eshcol","type":"valley","landOrWater":"land","proposed":true,"role":"gc7a8b3.geometry"}},{"type":"Feature","geometry":{"coordinates":[[[34.6065,31.40908],[34.6032,31.40893],[34.59993,31.40849],[34.59673,31.40776],[34.59364,31.40675],[34.59069,31.40546],[34.58792,31.40393],[34.58535,31.40215],[34.58301,31.40015],[34.58093,31.39796],[34.57913,31.39559],[34.57763,31.39307],[34.57644,31.39043],[34.57559,31.38771],[34.57507,31.38492],[34.5749,31.3821],[34.57507,31.37928],[34.57559,31.37649],[34.57645,31.37376],[34.57763,31.37112],[34.57914,31.36861],[34.58094,31.36624],[34.58302,31.36404],[34.58536,31.36205],[34.58793,31.36027],[34.5907,31.35873],[34.59365,31.35745],[34.59674,31.35644],[34.59993,31.35571],[34.6032,31.35527],[34.6065,31.35512],[34.6098,31.35527],[34.61307,31.35571],[34.61626,31.35644],[34.61935,31.35745],[34.6223,31.35873],[34.62507,31.36027],[34.62764,31.36205],[34.62998,31.36404],[34.63206,31.36624],[34.63386,31.36861],[34.63537,31.37112],[34.63655,31.37376],[34.63741,31.37649],[34.63793,31.37928],[34.6381,31.3821],[34.63793,31.38492],[34.63741,31.38771],[34.63656,31.39043],[34.63537,31.39307],[34.63387,31.39559],[34.63207,31.39796],[34.62999,31.40015],[34.62765,31.40215],[34.62508,31.40393],[34.62231,31.40546],[34.61936,31.40675],[34.61627,31.40776],[34.61307,31.40849],[34.6098,31.40893],[34.6065,31.40908]]],"type":"Polygon"},"properties":{"placeId":"a816ed9","name":"Valley of Gerar","type":"valley","landOrWater":"land","proposed":false,"role":"g1548f9.geometry"}},{"type":"Feature","geometry":{"coordinates":[[[35.195415,31.863694],[35.177081,31.868053],[35.164305,31.853486],[35.154442,31.838957],[35.181235,31.837262],[35.20422,31.838534],[35.20516,31.848023],[35.195415,31.863694]]],"type":"Polygon"},"properties":{"placeId":"a8c579d","name":"Valley of Gibeon","type":"valley","landOrWater":"land","proposed":false,"role":"gd63223.geometry"}},{"type":"Feature","geometry":{"coordinates":[[[[35.56354,31.56646],[35.56354,31.55548],[35.56354,31.5445],[35.5763,31.48961],[35.58906,31.47863],[35.60182,31.46765],[35.61458,31.45667],[35.67839,31.42373],[35.69115,31.42373],[35.85706,31.74211],[35.86982,31.77505],[35.86982,31.78603],[35.86982,31.79701],[35.85706,31.80798],[35.75496,31.81896],[35.7422,31.81896],[35.72944,31.81896],[35.71668,31.81896],[35.70392,31.81896],[35.69115,31.81896],[35.67839,31.81896],[35.61458,31.77505],[35.60182,31.76407],[35.58906,31.72016],[35.5763,31.65428],[35.56354,31.57743],[35.56354,31.56646]]],[[[35.65287,31.79701],[35.64011,31.78603],[35.62734,31.77505],[35.61458,31.76407],[35.60182,31.75309],[35.58906,31.72016],[35.5763,31.63233],[35.5763,31.62135],[35.62734,31.51156],[35.65287,31.50058],[35.66563,31.51156],[35.76772,31.61037],[35.85706,31.75309],[35.86982,31.78603],[35.86982,31.79701],[35.8443,31.80798],[35.75496,31.81896],[35.7422,31.81896],[35.72944,31.81896],[35.71668,31.81896],[35.70392,31.81896],[35.69115,31.81896],[35.67839,31.81896],[35.66563,31.80798],[35.65287,31.79701]]],[[[35.62734,31.73113],[35.61458,31.72016],[35.60182,31.6982],[35.58906,31.67624],[35.58906,31.66526],[35.58906,31.65428],[35.61458,31.61037],[35.62734,31.61037],[35.64011,31.61037],[35.65287,31.61037],[35.67839,31.61037],[35.69115,31.61037],[35.70392,31.61037],[35.71668,31.61037],[35.78049,31.78603],[35.76772,31.79701],[35.75496,31.79701],[35.62734,31.73113]]],[[[35.69115,31.73113],[35.66563,31.6982],[35.65287,31.67624],[35.64011,31.65428],[35.64011,31.64331],[35.64011,31.63233],[35.65287,31.63233],[35.66563,31.63233],[35.67839,31.64331],[35.71668,31.6982],[35.72944,31.72016],[35.72944,31.73113],[35.72944,31.74211],[35.71668,31.74211],[35.70392,31.74211],[35.69115,31.73113]]],[[[35.70392,31.73113],[35.69115,31.73113],[35.67839,31.65428],[35.67839,31.64331],[35.69115,31.66526],[35.70392,31.68722],[35.72944,31.73113],[35.71668,31.73113],[35.70392,31.73113]]]],"type":"MultiPolygon"},"properties":{"placeId":"a2109c3","name":"Valley of Hamon-gog","type":"valley","landOrWater":"land","proposed":true,"role":"g3d49f6.isobands"}},{"type":"Feature","geometry":{"coordinates":[[[35.076341,31.537475],[35.094753,31.525025],[35.110833,31.509817],[35.129776,31.530854],[35.138504,31.547727],[35.127335,31.56782],[35.094472,31.567406],[35.098285,31.556434],[35.076341,31.537475]]],"type":"Polygon"},"properties":{"placeId":"a375f5a","name":"Valley of Hebron","type":"valley","landOrWater":"land","proposed":false,"role":"g929ef9.geometry"}},{"type":"Feature","geometry":{"coordinates":[[[35.225251,31.770514],[35.227004,31.768727],[35.229032,31.767879],[35.233463,31.767602],[35.233167,31.769886],[35.228634,31.769635],[35.226637,31.771019],[35.225251,31.770514]]],"type":"Polygon"},"properties":{"placeId":"a37c8e6","name":"Valley of Hinnom","type":"valley","landOrWater":"land","proposed":false,"role":"g35f425.geometry"}},{"type":"Feature","geometry":{"coordinates":[[35.25039,32.77896],[35.24974,32.77893],[35.24873,32.77843],[35.24629,32.77551],[35.24512,32.77231],[35.23884,32.76726],[35.23927,32.76607],[35.23921,32.76559],[35.23746,32.76404],[35.23384,32.76151],[35.23305,32.76147],[35.23236,32.76075],[35.23242,32.76004],[35.23133,32.75887],[35.2311,32.75831],[35.23011,32.75815],[35.2296,32.75781],[35.22865,32.75652],[35.22776,32.75584],[35.22652,32.75423],[35.2258,32.75178],[35.22543,32.75153],[35.2243,32.75165],[35.22257,32.75011],[35.22144,32.74865],[35.21904,32.74763],[35.21769,32.74812],[35.2135,32.74882],[35.21123,32.74984],[35.20965,32.74972],[35.2085,32.75012],[35.20645,32.75021],[35.20433,32.74974],[35.20229,32.74865],[35.20185,32.74874],[35.20105,32.74933],[35.20032,32.7492],[35.19964,32.74936],[35.1976,32.7506],[35.19643,32.75086],[35.19322,32.74973],[35.19091,32.74928],[35.189,32.74928],[35.18816,32.74969],[35.18772,32.75055],[35.18589,32.75186],[35.18596,32.75263],[35.18573,32.75336],[35.18477,32.75416],[35.18364,32.75464],[35.18296,32.75423],[35.18175,32.7539],[35.17806,32.7514],[35.17619,32.75151],[35.17425,32.75422],[35.17397,32.75433],[35.1725,32.75845],[35.16939,32.75909],[35.16754,32.75976],[35.16697,32.76015],[35.16607,32.76129],[35.16487,32.76217],[35.16423,32.76236],[35.1637,32.76309],[35.16242,32.76411],[35.16105,32.76417],[35.1596,32.76469],[35.15923,32.7644],[35.15855,32.76426],[35.15783,32.76462],[35.15386,32.76458],[35.15316,32.7651],[35.15328,32.7661],[35.15283,32.76913],[35.15355,32.76987],[35.15666,32.77056],[35.15832,32.77151],[35.15947,32.77173],[35.16067,32.77257],[35.16079,32.77308],[35.16032,32.77351],[35.15957,32.77358],[35.15877,32.77432],[35.15635,32.77453],[35.15528,32.77508],[35.15385,32.77513],[35.15202,32.77484],[35.15061,32.77396],[35.1499,32.77196],[35.14992,32.76907],[35.14885,32.7688],[35.14602,32.76987],[35.14431,32.77146],[35.14375,32.77245],[35.14397,32.77442],[35.14347,32.7755],[35.14272,32.77583],[35.14157,32.77559],[35.14009,32.77577],[35.1392,32.77637],[35.13835,32.7774],[35.1361,32.77836],[35.13491,32.77849],[35.13297,32.77795],[35.12834,32.77847]],"type":"LineString"},"properties":{"placeId":"a3e0180","name":"Valley of Iphtahel","type":"valley","landOrWater":"land","proposed":true,"role":"g2231b0.simplified"}},{"type":"Feature","geometry":{"coordinates":[[[35.24104,31.790628],[35.23847,31.786079],[35.239161,31.781644],[35.237624,31.779285],[35.237702,31.776337],[35.235558,31.772749],[35.234772,31.771233],[35.233874,31.767876],[35.236047,31.767318],[35.238813,31.774228],[35.240869,31.777212],[35.242006,31.785389],[35.2427,31.789608],[35.24104,31.790628]]],"type":"Polygon"},"properties":{"placeId":"a324282","name":"Valley of Jehoshaphat","type":"valley","landOrWater":"land","proposed":false,"role":"gf811f0.geometry"}},{"type":"Feature","geometry":{"coordinates":[[[35.435644,31.823862],[35.477691,31.766003],[35.618177,31.752977],[35.644946,31.799932],[35.678319,31.821102],[35.677749,31.856982],[35.627403,31.871589],[35.637515,31.892447],[35.427673,31.888487],[35.435644,31.823862]]],"type":"Polygon"},"properties":{"placeId":"ac9a77c","name":"Valley of Jericho","type":"valley","landOrWater":"land","proposed":false,"role":"g2f72cc.geometry"}},{"type":"Feature","geometry":{"coordinates":[[[35.29862,32.45796],[35.349462,32.458358],[35.357195,32.467342],[35.37629,32.485041],[35.344045,32.520373],[35.38992,32.567088],[35.403528,32.634411],[35.409049,32.659945],[35.386203,32.681735],[35.370946,32.694521],[35.347554,32.692114],[35.29698,32.679897],[35.272385,32.669034],[35.238055,32.666491],[35.105695,32.66217],[35.134339,32.620408],[35.18078,32.589464],[35.181039,32.558857],[35.208211,32.539932],[35.238096,32.499001],[35.29862,32.45796]]],"type":"Polygon"},"properties":{"placeId":"aa516c2","name":"Valley of Jezreel","type":"valley","landOrWater":"land","proposed":false,"role":"g1758b2.geometry"}},{"type":"Feature","geometry":{"coordinates":[[[35.701387,33.543868],[35.795539,33.517671],[36.637128,34.366186],[36.405133,34.475965],[35.701387,33.543868]]],"type":"Polygon"},"properties":{"placeId":"ac2192b","name":"Valley of Lebanon","type":"valley","landOrWater":"land","proposed":true,"role":"g803e7e.geometry"}},{"type":"Feature","geometry":{"coordinates":[[[35.85,33.6698],[35.81611,33.66831],[35.7826,33.66388],[35.74984,33.65655],[35.71818,33.6464],[35.68798,33.63355],[35.65957,33.61812],[35.63326,33.60031],[35.60934,33.5803],[35.58807,33.55831],[35.56969,33.53458],[35.5544,33.50939],[35.54235,33.48299],[35.53369,33.45569],[35.5285,33.42779],[35.52683,33.39958],[35.52871,33.37138],[35.5341,33.34351],[35.54294,33.31625],[35.55514,33.28992],[35.57056,33.26479],[35.58903,33.24114],[35.61034,33.21924],[35.63426,33.19932],[35.66052,33.18159],[35.68885,33.16625],[35.71893,33.15346],[35.75043,33.14337],[35.78301,33.13608],[35.81632,33.13168],[35.85,33.1302],[35.88368,33.13168],[35.91699,33.13608],[35.94957,33.14337],[35.98107,33.15346],[36.01115,33.16625],[36.03948,33.18159],[36.06574,33.19932],[36.08966,33.21924],[36.11097,33.24114],[36.12944,33.26479],[36.14486,33.28992],[36.15706,33.31625],[36.1659,33.34351],[36.17129,33.37138],[36.17317,33.39958],[36.1715,33.42779],[36.16631,33.45569],[36.15765,33.48299],[36.1456,33.50939],[36.13031,33.53458],[36.11193,33.55831],[36.09066,33.5803],[36.06674,33.60031],[36.04043,33.61812],[36.01202,33.63355],[35.98182,33.6464],[35.95016,33.65655],[35.9174,33.66388],[35.88389,33.66831],[35.85,33.6698]]],"type":"Polygon"},"properties":{"placeId":"ae32196","name":"Valley of Mizpeh","type":"valley","landOrWater":"land","proposed":false,"role":"ge85699.geometry"}},{"type":"Feature","geometry":{"coordinates":[[[35.096305,31.754939],[35.109175,31.751593],[35.121157,31.757837],[35.128492,31.761057],[35.132467,31.767892],[35.149606,31.767488],[35.152149,31.772083],[35.167644,31.777041],[35.183739,31.778834],[35.183708,31.775723],[35.193623,31.760404],[35.192548,31.756301],[35.206788,31.750263],[35.217798,31.746927],[35.22651,31.76308],[35.219437,31.773527],[35.19041,31.785742],[35.169149,31.77944],[35.157858,31.777538],[35.154369,31.775041],[35.141588,31.770538],[35.135039,31.775813],[35.128398,31.772591],[35.12443,31.768009],[35.113721,31.76093],[35.109168,31.757507],[35.099115,31.759341],[35.096305,31.754939]]],"type":"Polygon"},"properties":{"placeId":"a7559e6","name":"Valley of Rephaim","type":"valley","landOrWater":"land","proposed":false,"role":"gccdbf2.geometry"}},{"type":"Feature","geometry":{"coordinates":[[[35.392248,31.059893],[35.380385,31.042731],[35.43711,31.040629],[35.452241,31.058416],[35.392248,31.059893]]],"type":"Polygon"},"properties":{"placeId":"af936bd","name":"Valley of Salt","type":"valley","landOrWater":"land","proposed":true,"role":"g7d98c6.geometry"}},{"type":"Feature","geometry":{"coordinates":[[[35.233914,31.767474],[35.23672,31.766923],[35.23846,31.771089],[35.235345,31.773115],[35.233914,31.767474]]],"type":"Polygon"},"properties":{"placeId":"a402ee4","name":"Valley of Shaveh","type":"valley","landOrWater":"land","proposed":false,"role":"g82affa.geometry"}},{"type":"Feature","geometry":{"coordinates":[[35.278796,31.726081],[35.28033,31.727879],[35.284261,31.729717],[35.285968,31.729091],[35.287863,31.72989],[35.289398,31.729263],[35.292108,31.729734],[35.292693,31.728839],[35.295739,31.728148],[35.29588,31.726793],[35.297961,31.727152],[35.299273,31.726378],[35.302861,31.726276],[35.303522,31.726009],[35.303272,31.72552],[35.307446,31.725096],[35.307424,31.724571],[35.308389,31.724921],[35.310025,31.723077],[35.311803,31.723575],[35.313516,31.723151],[35.313852,31.721777],[35.317082,31.721869],[35.317451,31.722708],[35.318827,31.722349],[35.318914,31.723086],[35.320204,31.722856],[35.32054,31.724054],[35.322881,31.72363],[35.32565,31.721923],[35.325174,31.719179],[35.326608,31.717979],[35.32627,31.716844],[35.326784,31.715495],[35.329735,31.714927],[35.329612,31.713949],[35.330501,31.712606],[35.329405,31.711896],[35.329283,31.710246],[35.331107,31.710292],[35.332877,31.708609],[35.331489,31.702266],[35.333736,31.70158],[35.335782,31.700047],[35.335767,31.699304],[35.334732,31.698887],[35.333835,31.69605],[35.336051,31.69588],[35.336901,31.6938],[35.339254,31.69408],[35.341332,31.691993],[35.341332,31.690865],[35.342933,31.691211],[35.344957,31.689476],[35.345831,31.690565],[35.34721,31.690311],[35.347402,31.691811],[35.349418,31.692222],[35.351748,31.694361],[35.355189,31.694478],[35.355933,31.6956],[35.358516,31.695756],[35.359826,31.695443],[35.360808,31.694152],[35.365659,31.692254],[35.368434,31.692548],[35.379923,31.689436],[35.38131,31.689952],[35.382589,31.689103],[35.384194,31.685691],[35.388895,31.684339],[35.390204,31.684449],[35.39353,31.68633],[35.397349,31.691661],[35.398787,31.691862],[35.401997,31.690121],[35.403787,31.690096],[35.40549,31.690538],[35.40754,31.693388],[35.409452,31.69356],[35.41089,31.690981],[35.41063,31.690293],[35.41447,31.687762],[35.415278,31.686509],[35.416722,31.686091],[35.416491,31.687],[35.41795,31.687398],[35.418243,31.684277],[35.419869,31.68361],[35.421226,31.684028],[35.421255,31.68302],[35.420187,31.68162],[35.42088,31.680342],[35.422035,31.680367],[35.421544,31.679187],[35.422324,31.679457],[35.424085,31.678057],[35.427925,31.679335],[35.430812,31.678573],[35.433382,31.67646],[35.434481,31.673505],[35.437496,31.671639],[35.443026,31.671938],[35.449436,31.665916]],"type":"LineString"},"properties":{"placeId":"a01769f","name":"Valley of Shittim","type":"river","landOrWater":"water","proposed":true,"role":"gb255fa.simplified"}},{"type":"Feature","geometry":{"coordinates":[[[35.408824,31.314783],[35.305248,30.924507],[35.479241,30.90329],[35.546828,31.303317],[35.408824,31.314783]]],"type":"Polygon"},"properties":{"placeId":"a4a5cce","name":"Valley of Siddim","type":"valley","landOrWater":"land","proposed":false,"role":"g9db00b.geometry"}},{"type":"Feature","geometry":{"coordinates":[[35.202824,31.80622],[35.19372,31.798593],[35.190153,31.79866],[35.186843,31.804388],[35.176822,31.802405],[35.172536,31.804377],[35.170584,31.798261],[35.165078,31.793853],[35.166452,31.791038],[35.164812,31.788821],[35.154576,31.784311],[35.153886,31.781901],[35.157773,31.777304],[35.156817,31.774033],[35.148492,31.773344],[35.142676,31.769269],[35.135683,31.770737],[35.136125,31.773402],[35.130198,31.771806],[35.130839,31.768819],[35.127741,31.766805],[35.127587,31.763265],[35.120368,31.763292],[35.115806,31.755515],[35.111453,31.756578],[35.110428,31.754929],[35.103473,31.757889],[35.099553,31.756493],[35.093232,31.760936],[35.091313,31.758044],[35.087999,31.759124],[35.082488,31.756029],[35.076564,31.748115],[35.072205,31.748264],[35.064509,31.753173],[35.071458,31.759548],[35.065796,31.766416],[35.049642,31.752643],[35.047006,31.756577],[35.050057,31.763241],[35.045904,31.762363],[35.039268,31.76479],[35.032806,31.760614],[35.012133,31.762964],[35.008616,31.759216],[35.00902,31.756954],[35.004615,31.756417],[34.995779,31.756646],[34.98463,31.760818],[34.980842,31.759415],[34.97517,31.760763],[34.973373,31.75839],[34.964164,31.755614],[34.942587,31.759449],[34.924764,31.769059],[34.923241,31.772926],[34.918799,31.772415],[34.915817,31.777559],[34.911418,31.778891],[34.913178,31.781787],[34.912107,31.787073],[34.908478,31.787154],[34.901855,31.792261],[34.900901,31.796307],[34.891627,31.797001],[34.883285,31.808935],[34.879257,31.808685],[34.876639,31.811376],[34.871887,31.809417],[34.867737,31.811045],[34.867728,31.808096],[34.854183,31.807576],[34.852865,31.809641],[34.849362,31.808072],[34.841875,31.810215],[34.839963,31.808068],[34.836988,31.810121],[34.827894,31.810096],[34.821693,31.816186],[34.814288,31.813502],[34.811344,31.814567],[34.802244,31.824813],[34.779208,31.827167],[34.766888,31.833746],[34.760673,31.842012],[34.760785,31.848019],[34.753618,31.857622],[34.751912,31.868478],[34.752975,31.877629],[34.75106,31.879998],[34.744978,31.879894],[34.741202,31.883865],[34.742906,31.902685],[34.746468,31.911367],[34.744628,31.915984],[34.747075,31.919873],[34.732975,31.933738],[34.725112,31.934596],[34.721521,31.940325],[34.709891,31.939392],[34.707984,31.942515]],"type":"LineString"},"properties":{"placeId":"a339971","name":"Valley of Sorek","type":"valley","landOrWater":"land","proposed":false,"role":"g7e82a5.simplified"}},{"type":"Feature","geometry":{"coordinates":[[[35.611512,32.103548],[35.652818,32.203857],[35.626286,32.215246],[35.62046,32.244788],[35.578332,32.248071],[35.542551,32.116449],[35.611512,32.103548]]],"type":"Polygon"},"properties":{"placeId":"aa24fbf","name":"Valley of Succoth","type":"valley","landOrWater":"land","proposed":false,"role":"g00b3eb.geometry"}},{"type":"Feature","geometry":{"coordinates":[[35.828903,31.421044],[35.824892,31.425322],[35.824776,31.43348],[35.820353,31.439742],[35.818416,31.444431],[35.813492,31.448852],[35.809152,31.448843],[35.807222,31.450152],[35.806443,31.452111],[35.802641,31.452879],[35.800892,31.454078],[35.800065,31.455813],[35.799025,31.456018],[35.795201,31.455309],[35.793762,31.452106],[35.792817,31.451486],[35.789206,31.453467],[35.786916,31.450117],[35.785829,31.449763],[35.776489,31.453735],[35.774102,31.453218],[35.773619,31.453927],[35.771871,31.454179],[35.76884,31.457341],[35.76604,31.456636],[35.763162,31.454817],[35.761099,31.456389],[35.75907,31.456696],[35.758122,31.45551],[35.75839,31.454229],[35.756999,31.453365],[35.754213,31.452978],[35.750649,31.45093],[35.745166,31.451557],[35.743112,31.452394],[35.741975,31.453685],[35.736694,31.455104],[35.727078,31.455053],[35.726273,31.454444],[35.725887,31.451877],[35.724629,31.451103],[35.717978,31.451543],[35.716578,31.450529],[35.713402,31.450548],[35.709279,31.448985],[35.705322,31.449179],[35.703982,31.448204],[35.703805,31.446552],[35.699505,31.442504],[35.694012,31.440615],[35.69237,31.441072],[35.688229,31.440033],[35.686619,31.438065],[35.683438,31.438193],[35.680421,31.43517],[35.677846,31.429446],[35.67654,31.428924],[35.674206,31.429369],[35.669891,31.434762],[35.667533,31.434545],[35.665494,31.43536],[35.663477,31.434842],[35.66263,31.437122],[35.656901,31.440308],[35.651085,31.440104],[35.648811,31.44569],[35.644541,31.444171],[35.640764,31.441223],[35.640035,31.442175],[35.637849,31.442511],[35.635893,31.445013],[35.633576,31.44428],[35.632635,31.445797],[35.628386,31.443262],[35.627739,31.443529],[35.627632,31.444811],[35.625433,31.444967],[35.624843,31.446175],[35.623512,31.44677],[35.621731,31.446551],[35.619718,31.44534],[35.616882,31.445992],[35.614589,31.444754],[35.614049,31.445571],[35.608503,31.447676],[35.603294,31.446728],[35.603299,31.448358],[35.599177,31.451021],[35.597119,31.453465],[35.593925,31.455794],[35.590881,31.454957],[35.588796,31.456208],[35.584945,31.456703],[35.583692,31.46081],[35.58205,31.461995],[35.581911,31.463134],[35.57911,31.46458],[35.577801,31.466196],[35.567929,31.467066],[35.56324,31.464308]],"type":"LineString"},"properties":{"placeId":"af4c2cd","name":"Valley of the Arnon","type":"valley","landOrWater":"land","proposed":false,"role":"ged46ab.simplified"}},{"type":"Feature","geometry":{"coordinates":[[35.34247,31.824421],[35.342685,31.82433],[35.34335,31.823801],[35.344359,31.823838],[35.34511,31.823382],[35.34541,31.822963],[35.346032,31.822616],[35.346719,31.822543],[35.347642,31.823236],[35.347835,31.82402],[35.348071,31.824531],[35.348479,31.824731],[35.349637,31.824713],[35.350024,31.824367],[35.351992,31.823149],[35.352727,31.82278],[35.353199,31.822872],[35.353371,31.822999],[35.35395,31.822999],[35.354616,31.823455],[35.354701,31.823984],[35.354852,31.82413],[35.354873,31.824476],[35.355367,31.824877],[35.355452,31.825169],[35.355409,31.825752],[35.355817,31.825679],[35.356912,31.825169],[35.357126,31.825151],[35.357512,31.825351],[35.35777,31.825752],[35.358414,31.825898],[35.35895,31.825625],[35.359486,31.825971],[35.359444,31.826263],[35.359529,31.82681],[35.360366,31.827393],[35.361031,31.827211],[35.36189,31.827302],[35.362276,31.827794],[35.362209,31.828236],[35.363263,31.82887],[35.363971,31.829927],[35.36601,31.830511],[35.367297,31.830274],[35.367898,31.830401],[35.368091,31.831641],[35.367984,31.832115],[35.36837,31.832881],[35.369024,31.832963],[35.369636,31.832297],[35.370387,31.832352],[35.370537,31.831823],[35.371524,31.831386],[35.37191,31.831349],[35.373176,31.83217],[35.373606,31.832078],[35.373799,31.831933],[35.373949,31.832006],[35.374078,31.832279],[35.374657,31.832844],[35.375387,31.833263],[35.375708,31.833519],[35.376374,31.833628],[35.377232,31.832935],[35.377683,31.832935],[35.378949,31.833446],[35.379523,31.834227],[35.379374,31.835497]],"type":"LineString"},"properties":{"placeId":"a7c5927","name":"Valley of Zeboim","type":"valley","landOrWater":"land","proposed":true,"role":"g5e95d5.geometry"}},{"type":"Feature","geometry":{"coordinates":[[34.96019,31.59267],[34.96045,31.60235],[34.9566,31.60634],[34.95485,31.60659],[34.95273,31.61093],[34.94967,31.61235],[34.94902,31.61356],[34.94091,31.61309],[34.93072,31.61462],[34.92511,31.61675],[34.92259,31.61902],[34.92,31.61919],[34.91456,31.61511],[34.91117,31.61649],[34.90962,31.61476],[34.9075,31.61555],[34.90626,31.61462],[34.903,31.61457],[34.8992,31.61198],[34.89945,31.61064],[34.89732,31.60957],[34.89053,31.60861],[34.88682,31.61011],[34.88486,31.61286],[34.88342,31.61779],[34.88012,31.62013],[34.87976,31.62595],[34.87782,31.62692],[34.87463,31.62622],[34.87215,31.62707],[34.86874,31.62852],[34.86807,31.63019],[34.86489,31.62978],[34.86366,31.63131],[34.86087,31.62867],[34.8589,31.6299],[34.8375,31.62618],[34.83273,31.63073],[34.82766,31.63077],[34.82045,31.63316],[34.81813,31.63273],[34.81697,31.63391],[34.81499,31.63374],[34.81055,31.63695],[34.808,31.63757],[34.80638,31.63635],[34.80542,31.63838],[34.80301,31.63765],[34.80161,31.63886],[34.79813,31.63902],[34.79764,31.64007],[34.79084,31.64033],[34.79031,31.64264],[34.78844,31.64345],[34.7873,31.64268],[34.78694,31.64465],[34.7839,31.6458],[34.78297,31.64904],[34.78157,31.64838],[34.77543,31.65035],[34.77325,31.65202],[34.77317,31.65344],[34.77041,31.65396],[34.77053,31.65596],[34.76878,31.65552],[34.76696,31.66625],[34.76526,31.66602],[34.76448,31.66729],[34.76274,31.66751],[34.76432,31.669],[34.76464,31.67114],[34.76123,31.67044],[34.76066,31.67271],[34.75659,31.67621],[34.75681,31.67839],[34.75517,31.68175],[34.7565,31.68315],[34.75611,31.68451],[34.75451,31.68573],[34.75203,31.68488],[34.74949,31.68555],[34.75036,31.68706],[34.7494,31.69138],[34.74792,31.69053],[34.74747,31.69182],[34.74601,31.69155],[34.74365,31.69437],[34.74234,31.69286],[34.74195,31.69381],[34.74313,31.69531],[34.74106,31.69677],[34.7394,31.69659],[34.7391,31.69854],[34.7375,31.69901],[34.73512,31.70192],[34.73577,31.70277],[34.72887,31.70366],[34.72464,31.70572],[34.72034,31.70573],[34.72062,31.70711],[34.71793,31.7072],[34.71642,31.70886],[34.70791,31.71015],[34.70353,31.70958],[34.69692,31.71211]],"type":"LineString"},"properties":{"placeId":"a6bf8d4","name":"Valley of Zephathah","type":"valley","landOrWater":"land","proposed":true,"role":"g23cd0f.simplified"}},{"type":"Feature","geometry":{"coordinates":[[35.985014,30.810678],[35.974958,30.824487],[35.961596,30.830619],[35.948062,30.831455],[35.936363,30.839798],[35.925404,30.843365],[35.924527,30.849493],[35.914255,30.862898],[35.918338,30.871398],[35.91363,30.874747],[35.920791,30.876255],[35.923141,30.881392],[35.898857,30.884941],[35.894595,30.879713],[35.889742,30.879088],[35.88919,30.892689],[35.878455,30.896404],[35.872704,30.89429],[35.873895,30.886049],[35.870375,30.884453],[35.866435,30.886582],[35.864414,30.889325],[35.868412,30.904303],[35.857975,30.903571],[35.85031,30.905773],[35.844164,30.916284],[35.837905,30.921161],[35.838989,30.92617],[35.843509,30.92967],[35.84224,30.934474],[35.824074,30.93298],[35.820598,30.928264],[35.814437,30.927981],[35.809218,30.934113],[35.800143,30.933493],[35.800123,30.937862],[35.794499,30.938638],[35.784598,30.946074],[35.779887,30.944448],[35.774361,30.949291],[35.771153,30.946118],[35.772403,30.955862],[35.758905,30.955453],[35.75669,30.961514],[35.744462,30.960852],[35.739869,30.964217],[35.732629,30.96432],[35.712958,30.973337],[35.708703,30.979307],[35.700939,30.977444],[35.698125,30.980725],[35.694821,30.9784],[35.690746,30.979284],[35.68874,30.973773],[35.683085,30.970074],[35.678853,30.97774],[35.672596,30.976259],[35.674836,30.980227],[35.66296,30.98791],[35.652294,30.989012],[35.64867,30.98607],[35.641027,30.985419],[35.637777,30.988952],[35.630856,30.988633],[35.628087,30.992412],[35.619708,30.995747],[35.61802,30.990576],[35.610337,30.987668],[35.586751,30.990505],[35.587335,30.993606],[35.583834,30.993862],[35.582425,30.998089],[35.577205,30.994086],[35.575441,30.995859],[35.571312,30.994719],[35.570522,30.999463],[35.561021,31.002165],[35.55765,30.998404],[35.554082,31.001743],[35.547934,30.999597],[35.546192,31.003157],[35.548279,31.010818],[35.538774,31.014029],[35.537077,31.017455],[35.533831,31.015171],[35.526174,31.015462],[35.509818,31.006989],[35.506741,31.008505],[35.506098,31.005011],[35.502355,31.004517],[35.499689,31.008795],[35.495473,31.009315],[35.496458,31.014855],[35.492235,31.015254],[35.476261,31.028189],[35.47299,31.045356],[35.465225,31.050405],[35.466235,31.057245],[35.457299,31.069013],[35.45645,31.075737]],"type":"LineString"},"properties":{"placeId":"aaa2177","name":"Valley of Zered","type":"valley","landOrWater":"land","proposed":false,"role":"gc495b5.simplified"}},{"type":"Feature","geometry":{"coordinates":[[[35.81749,32.11527],[35.762,32.11279],[35.70712,32.1054],[35.65347,32.09316],[35.60165,32.07621],[35.55222,32.05475],[35.50573,32.02901],[35.4627,31.99928],[35.4236,31.96589],[35.38886,31.9292],[35.35885,31.88962],[35.3339,31.84759],[35.31429,31.80357],[35.30021,31.75806],[35.29181,31.71153],[35.28918,31.66452],[35.29234,31.61753],[35.30125,31.57108],[35.31579,31.52567],[35.3358,31.48181],[35.36106,31.43997],[35.39129,31.4006],[35.42614,31.36413],[35.46524,31.33096],[35.50816,31.30145],[35.55443,31.27592],[35.60355,31.25465],[35.65498,31.23785],[35.70816,31.22573],[35.76253,31.2184],[35.81749,31.21595],[35.87245,31.2184],[35.92682,31.22573],[35.98,31.23785],[36.03143,31.25465],[36.08055,31.27592],[36.12682,31.30145],[36.16974,31.33096],[36.20884,31.36413],[36.24369,31.4006],[36.27392,31.43997],[36.29918,31.48181],[36.31919,31.52567],[36.33373,31.57108],[36.34264,31.61753],[36.3458,31.66452],[36.34317,31.71153],[36.33477,31.75806],[36.32069,31.80357],[36.30108,31.84759],[36.27613,31.88962],[36.24612,31.9292],[36.21138,31.96589],[36.17228,31.99928],[36.12925,32.02901],[36.08276,32.05475],[36.03333,32.07621],[35.98151,32.09316],[35.92786,32.1054],[35.87298,32.11279],[35.81749,32.11527]]],"type":"Polygon"},"properties":{"placeId":"adec54b","name":"Waheb","type":"campsite","landOrWater":"land","proposed":false,"role":"g8ca77c.geometry"}},{"type":"Feature","geometry":{"coordinates":[[[35.23599,31.77169],[35.23543,31.77167],[35.23489,31.7716],[35.23435,31.77147],[35.23383,31.77131],[35.23334,31.77109],[35.23288,31.77084],[35.23245,31.77054],[35.23205,31.77021],[35.23171,31.76984],[35.2314,31.76945],[35.23115,31.76903],[35.23095,31.76859],[35.23081,31.76813],[35.23073,31.76767],[35.2307,31.7672],[35.23073,31.76673],[35.23081,31.76626],[35.23096,31.76581],[35.23115,31.76537],[35.2314,31.76495],[35.23171,31.76455],[35.23205,31.76419],[35.23245,31.76386],[35.23288,31.76356],[35.23334,31.7633],[35.23383,31.76309],[35.23435,31.76292],[35.23489,31.7628],[35.23543,31.76273],[35.23599,31.7627],[35.23654,31.76273],[35.23708,31.7628],[35.23762,31.76292],[35.23814,31.76309],[35.23863,31.7633],[35.23909,31.76356],[35.23952,31.76386],[35.23992,31.76419],[35.24026,31.76455],[35.24057,31.76495],[35.24082,31.76537],[35.24101,31.76581],[35.24116,31.76626],[35.24124,31.76673],[35.24127,31.7672],[35.24124,31.76767],[35.24116,31.76813],[35.24102,31.76859],[35.24082,31.76903],[35.24057,31.76945],[35.24026,31.76984],[35.23992,31.77021],[35.23952,31.77054],[35.23909,31.77084],[35.23863,31.77109],[35.23814,31.77131],[35.23762,31.77147],[35.23708,31.7716],[35.23654,31.77167],[35.23599,31.77169]]],"type":"Polygon"},"properties":{"placeId":"a84c559","name":"Washer’s Field","type":"field","landOrWater":"land","proposed":true,"role":"gf96069.geometry"}},{"type":"Feature","geometry":{"coordinates":[[[35.23417,31.8666],[35.2231,31.86611],[35.21215,31.86463],[35.20145,31.86219],[35.1911,31.85882],[35.18123,31.85454],[35.17194,31.84941],[35.16333,31.84348],[35.1555,31.83682],[35.14853,31.8295],[35.14251,31.8216],[35.13749,31.81321],[35.13353,31.80442],[35.13067,31.79532],[35.12895,31.78602],[35.12838,31.77662],[35.12897,31.76722],[35.13071,31.75793],[35.13359,31.74884],[35.13756,31.74005],[35.1426,31.73167],[35.14863,31.72378],[35.1556,31.71647],[35.16343,31.70981],[35.17203,31.7039],[35.18132,31.69877],[35.19118,31.6945],[35.20151,31.69113],[35.21219,31.6887],[35.22312,31.68723],[35.23417,31.68673],[35.24521,31.68723],[35.25614,31.6887],[35.26683,31.69113],[35.27716,31.6945],[35.28702,31.69877],[35.2963,31.7039],[35.3049,31.70981],[35.31273,31.71647],[35.3197,31.72378],[35.32574,31.73167],[35.33077,31.74005],[35.33475,31.74884],[35.33762,31.75793],[35.33937,31.76722],[35.33996,31.77662],[35.33939,31.78602],[35.33767,31.79532],[35.33481,31.80442],[35.33085,31.81321],[35.32583,31.8216],[35.3198,31.8295],[35.31283,31.83682],[35.305,31.84348],[35.2964,31.84941],[35.28711,31.85454],[35.27723,31.85882],[35.26689,31.86219],[35.25618,31.86463],[35.24524,31.86611],[35.23417,31.8666]]],"type":"Polygon"},"properties":{"placeId":"a207807","name":"Way of Holiness","type":"road","landOrWater":"land","proposed":false,"role":"g9518c8.geometry"}},{"type":"Feature","geometry":{"coordinates":[[35.466705,31.023158],[35.251347,30.806588],[35.268485,30.696542],[35.164959,30.253574],[35.164858,30.115112],[35.091187,29.950987],[35.078312,29.853195],[34.978499,29.654203],[34.953517,29.568895]],"type":"LineString"},"properties":{"placeId":"a55c970","name":"Way of the Red Sea","type":"road","landOrWater":"land","proposed":false,"role":"gfc0b35.geometry"}},{"type":"Feature","geometry":{"coordinates":[[[[35.11915,31.40685],[35.02216,31.3737],[35.12562,31.32398],[35.13208,31.32398],[35.13855,31.32398],[35.14502,31.32398],[35.15148,31.32398],[35.15795,31.32398],[35.16442,31.32398],[35.30667,31.34055],[35.33901,31.40685],[35.33901,31.41237],[35.33901,31.4179],[35.33254,31.4179],[35.32607,31.4179],[35.21615,31.4179],[35.20968,31.4179],[35.14502,31.41237],[35.11915,31.40685]]],[[[35.09329,31.36817],[35.09329,31.36265],[35.11915,31.34055],[35.13855,31.33502],[35.14502,31.33502],[35.15148,31.33502],[35.15795,31.33502],[35.16442,31.33502],[35.17088,31.33502],[35.17735,31.33502],[35.18381,31.33502],[35.28081,31.34055],[35.30667,31.3737],[35.30667,31.37922],[35.30667,31.38475],[35.30667,31.40132],[35.30667,31.40685],[35.30667,31.41237],[35.30021,31.41237],[35.29374,31.41237],[35.28727,31.41237],[35.28081,31.41237],[35.27434,31.41237],[35.26788,31.41237],[35.26141,31.41237],[35.25494,31.41237],[35.24848,31.41237],[35.24201,31.41237],[35.23554,31.41237],[35.22908,31.41237],[35.22261,31.41237],[35.21615,31.41237],[35.20968,31.41237],[35.20321,31.41237],[35.19675,31.41237],[35.19028,31.41237],[35.18381,31.41237],[35.17735,31.41237],[35.17088,31.41237],[35.16442,31.41237],[35.15795,31.41237],[35.15148,31.41237],[35.11915,31.40685],[35.09329,31.36817]]],[[[35.16442,31.33502],[35.17088,31.33502],[35.27434,31.34055],[35.27434,31.34607],[35.27434,31.3516],[35.27434,31.35712],[35.27434,31.3737],[35.27434,31.37922],[35.27434,31.38475],[35.27434,31.39027],[35.27434,31.40132],[35.27434,31.40685],[35.27434,31.41237],[35.26788,31.41237],[35.26141,31.41237],[35.25494,31.41237],[35.24848,31.41237],[35.24201,31.41237],[35.23554,31.41237],[35.22908,31.41237],[35.22261,31.41237],[35.21615,31.41237],[35.20968,31.41237],[35.20321,31.41237],[35.19675,31.41237],[35.19028,31.41237],[35.18381,31.41237],[35.17735,31.41237],[35.17088,31.41237],[35.16442,31.41237],[35.15795,31.41237],[35.13208,31.40685],[35.11915,31.37922],[35.11268,31.35712],[35.11268,31.3516],[35.14502,31.33502],[35.15148,31.33502],[35.15795,31.33502],[35.16442,31.33502]]],[[[35.13208,31.3516],[35.13855,31.34055],[35.14502,31.34055],[35.15148,31.34055],[35.15795,31.34055],[35.16442,31.34055],[35.17088,31.34055],[35.17735,31.34055],[35.18381,31.34055],[35.19028,31.34055],[35.19675,31.34055],[35.24201,31.34055],[35.24848,31.34055],[35.25494,31.34055],[35.26141,31.3737],[35.25494,31.38475],[35.24201,31.40685],[35.21615,31.41237],[35.20968,31.41237],[35.20321,31.41237],[35.19675,31.41237],[35.19028,31.41237],[35.18381,31.41237],[35.13208,31.40685],[35.12562,31.36265],[35.13208,31.3516]]],[[[35.13208,31.3958],[35.13208,31.39027],[35.13208,31.37922],[35.13208,31.36265],[35.13208,31.35712],[35.14502,31.34055],[35.17088,31.34055],[35.20968,31.34607],[35.22261,31.3516],[35.23554,31.35712],[35.25494,31.3737],[35.25494,31.37922],[35.23554,31.3958],[35.18381,31.41237],[35.15148,31.40685],[35.13855,31.40132],[35.13208,31.3958]]],[[[35.15795,31.39027],[35.14502,31.37922],[35.13855,31.36817],[35.13855,31.36265],[35.13855,31.35712],[35.14502,31.34607],[35.15148,31.34607],[35.20321,31.3516],[35.20321,31.35712],[35.20321,31.3737],[35.20321,31.37922],[35.20321,31.3958],[35.18381,31.40132],[35.17735,31.40132],[35.17088,31.40132],[35.16442,31.3958],[35.15795,31.39027]]],[[[35.16442,31.36265],[35.13855,31.36817],[35.14502,31.3516],[35.15148,31.3516],[35.15795,31.3516],[35.17088,31.3516],[35.17088,31.35712],[35.16442,31.36265]]]],"type":"MultiPolygon"},"properties":{"placeId":"ae11a0d","name":"Wilderness of Maon","type":"region","landOrWater":"land","proposed":false,"role":"ga7e226.isobands"}},{"type":"Feature","geometry":{"coordinates":[[[33.97333,28.98938],[33.9196,28.98691],[33.86646,28.97951],[33.81451,28.96728],[33.76432,28.95035],[33.71645,28.9289],[33.67142,28.90317],[33.62974,28.87345],[33.59186,28.84007],[33.55819,28.80339],[33.5291,28.76383],[33.50492,28.72181],[33.48589,28.6778],[33.47222,28.63229],[33.46405,28.58577],[33.46148,28.53876],[33.46451,28.49177],[33.47311,28.44532],[33.48717,28.3999],[33.50654,28.35603],[33.53099,28.31418],[33.56027,28.27479],[33.59403,28.23831],[33.63191,28.20513],[33.6735,28.17561],[33.71834,28.15007],[33.76595,28.12878],[33.8158,28.11198],[33.86735,28.09985],[33.92005,28.09251],[33.97333,28.09006],[34.02661,28.09251],[34.07931,28.09985],[34.13087,28.11198],[34.18072,28.12878],[34.22832,28.15007],[34.27316,28.17561],[34.31475,28.20513],[34.35264,28.23831],[34.3864,28.27479],[34.41567,28.31418],[34.44013,28.35603],[34.4595,28.3999],[34.47356,28.44532],[34.48216,28.49177],[34.48519,28.53876],[34.48261,28.58577],[34.47445,28.63229],[34.46078,28.6778],[34.44175,28.72181],[34.41756,28.76383],[34.38848,28.80339],[34.35481,28.84007],[34.31693,28.87345],[34.27524,28.90317],[34.23022,28.9289],[34.18234,28.95035],[34.13215,28.96728],[34.0802,28.97951],[34.02707,28.98691],[33.97333,28.98938]]],"type":"Polygon"},"properties":{"placeId":"ae50cf1","name":"Wilderness of Sinai","type":"region","landOrWater":"land","proposed":false,"role":"g233cfa.geometry"}},{"type":"Feature","geometry":{"coordinates":[[[[35.13558,31.44644],[35.18223,31.44146],[35.18806,31.44146],[35.19389,31.44146],[35.33965,31.45639],[35.35131,31.48127],[35.35131,31.48625],[35.35131,31.49122],[35.35131,31.4962],[35.35131,31.50118],[35.35131,31.50615],[35.35131,31.51113],[35.33965,31.51611],[35.26968,31.54596],[35.26385,31.54596],[35.2347,31.53601],[35.20555,31.52606],[35.15307,31.50118],[35.11226,31.4763],[35.10643,31.47132],[35.13558,31.44644]]],[[[35.14724,31.49122],[35.13558,31.48127],[35.12975,31.4763],[35.12975,31.47132],[35.12975,31.46137],[35.1589,31.45141],[35.19389,31.44146],[35.34548,31.48127],[35.24636,31.53103],[35.24053,31.53103],[35.20555,31.52108],[35.19389,31.51611],[35.15307,31.4962],[35.14724,31.49122]]],[[[35.15307,31.45639],[35.18806,31.44644],[35.19389,31.44644],[35.19972,31.44644],[35.20555,31.44644],[35.25219,31.4763],[35.25802,31.51113],[35.25802,31.52108],[35.24053,31.52606],[35.2347,31.52606],[35.18223,31.50615],[35.17056,31.50118],[35.14141,31.48127],[35.13558,31.4763],[35.13558,31.47132],[35.13558,31.46634],[35.13558,31.46137],[35.15307,31.45639]]],[[[35.13558,31.4763],[35.13558,31.47132],[35.14141,31.46634],[35.15307,31.46137],[35.20555,31.45141],[35.21138,31.45141],[35.25219,31.50615],[35.25219,31.51113],[35.25219,31.51611],[35.24053,31.52108],[35.2347,31.52108],[35.22887,31.52108],[35.22304,31.52108],[35.17056,31.50118],[35.13558,31.4763]]],[[[35.13558,31.4763],[35.13558,31.47132],[35.14724,31.46634],[35.1589,31.46137],[35.16473,31.46137],[35.21138,31.46634],[35.2347,31.4962],[35.24636,31.51611],[35.24053,31.51611],[35.2347,31.51611],[35.21721,31.51113],[35.19972,31.50615],[35.18223,31.50118],[35.13558,31.4763]]],[[[35.18223,31.4962],[35.14141,31.4763],[35.14724,31.47132],[35.15307,31.47132],[35.1589,31.47132],[35.16473,31.47132],[35.17056,31.47132],[35.17639,31.47132],[35.18223,31.47132],[35.20555,31.48127],[35.24053,31.51113],[35.2347,31.51113],[35.19389,31.50118],[35.18223,31.4962]]],[[[35.18223,31.4962],[35.15307,31.4763],[35.15307,31.47132],[35.1589,31.47132],[35.16473,31.47132],[35.17056,31.47132],[35.19972,31.48127],[35.20555,31.48625],[35.21721,31.50118],[35.18223,31.4962]]]],"type":"MultiPolygon"},"properties":{"placeId":"a50057d","name":"Wilderness of Ziph","type":"region","landOrWater":"land","proposed":false,"role":"geafde0.isobands"}},{"type":"Feature","geometry":{"coordinates":[[[35.38333,31.48597],[35.37892,31.48578],[35.37456,31.48519],[35.3703,31.48421],[35.36618,31.48286],[35.36224,31.48115],[35.35854,31.4791],[35.35511,31.47673],[35.35199,31.47407],[35.34921,31.47114],[35.34681,31.46798],[35.34481,31.46463],[35.34322,31.46111],[35.34208,31.45747],[35.34139,31.45375],[35.34117,31.44999],[35.3414,31.44623],[35.34209,31.44251],[35.34323,31.43888],[35.34482,31.43536],[35.34682,31.43201],[35.34923,31.42885],[35.352,31.42593],[35.35513,31.42326],[35.35856,31.42089],[35.36226,31.41884],[35.36619,31.41714],[35.37031,31.41579],[35.37457,31.41481],[35.37893,31.41422],[35.38333,31.41403],[35.38774,31.41422],[35.3921,31.41481],[35.39636,31.41579],[35.40048,31.41714],[35.40441,31.41884],[35.40811,31.42089],[35.41154,31.42326],[35.41466,31.42593],[35.41744,31.42885],[35.41984,31.43201],[35.42185,31.43536],[35.42343,31.43888],[35.42458,31.44251],[35.42527,31.44623],[35.4255,31.44999],[35.42527,31.45375],[35.42458,31.45747],[35.42344,31.46111],[35.42186,31.46463],[35.41986,31.46798],[35.41745,31.47114],[35.41468,31.47407],[35.41156,31.47673],[35.40813,31.4791],[35.40442,31.48115],[35.40049,31.48286],[35.39637,31.48421],[35.3921,31.48519],[35.38774,31.48578],[35.38333,31.48597]]],"type":"Polygon"},"properties":{"placeId":"adea7b0","name":"Wildgoats’ Rocks","type":"natural area","landOrWater":"land","proposed":false,"role":"gd4f253.geometry"}},{"type":"Feature","geometry":{"coordinates":[[[34.84917,31.6732],[34.83591,31.6726],[34.8228,31.67084],[34.80998,31.66791],[34.7976,31.66386],[34.78577,31.65872],[34.77465,31.65256],[34.76434,31.64545],[34.75497,31.63745],[34.74663,31.62867],[34.73941,31.61919],[34.7334,31.60912],[34.72866,31.59857],[34.72525,31.58766],[34.72319,31.5765],[34.72251,31.56522],[34.72322,31.55394],[34.72531,31.54278],[34.72875,31.53187],[34.73351,31.52133],[34.73954,31.51127],[34.74677,31.5018],[34.75511,31.49303],[34.76449,31.48505],[34.77479,31.47795],[34.7859,31.4718],[34.7977,31.46668],[34.81007,31.46264],[34.82286,31.45972],[34.83594,31.45795],[34.84917,31.45736],[34.86239,31.45795],[34.87547,31.45972],[34.88826,31.46264],[34.90063,31.46668],[34.91243,31.4718],[34.92355,31.47795],[34.93385,31.48505],[34.94322,31.49303],[34.95157,31.5018],[34.95879,31.51127],[34.96482,31.52133],[34.96958,31.53187],[34.97303,31.54278],[34.97512,31.55394],[34.97583,31.56522],[34.97515,31.5765],[34.97309,31.58766],[34.96967,31.59857],[34.96493,31.60912],[34.95892,31.61919],[34.95171,31.62867],[34.94337,31.63745],[34.93399,31.64545],[34.92368,31.65256],[34.91256,31.65872],[34.90074,31.66386],[34.88835,31.66791],[34.87553,31.67084],[34.86242,31.6726],[34.84917,31.6732]]],"type":"Polygon"},"properties":{"placeId":"a4e7fa8","name":"Zaanan","type":"settlement","landOrWater":"land","proposed":true,"role":"g7755b8.geometry"}},{"type":"Feature","geometry":{"coordinates":[[35.466614,30.762102],[35.466828,30.761604],[35.466903,30.760203],[35.467129,30.759954],[35.466378,30.758672],[35.46568,30.758184],[35.46449,30.759083],[35.464613,30.759516],[35.464361,30.760092],[35.463191,30.760115],[35.462505,30.760908],[35.460906,30.760917],[35.460622,30.761235],[35.459147,30.761913],[35.457092,30.762558],[35.455531,30.763665],[35.453492,30.764545],[35.452929,30.765163],[35.45242,30.765342],[35.452371,30.766444],[35.451894,30.766794],[35.451465,30.766647],[35.450687,30.766794],[35.450285,30.766439],[35.449823,30.766559],[35.449147,30.766172],[35.447854,30.766721],[35.443032,30.76755],[35.442141,30.767108],[35.440908,30.765753],[35.439706,30.76614],[35.438451,30.76555],[35.436605,30.765559],[35.435511,30.765089],[35.43447,30.764987],[35.433408,30.765061],[35.431488,30.765992],[35.430586,30.765771],[35.429041,30.766905],[35.427282,30.767043],[35.426134,30.767301],[35.425179,30.767772],[35.423892,30.769468],[35.424031,30.770021],[35.423462,30.771035],[35.423452,30.771542],[35.422658,30.77227],[35.422465,30.773395],[35.421413,30.775073],[35.420437,30.775478],[35.419428,30.775257],[35.419031,30.77546],[35.418999,30.775782],[35.419343,30.776188],[35.419761,30.777442],[35.419493,30.778575],[35.419536,30.779377],[35.419825,30.779893],[35.419654,30.78064],[35.42004,30.780972],[35.420866,30.780751],[35.421381,30.780935],[35.421724,30.781497],[35.421767,30.78193],[35.421563,30.782244],[35.421124,30.782401],[35.420587,30.782115],[35.420276,30.78217],[35.419589,30.782769],[35.417862,30.782041],[35.417454,30.782198],[35.416703,30.783129],[35.416607,30.783875],[35.415459,30.783728],[35.415255,30.783885],[35.415148,30.784511],[35.414171,30.785396],[35.41297,30.785608],[35.411468,30.786428],[35.411049,30.788152],[35.41092,30.79124],[35.41032,30.791562],[35.409697,30.791608],[35.407981,30.790779],[35.40252,30.790641],[35.400095,30.790862],[35.398335,30.791452],[35.396168,30.791415],[35.392907,30.793479],[35.390224,30.795544],[35.387929,30.797811],[35.386362,30.79947],[35.385686,30.800677],[35.382382,30.802999],[35.379581,30.805515],[35.37824,30.809873],[35.377286,30.810786],[35.37676,30.811624],[35.375397,30.811873],[35.373734,30.813099],[35.372973,30.81519],[35.372307,30.815872],[35.371535,30.817678]],"type":"LineString"},"properties":{"placeId":"a1c6a50","name":"Zalmonah","type":"campsite","landOrWater":"land","proposed":true,"role":"g489d0b.simplified"}},{"type":"Feature","geometry":{"coordinates":[[[35.408824,31.314783],[35.305248,30.924507],[35.479241,30.90329],[35.546828,31.303317],[35.408824,31.314783]]],"type":"Polygon"},"properties":{"placeId":"abfbfb9","name":"Zeboiim","type":"settlement","landOrWater":"land","proposed":true,"role":"g9db00b.geometry"}},{"type":"Feature","geometry":{"coordinates":[[[34.84917,31.6732],[34.83591,31.6726],[34.8228,31.67084],[34.80998,31.66791],[34.7976,31.66386],[34.78577,31.65872],[34.77465,31.65256],[34.76434,31.64545],[34.75497,31.63745],[34.74663,31.62867],[34.73941,31.61919],[34.7334,31.60912],[34.72866,31.59857],[34.72525,31.58766],[34.72319,31.5765],[34.72251,31.56522],[34.72322,31.55394],[34.72531,31.54278],[34.72875,31.53187],[34.73351,31.52133],[34.73954,31.51127],[34.74677,31.5018],[34.75511,31.49303],[34.76449,31.48505],[34.77479,31.47795],[34.7859,31.4718],[34.7977,31.46668],[34.81007,31.46264],[34.82286,31.45972],[34.83594,31.45795],[34.84917,31.45736],[34.86239,31.45795],[34.87547,31.45972],[34.88826,31.46264],[34.90063,31.46668],[34.91243,31.4718],[34.92355,31.47795],[34.93385,31.48505],[34.94322,31.49303],[34.95157,31.5018],[34.95879,31.51127],[34.96482,31.52133],[34.96958,31.53187],[34.97303,31.54278],[34.97512,31.55394],[34.97583,31.56522],[34.97515,31.5765],[34.97309,31.58766],[34.96967,31.59857],[34.96493,31.60912],[34.95892,31.61919],[34.95171,31.62867],[34.94337,31.63745],[34.93399,31.64545],[34.92368,31.65256],[34.91256,31.65872],[34.90074,31.66386],[34.88835,31.66791],[34.87553,31.67084],[34.86242,31.6726],[34.84917,31.6732]]],"type":"Polygon"},"properties":{"placeId":"a5e1150","name":"Zenan","type":"settlement","landOrWater":"land","proposed":true,"role":"g7755b8.geometry"}},{"type":"Feature","geometry":{"coordinates":[[35.985014,30.810678],[35.974958,30.824487],[35.961596,30.830619],[35.948062,30.831455],[35.936363,30.839798],[35.925404,30.843365],[35.924527,30.849493],[35.914255,30.862898],[35.918338,30.871398],[35.91363,30.874747],[35.920791,30.876255],[35.923141,30.881392],[35.898857,30.884941],[35.894595,30.879713],[35.889742,30.879088],[35.88919,30.892689],[35.878455,30.896404],[35.872704,30.89429],[35.873895,30.886049],[35.870375,30.884453],[35.866435,30.886582],[35.864414,30.889325],[35.868412,30.904303],[35.857975,30.903571],[35.85031,30.905773],[35.844164,30.916284],[35.837905,30.921161],[35.838989,30.92617],[35.843509,30.92967],[35.84224,30.934474],[35.824074,30.93298],[35.820598,30.928264],[35.814437,30.927981],[35.809218,30.934113],[35.800143,30.933493],[35.800123,30.937862],[35.794499,30.938638],[35.784598,30.946074],[35.779887,30.944448],[35.774361,30.949291],[35.771153,30.946118],[35.772403,30.955862],[35.758905,30.955453],[35.75669,30.961514],[35.744462,30.960852],[35.739869,30.964217],[35.732629,30.96432],[35.712958,30.973337],[35.708703,30.979307],[35.700939,30.977444],[35.698125,30.980725],[35.694821,30.9784],[35.690746,30.979284],[35.68874,30.973773],[35.683085,30.970074],[35.678853,30.97774],[35.672596,30.976259],[35.674836,30.980227],[35.66296,30.98791],[35.652294,30.989012],[35.64867,30.98607],[35.641027,30.985419],[35.637777,30.988952],[35.630856,30.988633],[35.628087,30.992412],[35.619708,30.995747],[35.61802,30.990576],[35.610337,30.987668],[35.586751,30.990505],[35.587335,30.993606],[35.583834,30.993862],[35.582425,30.998089],[35.577205,30.994086],[35.575441,30.995859],[35.571312,30.994719],[35.570522,30.999463],[35.561021,31.002165],[35.55765,30.998404],[35.554082,31.001743],[35.547934,30.999597],[35.546192,31.003157],[35.548279,31.010818],[35.538774,31.014029],[35.537077,31.017455],[35.533831,31.015171],[35.526174,31.015462],[35.509818,31.006989],[35.506741,31.008505],[35.506098,31.005011],[35.502355,31.004517],[35.499689,31.008795],[35.495473,31.009315],[35.496458,31.014855],[35.492235,31.015254],[35.476261,31.028189],[35.47299,31.045356],[35.465225,31.050405],[35.466235,31.057245],[35.457299,31.069013],[35.45645,31.075737]],"type":"LineString"},"properties":{"placeId":"ab5161f","name":"Zered","type":"river","landOrWater":"water","proposed":false,"role":"gc495b5.simplified"}},{"type":"Feature","geometry":{"coordinates":[[[48.25778,38.0348],[47.48369,38.00046],[46.72009,37.89792],[45.97723,37.72856],[45.26491,37.49471],[44.59226,37.19951],[43.96758,36.84688],[43.3982,36.44144],[42.89041,35.98839],[42.44941,35.49345],[42.07926,34.96273],[41.78294,34.40263],[41.56238,33.81975],[41.4185,33.22084],[41.3513,32.61264],[41.35996,32.00187],[41.44285,31.39514],[41.59771,30.7989],[41.82161,30.21935],[42.11111,29.66243],[42.46229,29.13378],[42.8708,28.63864],[43.3319,28.18191],[43.84055,27.76803],[44.39141,27.401],[44.97889,27.08434],[45.59721,26.82106],[46.24041,26.61367],[46.90238,26.46412],[47.57693,26.37383],[48.25778,26.34364],[48.93863,26.37383],[49.61318,26.46412],[50.27515,26.61367],[50.91835,26.82106],[51.53667,27.08434],[52.12415,27.401],[52.67501,27.76803],[53.18366,28.18191],[53.64476,28.63864],[54.05327,29.13378],[54.40445,29.66243],[54.69395,30.21935],[54.91785,30.7989],[55.07271,31.39514],[55.1556,32.00187],[55.16426,32.61264],[55.09706,33.22084],[54.95318,33.81975],[54.73262,34.40263],[54.4363,34.96273],[54.06615,35.49345],[53.62515,35.98839],[53.11736,36.44144],[52.54798,36.84688],[51.9233,37.19951],[51.25065,37.49471],[50.53833,37.72856],[49.79547,37.89792],[49.03187,38.00046],[48.25778,38.0348]]],"type":"Polygon"},"properties":{"placeId":"a5bbf9c","name":"Zimri","type":"region","landOrWater":"land","proposed":true,"role":"g074d43.geometry"}},{"type":"Feature","geometry":{"coordinates":[[[[34.22866,30.84914],[34.22866,30.82082],[34.22866,30.7925],[34.22866,30.76419],[34.39242,30.39607],[34.42518,30.39607],[34.45793,30.39607],[34.49068,30.39607],[34.52343,30.39607],[34.55619,30.39607],[34.58894,30.39607],[34.62169,30.39607],[34.65444,30.39607],[34.6872,30.39607],[34.71995,30.39607],[34.7527,30.39607],[34.78545,30.39607],[35.01472,30.42439],[35.14573,30.56597],[35.21124,30.70756],[35.21124,30.73587],[35.21124,30.76419],[35.21124,30.7925],[35.21124,30.82082],[35.21124,30.84914],[35.21124,30.87745],[35.17848,30.99072],[35.14573,31.10399],[35.11298,31.10399],[34.49068,31.07567],[34.32692,31.01904],[34.29417,30.99072],[34.22866,30.87745],[34.22866,30.84914]]],[[[34.39242,30.39607],[34.42518,30.39607],[34.62169,30.39607],[34.65444,30.39607],[34.6872,30.39607],[34.71995,30.39607],[34.7527,30.39607],[34.98197,30.45271],[35.08023,30.56597],[35.17848,30.70756],[35.21124,30.7925],[35.21124,30.82082],[35.21124,30.84914],[35.17848,30.9624],[35.08023,31.07567],[34.49068,31.01904],[34.32692,30.99072],[34.29417,30.87745],[34.39242,30.39607]]],[[[34.49068,30.99072],[34.45793,30.93409],[34.42518,30.87745],[34.42518,30.7925],[34.52343,30.45271],[34.62169,30.42439],[34.65444,30.42439],[34.6872,30.42439],[34.71995,30.42439],[34.7527,30.42439],[34.78545,30.42439],[34.88371,30.45271],[34.94922,30.48102],[35.01472,30.50934],[35.17848,30.76419],[35.17848,30.7925],[35.17848,30.82082],[35.17848,30.84914],[35.17848,30.90577],[35.17848,30.93409],[35.14573,30.9624],[35.11298,30.99072],[34.98197,31.01904],[34.94922,31.01904],[34.49068,30.99072]]],[[[34.58894,30.93409],[34.45793,30.87745],[34.45793,30.7925],[34.62169,30.45271],[34.65444,30.45271],[34.6872,30.45271],[34.71995,30.45271],[34.7527,30.45271],[34.78545,30.45271],[34.81821,30.45271],[34.98197,30.50934],[35.17848,30.7925],[35.17848,30.82082],[35.17848,30.84914],[35.14573,30.9624],[34.98197,30.99072],[34.94922,30.99072],[34.91646,30.99072],[34.58894,30.93409]]],[[[34.58894,30.90577],[34.52343,30.84914],[34.52343,30.82082],[34.52343,30.7925],[34.52343,30.76419],[34.62169,30.50934],[34.78545,30.50934],[34.81821,30.50934],[34.85096,30.50934],[34.88371,30.53766],[34.91646,30.56597],[35.14573,30.76419],[35.17848,30.7925],[35.17848,30.82082],[35.17848,30.84914],[35.11298,30.93409],[35.08023,30.9624],[35.04747,30.9624],[34.71995,30.93409],[34.58894,30.90577]]],[[[34.55619,30.73587],[34.58894,30.70756],[34.85096,30.62261],[34.88371,30.62261],[34.91646,30.62261],[35.11298,30.76419],[35.14573,30.7925],[35.14573,30.82082],[35.14573,30.84914],[35.11298,30.90577],[34.98197,30.93409],[34.91646,30.93409],[34.88371,30.93409],[34.85096,30.93409],[34.81821,30.93409],[34.78545,30.93409],[34.7527,30.93409],[34.71995,30.93409],[34.62169,30.90577],[34.58894,30.87745],[34.55619,30.84914],[34.55619,30.82082],[34.55619,30.7925],[34.55619,30.76419],[34.55619,30.73587]]],[[[34.58894,30.70756],[34.7527,30.67924],[34.78545,30.67924],[34.81821,30.67924],[34.85096,30.67924],[34.88371,30.67924],[34.91646,30.67924],[35.11298,30.76419],[35.14573,30.82082],[35.14573,30.84914],[35.11298,30.87745],[35.08023,30.90577],[35.04747,30.90577],[35.01472,30.90577],[34.98197,30.90577],[34.94922,30.90577],[34.91646,30.90577],[34.88371,30.90577],[34.85096,30.90577],[34.81821,30.90577],[34.78545,30.90577],[34.7527,30.90577],[34.71995,30.90577],[34.6872,30.90577],[34.65444,30.90577],[34.58894,30.87745],[34.55619,30.7925],[34.55619,30.76419],[34.58894,30.70756]]],[[[34.58894,30.73587],[34.62169,30.70756],[34.88371,30.67924],[34.91646,30.67924],[35.11298,30.76419],[35.11298,30.7925],[35.11298,30.82082],[35.11298,30.84914],[35.08023,30.90577],[35.04747,30.90577],[35.01472,30.90577],[34.98197,30.90577],[34.94922,30.90577],[34.91646,30.90577],[34.88371,30.90577],[34.85096,30.90577],[34.81821,30.90577],[34.78545,30.90577],[34.7527,30.90577],[34.71995,30.90577],[34.6872,30.90577],[34.65444,30.90577],[34.62169,30.87745],[34.58894,30.84914],[34.55619,30.76419],[34.58894,30.73587]]],[[[34.58894,30.73587],[34.65444,30.70756],[35.08023,30.76419],[35.11298,30.7925],[35.11298,30.82082],[35.11298,30.84914],[35.04747,30.90577],[35.01472,30.90577],[34.98197,30.90577],[34.94922,30.90577],[34.91646,30.90577],[34.88371,30.90577],[34.85096,30.90577],[34.81821,30.90577],[34.78545,30.90577],[34.7527,30.90577],[34.71995,30.90577],[34.6872,30.90577],[34.65444,30.87745],[34.62169,30.84914],[34.58894,30.7925],[34.58894,30.76419],[34.58894,30.73587]]]],"type":"MultiPolygon"},"properties":{"placeId":"a0b5c50","name":"Zin 1","type":"region","landOrWater":"land","proposed":false,"role":"g51b30d.isobands"}},{"type":"Feature","geometry":{"coordinates":[[[[34.22866,30.84914],[34.22866,30.82082],[34.22866,30.7925],[34.22866,30.76419],[34.39242,30.39607],[34.42518,30.39607],[34.45793,30.39607],[34.49068,30.39607],[34.52343,30.39607],[34.55619,30.39607],[34.58894,30.39607],[34.62169,30.39607],[34.65444,30.39607],[34.6872,30.39607],[34.71995,30.39607],[34.7527,30.39607],[34.78545,30.39607],[35.01472,30.42439],[35.14573,30.56597],[35.21124,30.70756],[35.21124,30.73587],[35.21124,30.76419],[35.21124,30.7925],[35.21124,30.82082],[35.21124,30.84914],[35.21124,30.87745],[35.17848,30.99072],[35.14573,31.10399],[35.11298,31.10399],[34.49068,31.07567],[34.32692,31.01904],[34.29417,30.99072],[34.22866,30.87745],[34.22866,30.84914]]],[[[34.39242,30.39607],[34.42518,30.39607],[34.62169,30.39607],[34.65444,30.39607],[34.6872,30.39607],[34.71995,30.39607],[34.7527,30.39607],[34.98197,30.45271],[35.08023,30.56597],[35.17848,30.70756],[35.21124,30.7925],[35.21124,30.82082],[35.21124,30.84914],[35.17848,30.9624],[35.08023,31.07567],[34.49068,31.01904],[34.32692,30.99072],[34.29417,30.87745],[34.39242,30.39607]]],[[[34.49068,30.99072],[34.45793,30.93409],[34.42518,30.87745],[34.42518,30.7925],[34.52343,30.45271],[34.62169,30.42439],[34.65444,30.42439],[34.6872,30.42439],[34.71995,30.42439],[34.7527,30.42439],[34.78545,30.42439],[34.88371,30.45271],[34.94922,30.48102],[35.01472,30.50934],[35.17848,30.76419],[35.17848,30.7925],[35.17848,30.82082],[35.17848,30.84914],[35.17848,30.90577],[35.17848,30.93409],[35.14573,30.9624],[35.11298,30.99072],[34.98197,31.01904],[34.94922,31.01904],[34.49068,30.99072]]],[[[34.58894,30.93409],[34.45793,30.87745],[34.45793,30.7925],[34.62169,30.45271],[34.65444,30.45271],[34.6872,30.45271],[34.71995,30.45271],[34.7527,30.45271],[34.78545,30.45271],[34.81821,30.45271],[34.98197,30.50934],[35.17848,30.7925],[35.17848,30.82082],[35.17848,30.84914],[35.14573,30.9624],[34.98197,30.99072],[34.94922,30.99072],[34.91646,30.99072],[34.58894,30.93409]]],[[[34.58894,30.90577],[34.52343,30.84914],[34.52343,30.82082],[34.52343,30.7925],[34.52343,30.76419],[34.62169,30.50934],[34.78545,30.50934],[34.81821,30.50934],[34.85096,30.50934],[34.88371,30.53766],[34.91646,30.56597],[35.14573,30.76419],[35.17848,30.7925],[35.17848,30.82082],[35.17848,30.84914],[35.11298,30.93409],[35.08023,30.9624],[35.04747,30.9624],[34.71995,30.93409],[34.58894,30.90577]]],[[[34.55619,30.73587],[34.58894,30.70756],[34.85096,30.62261],[34.88371,30.62261],[34.91646,30.62261],[35.11298,30.76419],[35.14573,30.7925],[35.14573,30.82082],[35.14573,30.84914],[35.11298,30.90577],[34.98197,30.93409],[34.91646,30.93409],[34.88371,30.93409],[34.85096,30.93409],[34.81821,30.93409],[34.78545,30.93409],[34.7527,30.93409],[34.71995,30.93409],[34.62169,30.90577],[34.58894,30.87745],[34.55619,30.84914],[34.55619,30.82082],[34.55619,30.7925],[34.55619,30.76419],[34.55619,30.73587]]],[[[34.58894,30.70756],[34.7527,30.67924],[34.78545,30.67924],[34.81821,30.67924],[34.85096,30.67924],[34.88371,30.67924],[34.91646,30.67924],[35.11298,30.76419],[35.14573,30.82082],[35.14573,30.84914],[35.11298,30.87745],[35.08023,30.90577],[35.04747,30.90577],[35.01472,30.90577],[34.98197,30.90577],[34.94922,30.90577],[34.91646,30.90577],[34.88371,30.90577],[34.85096,30.90577],[34.81821,30.90577],[34.78545,30.90577],[34.7527,30.90577],[34.71995,30.90577],[34.6872,30.90577],[34.65444,30.90577],[34.58894,30.87745],[34.55619,30.7925],[34.55619,30.76419],[34.58894,30.70756]]],[[[34.58894,30.73587],[34.62169,30.70756],[34.88371,30.67924],[34.91646,30.67924],[35.11298,30.76419],[35.11298,30.7925],[35.11298,30.82082],[35.11298,30.84914],[35.08023,30.90577],[35.04747,30.90577],[35.01472,30.90577],[34.98197,30.90577],[34.94922,30.90577],[34.91646,30.90577],[34.88371,30.90577],[34.85096,30.90577],[34.81821,30.90577],[34.78545,30.90577],[34.7527,30.90577],[34.71995,30.90577],[34.6872,30.90577],[34.65444,30.90577],[34.62169,30.87745],[34.58894,30.84914],[34.55619,30.76419],[34.58894,30.73587]]],[[[34.58894,30.73587],[34.65444,30.70756],[35.08023,30.76419],[35.11298,30.7925],[35.11298,30.82082],[35.11298,30.84914],[35.04747,30.90577],[35.01472,30.90577],[34.98197,30.90577],[34.94922,30.90577],[34.91646,30.90577],[34.88371,30.90577],[34.85096,30.90577],[34.81821,30.90577],[34.78545,30.90577],[34.7527,30.90577],[34.71995,30.90577],[34.6872,30.90577],[34.65444,30.87745],[34.62169,30.84914],[34.58894,30.7925],[34.58894,30.76419],[34.58894,30.73587]]]],"type":"MultiPolygon"},"properties":{"placeId":"a190097","name":"Zin 2","type":"region","landOrWater":"land","proposed":true,"role":"g51b30d.isobands"}},{"type":"Feature","geometry":{"coordinates":[[[35.10222,31.61502],[35.09118,31.61453],[35.08026,31.61305],[35.06959,31.61061],[35.05927,31.60724],[35.04942,31.60296],[35.04016,31.59783],[35.03157,31.5919],[35.02377,31.58524],[35.01682,31.57792],[35.01081,31.57002],[35.0058,31.56163],[35.00185,31.55284],[34.999,31.54374],[34.99728,31.53444],[34.99672,31.52504],[34.99731,31.51564],[34.99904,31.50635],[35.00191,31.49726],[35.00588,31.48847],[35.0109,31.48009],[35.01691,31.4722],[35.02387,31.46489],[35.03168,31.45824],[35.04026,31.45232],[35.04951,31.44719],[35.05935,31.44292],[35.06965,31.43955],[35.08031,31.43712],[35.0912,31.43565],[35.10222,31.43515],[35.11324,31.43565],[35.12413,31.43712],[35.13479,31.43955],[35.14509,31.44292],[35.15493,31.44719],[35.16418,31.45232],[35.17276,31.45824],[35.18057,31.46489],[35.18753,31.4722],[35.19354,31.48009],[35.19856,31.48847],[35.20253,31.49726],[35.2054,31.50635],[35.20713,31.51564],[35.20772,31.52504],[35.20716,31.53444],[35.20544,31.54374],[35.20259,31.55284],[35.19864,31.56163],[35.19363,31.57002],[35.18762,31.57792],[35.18067,31.58524],[35.17287,31.5919],[35.16428,31.59783],[35.15502,31.60296],[35.14517,31.60724],[35.13485,31.61061],[35.12418,31.61305],[35.11326,31.61453],[35.10222,31.61502]]],"type":"Polygon"},"properties":{"placeId":"ac2907d","name":"Zior","type":"settlement","landOrWater":"land","proposed":true,"role":"gfc935d.geometry"}},{"type":"Feature","geometry":{"coordinates":[[35.25915,31.547581],[35.262012,31.545902],[35.264252,31.543305],[35.265346,31.542817],[35.266508,31.543305],[35.26762,31.542659],[35.268815,31.543535],[35.270146,31.543319],[35.270567,31.54253],[35.272267,31.542013],[35.27289,31.540779],[35.274406,31.542056],[35.276359,31.541224],[35.277134,31.5422],[35.279309,31.542337],[35.279762,31.542266],[35.279821,31.541536],[35.280381,31.541505],[35.281107,31.541739],[35.281179,31.542622],[35.286299,31.540582],[35.290276,31.542682],[35.292871,31.542814],[35.296359,31.541871],[35.301259,31.539259],[35.302118,31.539403],[35.302505,31.540938],[35.306647,31.541828],[35.307068,31.540651],[35.312317,31.539351],[35.313364,31.539482],[35.314443,31.540201],[35.314516,31.541325],[35.313463,31.542559],[35.313475,31.543815],[35.314584,31.545306],[35.315847,31.545831],[35.318546,31.543531],[35.320549,31.544476],[35.320888,31.545243],[35.321794,31.545211],[35.321258,31.543815],[35.322194,31.542759],[35.32469,31.542911],[35.325577,31.544203],[35.326884,31.544765],[35.327623,31.544587],[35.328338,31.543289],[35.329336,31.54403],[35.332818,31.543289],[35.334463,31.544145],[35.33556,31.545458],[35.334352,31.547632],[35.336012,31.550709],[35.337321,31.551989],[35.340781,31.551005],[35.34161,31.551407],[35.342049,31.552404],[35.342074,31.553714],[35.337771,31.558132],[35.338938,31.559226],[35.344786,31.559329],[35.350132,31.561812],[35.351171,31.561458],[35.353234,31.558815],[35.354554,31.558107],[35.356484,31.55809],[35.357481,31.558672],[35.358566,31.561955],[35.361527,31.562422],[35.363724,31.561572],[35.364784,31.561881],[35.365285,31.562767],[35.36514,31.563946],[35.365549,31.564769],[35.366214,31.564861],[35.36703,31.564824],[35.367437,31.564239],[35.368167,31.561771],[35.368231,31.561259],[35.366933,31.560339],[35.368816,31.559871],[35.369476,31.56071],[35.369968,31.558958],[35.370584,31.559773],[35.371562,31.559208],[35.371663,31.560402],[35.373198,31.561138],[35.372975,31.562169],[35.373585,31.563217],[35.374865,31.563798],[35.375916,31.56333],[35.377551,31.563873],[35.379711,31.562264],[35.38135,31.562377],[35.383833,31.560635],[35.385707,31.560816],[35.39383,31.566879],[35.397754,31.567804],[35.399131,31.564818],[35.399708,31.561825],[35.398209,31.560352],[35.398288,31.558774],[35.407749,31.553666]],"type":"LineString"},"properties":{"placeId":"a4446f1","name":"Ziz","type":"wadi","landOrWater":"water","proposed":true,"role":"gcd0324.simplified"}},{"type":"Feature","geometry":{"coordinates":[[[[36.64066,34.57991],[36.61737,34.57991],[36.52419,34.54092],[36.26796,34.40447],[36.05832,34.13156],[35.82538,33.78068],[35.80209,33.74169],[35.80209,33.66371],[35.82538,33.58574],[35.91855,33.54675],[35.94185,33.54675],[35.96514,33.54675],[35.98844,33.54675],[36.01173,33.54675],[36.03502,33.54675],[36.15149,33.68321],[36.66395,34.32649],[36.73383,34.52143],[36.64066,34.57991]]],[[[35.84867,33.72219],[35.87197,33.7027],[36.1049,33.68321],[36.1282,33.7027],[36.29125,33.93662],[36.66395,34.44345],[36.68725,34.54092],[36.66395,34.56042],[36.64066,34.56042],[36.54748,34.54092],[36.4776,34.50194],[36.38443,34.40447],[36.08161,34.09257],[35.91855,33.91713],[35.84867,33.80017],[35.82538,33.76118],[35.84867,33.72219]]],[[[36.64066,34.54092],[36.61737,34.54092],[36.59407,34.54092],[36.52419,34.52143],[36.5009,34.50194],[36.4776,34.48244],[36.45431,34.46295],[36.31455,34.32649],[36.1049,34.11206],[35.96514,33.95612],[35.91855,33.89764],[35.87197,33.81966],[35.84867,33.74169],[35.87197,33.72219],[35.89526,33.72219],[35.94185,33.76118],[35.96514,33.78068],[35.98844,33.80017],[36.01173,33.81966],[36.03502,33.83916],[36.05832,33.85865],[36.1049,33.89764],[36.1282,33.91713],[36.15149,33.93662],[36.17478,33.95612],[36.33784,34.13156],[36.40772,34.20953],[36.66395,34.50194],[36.66395,34.52143],[36.66395,34.54092],[36.64066,34.54092]]],[[[35.89526,33.80017],[35.91855,33.78068],[35.94185,33.78068],[36.03502,33.83916],[36.05832,33.85865],[36.1282,33.91713],[36.15149,33.93662],[36.17478,33.95612],[36.31455,34.11206],[36.43102,34.24852],[36.54748,34.38497],[36.57078,34.42396],[36.57078,34.44345],[36.5009,34.48244],[36.4776,34.46295],[36.45431,34.44345],[36.43102,34.42396],[36.40772,34.40447],[36.31455,34.307],[36.08161,34.07308],[35.98844,33.97561],[35.91855,33.89764],[35.87197,33.81966],[35.89526,33.80017]]],[[[35.91855,33.87814],[35.89526,33.80017],[35.91855,33.78068],[35.94185,33.78068],[36.15149,33.93662],[36.17478,33.95612],[36.29125,34.09257],[36.40772,34.22903],[36.52419,34.36548],[36.52419,34.38497],[36.52419,34.40447],[36.5009,34.42396],[36.4776,34.44345],[36.45431,34.44345],[36.43102,34.42396],[36.40772,34.40447],[36.31455,34.307],[36.22137,34.20953],[36.1282,34.11206],[35.98844,33.95612],[35.91855,33.87814]]],[[[35.94185,33.89764],[35.94185,33.87814],[35.96514,33.85865],[36.01173,33.83916],[36.03502,33.85865],[36.05832,33.87814],[36.08161,33.89764],[36.1049,33.91713],[36.1282,33.93662],[36.15149,33.95612],[36.31455,34.13156],[36.40772,34.24852],[36.40772,34.26801],[36.24467,34.22903],[36.1282,34.11206],[35.98844,33.95612],[35.94185,33.89764]]],[[[35.94185,33.89764],[35.94185,33.87814],[35.96514,33.85865],[36.01173,33.83916],[36.05832,33.87814],[36.08161,33.89764],[36.1282,33.93662],[36.15149,33.95612],[36.31455,34.13156],[36.33784,34.17055],[36.31455,34.19004],[36.29125,34.19004],[36.26796,34.19004],[36.24467,34.19004],[36.17478,34.13156],[36.15149,34.11206],[36.1282,34.09257],[36.1049,34.07308],[36.08161,34.05358],[36.01173,33.97561],[35.94185,33.89764]]],[[[36.01173,33.97561],[35.96514,33.91713],[35.96514,33.87814],[35.98844,33.85865],[36.01173,33.85865],[36.03502,33.87814],[36.05832,33.89764],[36.08161,33.91713],[36.1049,33.93662],[36.1282,33.95612],[36.15149,33.97561],[36.29125,34.13156],[36.26796,34.13156],[36.24467,34.13156],[36.1282,34.09257],[36.1049,34.07308],[36.01173,33.97561]]],[[[35.98844,33.89764],[35.98844,33.87814],[36.01173,33.87814],[36.03502,33.87814],[36.05832,33.89764],[36.08161,33.91713],[36.1049,33.93662],[36.1282,33.95612],[36.1049,33.95612],[36.08161,33.95612],[36.05832,33.95612],[36.03502,33.93662],[36.01173,33.91713],[35.98844,33.89764]]]],"type":"MultiPolygon"},"properties":{"placeId":"a4aa78a","name":"Zobah","type":"region","landOrWater":"land","proposed":false,"role":"gffb7d8.isobands"}},{"type":"Feature","geometry":{"coordinates":[[[35.23161,31.94427],[35.22053,31.94378],[35.20958,31.9423],[35.19886,31.93987],[35.18851,31.93649],[35.17863,31.93221],[35.16933,31.92708],[35.16071,31.92115],[35.15288,31.91449],[35.1459,31.90717],[35.13987,31.89927],[35.13485,31.89088],[35.13088,31.88209],[35.12802,31.873],[35.1263,31.8637],[35.12573,31.8543],[35.12632,31.8449],[35.12807,31.8356],[35.13094,31.82651],[35.13492,31.81772],[35.13996,31.80934],[35.146,31.80145],[35.15298,31.79414],[35.16082,31.78749],[35.16943,31.78157],[35.17872,31.77645],[35.18858,31.77218],[35.19892,31.76881],[35.20962,31.76637],[35.22055,31.7649],[35.23161,31.76441],[35.24267,31.7649],[35.2536,31.76637],[35.2643,31.76881],[35.27464,31.77218],[35.2845,31.77645],[35.29379,31.78157],[35.3024,31.78749],[35.31024,31.79414],[35.31722,31.80145],[35.32326,31.80934],[35.3283,31.81772],[35.33228,31.82651],[35.33515,31.8356],[35.3369,31.8449],[35.33749,31.8543],[35.33692,31.8637],[35.3352,31.873],[35.33234,31.88209],[35.32837,31.89088],[35.32335,31.89927],[35.31732,31.90717],[35.31034,31.91449],[35.30251,31.92115],[35.29389,31.92708],[35.28459,31.93221],[35.27471,31.93649],[35.26436,31.93987],[35.25364,31.9423],[35.24269,31.94378],[35.23161,31.94427]]],"type":"Polygon"},"properties":{"placeId":"a4d0250","name":"Zuph","type":"region","landOrWater":"land","proposed":false,"role":"ga81f57.geometry"}}]}